# Resource object code (Python 3)
# Created by: object code
# Created by: The Resource Compiler for Qt version 6.10.2
# WARNING! All changes made in this file will be lost!

from PySide6 import QtCore

qt_resource_data = b"\
\x00\x01\x11x\
\x89\
PNG\x0d\x0a\x1a\x0a\x00\x00\x00\x0dIHDR\x00\
\x00\x02\x01\x00\x00\x02\x01\x08\x06\x00\x00\x00\xd0\xe6la\
\x00\x00\x00\x01sRGB\x01\xd9\xc9,\x7f\x00\x00\x00\
\x04gAMA\x00\x00\xb1\x8f\x0b\xfca\x05\x00\x00\x00\
 cHRM\x00\x00z&\x00\x00\x80\x84\x00\x00\xfa\
\x00\x00\x00\x80\xe8\x00\x00u0\x00\x00\xea`\x00\x00:\
\x98\x00\x00\x17p\x9c\xbaQ<\x00\x00\x00\x06bKG\
D\x00\xff\x00\xff\x00\xff\xa0\xbd\xa7\x93\x00\x00\x00\x09p\
HYs\x00\x00\x0e\xc4\x00\x00\x0e\xc4\x01\x95+\x0e\x1b\
\x00\x00\x00\x07tIME\x07\xe9\x05\x01\x0a\x151\xe6\
?k\x07\x00\x00 \x00IDATx\xda\xec\xddY\
\x90\x5c\xd7}\xe7\xf9\xef\xdds_j\xc9\xda\x17\x00\x85\
}#A\x82$\x08P\x12Wm\xa4lY\x16\xbdj\
dY\xeeh\xa9\xbd<\xcc<t\xcc\xc4<L\xcc\xf4\
L\xc4L?LDG\xdb3\xf6\xc8m\xbbe\x8f\xdc\
m\xcb\xea\x96\xdb\x96(J\x94D\x8a\x04\x09.\xd8\x88\
\x1d\xa8*\xa0\xaaP{\xeey3\xef>\x0f\x05\x90\xb4\
\xa7\xbb3A\xa6\x04\x92\xf8\x7f^\x14\xe0-U\xd5\xbf\
\xce\xb9\xff\xfc\xe59\xf7\xdeTv\xec\xb97B\x08!\
\x84\x10w\x1cU\xfe\x04B\x08!\x84\x84\x00!\x84\x10\
BH\x08\x10B\x08!\x84\x84\x00!\x84\x10BH\x08\
\x10B\x08!\x84\x84\x00!\x84\x10BH\x08\x10B\x08\
!\x84\x84\x00!\x84\x10BH\x08\x10B\x08!\x84\x84\
\x00!\x84\x10BH\x08\x10B\x08!\x84\x84\x00!\x84\
\x10BH\x08\x10B\x08!\x84\x84\x00!\x84\x10BH\
\x08\x10B\x08!\x84\x84\x00!\x84\x10BH\x08\x10B\
\x08!\x84\x84\x00!\x84\x10BH\x08\x10B\x08!\x84\
\x84\x00!\x84\x10BH\x08\x10B\x08!\x84\x84\x00!\
\x84\x10BH\x08\x10B\x08!\x84\x84\x00!\x84\x10B\
B\x80\x10B\x08!$\x04\x08!\x84\x10BB\x80\x10\
B\x08!$\x04\x08!\x84\x10BB\x80\x10B\x08!\
$\x04\x08!\x84\x10BB\x80\x10B\x08!$\x04\x08\
!\x84\x10BB\x80\x10B\x08!$\x04\x08!\x84\x10\
BB\x80\x10B\x08!$\x04\x08!\x84\x10BB\x80\
\x10B\x08!$\x04\x08!\x84\x10BB\x80\x10B\x08\
!$\x04\x08!\x84\x10BB\x80\x10B\x08!$\x04\
\x08!\x84\x10BB\x80\x10B\x08!$\x04\x08!\x84\
\x10BB\x80\x10B\x08!$\x04\x08!\x84\x10BB\
\x80\x10B\x08!!@\x08!\x84\x10\x12\x02\x84\x10B\
\x08!!@\x08!\x84\x10\x12\x02\x84\x10B\x08!!\
@\x08!\x84\x10\x12\x02\x84\x10B\x08!!@\x08!\
\x84\x10\x12\x02\x84\x10B\x08!!@\x08!\x84\x10\x12\
\x02\x84\x10B\x08!!@\x08!\x84\x10\x12\x02\x84\x10\
B\x08!!@\x08!\x84\x10\x12\x02\x84\x10B\x08!\
!@\x08!\x84\x10\x12\x02\x84\x10B\x08!!@\x08\
!\x84\x10\x12\x02\x84\x10B\x08!!@\x08!\x84\x10\
\x12\x02\x84\x10B\x08!!@\x08!\x84\x10\x12\x02\x84\
\x10B\x08!!@\x08!\x84\x10\x12\x02\x84\x10B\x08\
\x09\x01B\x08!\x84\x90\x10 \x84\x10B\x08\x09\x01B\
\x08!\x84\x90\x10 \x84\x10B\x08\x09\x01B\x08!\x84\
\x90\x10 \x84\x10B\x08\x09\x01B\x08!\x84\x90\x10 \
\x84\x10B\x08\x09\x01B\x08!\x84\x90\x10 \x84\x10B\
\x08\x09\x01B\x08!\x84\x90\x10 \x84\x10B\x08\x09\x01\
B\x08!\x84\x90\x10 \x84\x10B\x08\x09\x01B\x08!\
\x84\x90\x10 \x84\x10B\x08\x09\x01B\x08!\x84\x90\x10\
 \x84\x10B\x08\x09\x01B\x08!\x84\x90\x10 \x84\x10\
B\x08\x09\x01B\x08!\x84\x90\x10 \x84\x10B\x08\x09\
\x01B\x08!\x84\x84\x00!\x84\x10BH\x08\x10B\x08\
!\x84\x84\x00!\x84\x10BH\x08\x10B\x08!\x84\x84\
\x00!\x84\x10BH\x08\x10B\x08!\x84\x84\x00!\x84\
\x10BH\x08\x10B\x08!\x84\x84\x00!\x84\x10BH\
\x08\x10B\x08!\x84\x84\x00!\x84\x10BH\x08\x10B\
\x08!\x84\x84\x00!\x84\x10BH\x08\x10B\x08!\x84\
\x84\x00!\x84\x10BH\x08\x10B\x08!\x84\x84\x00!\
\x84\x10BH\x08\x10B\x08!\x84\x84\x00!\x84\x10B\
H\x08\x10B\x08!\x84\x84\x00!\x84\x10BH\x08\x10\
B\x08!\x84\x84\x00!\x84\x10BH\x08\x10B\x08!\
$\x04\x08!\x84\x10BB\x80\x10B\x08!$\x04\x08\
!\x84\x10BB\x80\x10B\x08!$\x04\x08!\x84\x10\
BB\x80\x10B\x08!$\x04\x08!\x84\x10BB\x80\
\x10B\x08!$\x04\x08!\x84\x10BB\x80\x10B\x08\
!$\x04\x08!\x84\x10BB\x80\x10B\x08!$\x04\
\x08!\x84\x10BB\x80\x10B\x08!$\x04\x08!\x84\
\x10BB\x80\x10B\x08!$\x04\x08!\x84\x10BB\
\x80\x10B\x08!$\x04\x08!\x84\x10BB\x80\x10B\
\x08!$\x04\x08!\x84\x10BB\x80\x10B\x08!$\
\x04\x08!\x84\x10\x12\x02\x84\x10B\x08!!@\x08!\
\x84\x10\x12\x02\x84\x10B\x08!!@\x08!\x84\x10\x12\
\x02\x84\x10B\x08!!@\x08!\x84\x10\x12\x02\x84\x10\
B\x08!!@\x08!\x84\x10\x12\x02\x84\x10B\x08!\
!@\x08!\x84\x10\x12\x02\x84\x10B\x08!!@\x08\
!\x84\x10\x12\x02\x84\x10B\x08!!@\x08!\x84\x10\
\x12\x02\x84\x10B\x08!!@\x08!\x84\x10\x12\x02\x84\
\x10B\x08!!@\x08!\x84\x10\x12\x02\x84\x10B\x08\
!!@\x08!\x84\x10\x12\x02\x84\x10B\x08!!@\
\x08!\x84\x10\x12\x02\x84\x10B\x08!!@\x08!\x84\
\x90\x10 \x84\x10B\x08\x09\x01B\x08!\x84\x90\x10 \
\x84\x10B\x08\x09\x01B\x08!\x84\xb8\xe3C\xc0\xc0@\
\xaf\xfc\xe5\x84\x10B\x08Y\x09\x10B\x08!\x84\x84\x00\
!\x84\x10BH\x08\x10B\x08!\x84\x84\x00!\x84\x10\
B\xbc\x0f\xe9\x1f\xe4_>?9\xc8\xcfM\x1am\x93\
Lh{\xb8q\x83\x98\xd2\xe6\x0b5\xd0|\x08\xda|\
]\xe4{TT\x83\x5c\xbb\x1f\x1c\x05\x14\x9b*=\x89\
v?8\xa2V\x0fI\xa54\xda}\xa5\x11)\xf8J\
D\xd4\xa5\x9a\xbb_\x0b\x10)(m\x7f\xc7\xcek\xee\
~->\xa7\xdeX\xe4\xb5\x9a4\x80\xf7r^}\x98\
\xe6\xe2\xca\xe5%\xfen\xdeo[\xcb\x1d\xf9N1\x97\
\xe7\xf3\xfbS$\xef\xa4\xbe\xe85x\xf6\xa5\x22\xf3w\
\xc0\x84x\x9f\x86\x00\x85\xb8\xa5\xe0\x05\x0a\x16!\x8e\xaa\
a\x04>\x81\xae\xa3\xf9\x01\x91\xa6\x10\xa2\xd1?\x98\xe7\
\x89}q\xb46\xdf\xcd[\xacQ\x1fL\x93o7\xf0\
n\x8b\xba\x11#\xdd\xee\xebZ5.\x18iv\xb4\xfb\
\xc1\xa1\xcb\xa9U\x83}\x03\xed'\xfb\xd5k\x0e\xa3\xe3\
\xb1\xb6\xb5\xf8%\x175o\xb6m\xd0\x1d\xd7\xfcS\xa8\
e\xa5\x0c\x85\x5c\xf7j\xee~-\x0e\xce\x85\x15\xce9\
!.\x1a\x9a\x1f\x80\xa9\x12\xb4B\x8c\xb8\x8a\xe7D\xe8\
\x1aD\x9aB\xd0\x0a\xf0>4\xa7{w\xcf\xab\x0f\xd3\
\x5c\xbcX]\xe5{+\x11J\x10ah\xd0\x08\x14\x92\
jH\x13\x8d\x04\x01-EE\x09\xc1TB\xea\xde\x87\
\xe7\x95A\xd15\xe2QHdl\xcc{\xcb\x84\xa6\xa7\
\x904\x22\xec@\xc1$\xc2\xcc\xa7\xf9\xd8\xbe>z\xee\
\xa8\xbe\xa8r\xe2X\x99\x92\x12}\xe8{DWB\xc0\
\x81\x87&\xc8\x9e\xbc\xca\x0f\xab\xa0$\xf2|\xf9\x01\xf8\
\xeb\xe7J\x94\xd5\x04\x9fy<\xc3\xf9g\x97\xb8\x18\x82\
\x9a\xeb\xe3\x0b\x9b[\x9c\x8e\xf7\xd1sn\x09\xe5\xde\x1e\
\x16\x7fXc\xf7\x93i\xce=\xd7b\xcbX\x80=\x9c\
\xa2~\xd6\xe7\xc1#\x09fW,\x0e\xb2\xc6+\xa9\x01\
\xa6\x16\x97X\xd92Laz\x05g$F-J\x92\
jHn\x17\xef\xee\xc50\xb7y\x8c\xff\xf1\xa0\xc3Y\
\xb3\x87\xde\xe9U\xa2\xbd9V\x8e\xd6\xd9\xf6h\x8a\xcb\
/\xb5\xd8<\x12a\xf7\xeb\xbc\xf8\x8de\xfa\x0f%\xb8\
\xb4\x1c\xe7\xc1p\x89\xe73#\xec\x9a_`i\xc78\
C\x17\x16i\x8eY\xacEY\xc6*6\xe3\xbd6\x7f\
\xf0r\x9d\x00\x85\xa9\x83\x93\xec\x9b\x9b\xe5o\x96\x22\xd2\
Sc\xfc\xb2\xb6\xc4\xd7.x\x9d\xbf\xd3TS\xfc\xe2\
\xe3\x09^{v\x85\xd9\x10\x8c\x89\x11\xbe\x9a]\xe7_\
\x9fjA\xb6\x8f\xaf\xeeu\xf9\xdaO\xaa8\xc8y\xd5\
\x95w\xbb\xf1$\xbf\xf0d\x81\xccu\x87]c.\xdf\
\xbc\x9e\xe4s\xa92\xdf\x8d\xfa\xf9\xa4\xb2\xcaK\xb1,\
\xa9\xaa\xc2\x94=\xc7\xffQ\xec\xe5q\xb7\x8c\xbb#\xc9\
\x9b/\xba|\xe4\x9e\x88o\x9d\xb3\xf8\xcd].\x7f~\
\xd5\xe2`\xe4R\x98\x80\x8ba\x1a\xa3\x83\xbe\xd8\xa9\xde\
\x1d\xe3<\xe5-\xf0gW\x02\x22%\xc6\x13O\xf4\xb2\
\xf2\x83\x05N\xf8\x0a{\x0eM0z\xe1*\xdf-F\
\x80\xc2\xdeC#\xa4\xaf:\xdc3\xd9\xe2\x8f\xe7\xd3\xfc\
F\xa6\xc8\xb7\xc2\x01>\xa7.\xf3\x5c,Gl]\xe5\
\x81\x5c\x83\x13\x99A\x1e\x0f\xab\xb46'\xb9\xf2\xba\xcb\
\xc1=\x11\xcf\x5c6yz\xab\xc7\xb7\x16,\x0eh.\
\xf9\x01\xeb\x0e\xdc7V\x19\xda5\xce\xd3\xe3\xdd\xeb\x11\
\xdb\xd4\x88\xd8\xfa|\x07\xe3\xf7\x01\x0c\x01o\xbcp\x15\
\x14\x8b\xbb\xb6\xeb\xcc\x5c,\xf1\xb5\xe7 Q\xc8\xb1\xcf\
\xa9\xf0\xedg\xec\x1b\xc7\x12$\xa2&\x7f?\xa73\xe4\
-0[H\xc1\x0b\xeb\xa4w\xc4x\xfe\xdb\xeb\x0cl\
5xmM\xc5\xb8\xbc\x84\xb2y\x94\xaci0\x94\xd6\
\x88\x11g(\xa6\x92\xc9\xc5\x89L\x95l.\x86g\x19\
\x18(\xb8\x12\x02\xc4\xbb\x94\xcc\x1a\xc4\x13\x0a\x05]%\
\xd3\x13#24\xd4~\x8b\xb4\xaaS\xe85I\xc4#\
L=\xa2o\xd2\xe4\xd4\xf1&}\xe9*\xdfV3l\
.\xcds2\x9b%\xfd\xc6,\xc7\x0bi\x8ci\x8f$\
\xd7\xf8\x8f\xeb!\x5c\x82\xf4`\x9e\xadN\x997^\x9d\
\xe1\xb2b\xb2g\x8b\xce\xec\xe59\xfe\x1f6\x8emi\
\x959Q\xee`\xde\x86u\xfe\xfa\x99:J*\xcd\x91\
\xbc\xc3\x8bW\x17\xf8W(\x8cLfQ\xe7\xd7\xf8\xfd\
\x9f\x80\x92Js8\x1fa\xc7\xe5\xbcz\xcf\xb1\xd0\xb4\
\x18\x88i$s\x06\x96\xa50\x91\xd5\xb1b1FQ\
\xb1\x881hj\x98\x81\x82\xe2'\xd8m\xaf\xf0\xa2\x1e\
G{\xbe\xca\xe0\xa4\xce\xb7\xdf\x80\xfd\x03U\xfe\xef\xd7\
u\x0e\xe4[\xbc\x89F\xf5\xf9:\xc5\xa8\xd8\xbe/n\
\xd3\x99\xbe\xd8\xa0\xda\xc1\xef\xb8~\xfe\x1a\x7f\x8a\xca\xf8\
\x96\x1c\xea\x5c\x99\xef=\xb3\x80\x92Hr_\xc1\xe5\xd5\
\xa3\xb3\xbc\x89\xca\xf8\x96,)GA;\xbfB9\xa7\
\xf3gg\x0d\x1e\xcc\xae\xf3\x17kI\xf6*\xd7\xf9z\
\x94b\xca\xab\xe0%C\xfe\xe8J\x8c\x9f\xff\xa8N*\
\x8ca\x19:C\xbd\x107#\xc6\xf2:\xba\x09\xa3i\
\x8d\x94b\x12\xbbS\xdf(\xe4\xf5\xae\xf6\x88\xbf\x5c\x0f\
\xa1\x83\xf1S\xae\x95\xb9\xfa3\x5cZ\xe8\xe2v@H\
\xb5\x11\xe0\xdf\xe8\x1f\x81\xe3Q\xbb\xf9\x0fB\xaa\x0d\x9f\
P\x09\xf1\xbd\x00\xdb\x0fi\xb5\x02\x08#T;\xc0#\
\xc2n\x86\xb8^D\x18*\xf4gM2\xa6\x0e)\x8d\
81\x06\x0c\x95t.\x86n*$\xb2\x16AL#\
\x06\x5c\x97\xd72\xf1n\x97\xc5\xd3\x06\x89\x98J\x9f\xa6\
\x12\xcf\xc5\x88t\x1d\xb3\xcf$\xa1h\x14\xf2\x06\xe9d\
\x84\xaf\xb9\xf8-\x1f7\x0cix!\x9e\xe2S\xf7#\
\x5c\xc7\xc7\x0e\x22\xdcV@\xe8\x87\xff`\xbf\xd2w<\
*\xde\xdb\xe7D\xdd\x0e\x08\xdeq\xac\xea\xdf\xe2\xaf\x1a\
\xf8\x14[o\xbf]l5}\xd4\xe8\xedc\xa5\x16\x04\
 \xe7\xd5{}\xdfgZ\xf4Y*\xb1\x8c\x8ee\xa9\
\x8ce4,\xc3b8R1\x95\x18\x05MGW\x80\
rH\xcd\x8bp\x83\x005\x0c\xa97\x03\xbc\x00\xaa\xad\
\x90 \x08\xa8\xb9!\x0e\xbc\xd5\x07\xdb\xf7\xc5\x80[\x9d\
\x12-\xdbG\xb99%\x82\x80\xb2\x13\xbd\xe3\x98\x87\x12\
\xa8x~\x84\xef\x84\x04\x81O\xc5\x8d\x08<\x9f\x1a\x11\
>\x01\x0d?\xc4wC0\x0c\x86R*\xc9\xc8$\xd0\
u\x82\x1e\x85\x98\x05\xa3Y\x15\xc3T\x19Nk\xa4\x15\
\x153\xf2\xef\xc8\x1e\x91\xcd\xfdtzD\xbb\xf1\xfbY\
_\x98\xd2\x95U\x9e\x03\x0fM\xf0p\xdacz\xbe\x85\
\x9d\xc8\xf3[\x8f\xe4\x89W\x1a\xcc4\x13|\xe6\xe3\x83\
lS<\xa6\xe7k\xbcYK\xf2\xf3\x9b!w\xd7\x18\
\xbb\xea.\xbb>\xd6G\xec\x9a\xc2\xe3?\xd7O\xbc\x12\
\xe3\xf0\x90\xce\xde\x87\x87\xb8{@\xe5\xd8\xb1\x1a\xde\xda\
u\xfe\xdd\x9a\x05\x17\xe68\xaa\xc4Y~e\x86\x97P\
9y\xae\xc9\xd2\xd9k\xfc\xb0./g\xe2\xdd\xc9\xc6\
\x1b|\xf3RD\xf9\xe45N\xc64\xde\xfc\xd1\x0a\x8d\
\xe1\x90g\xfe\xc3\x0a\xd5T\x93\x1f\xcf\xb9\xbc\xf1\x83\x05\
\x9e_\x88\xb8\xef\xde$J\xdf0\x9f\xcf\xd9xSc\
\xdc\xef\xd9\xf4\xdf\xb7\x89\x07\xc2\x80\xdd\xdb,\xb2\xdb\xc6\
\xf9\xec\xb6\x02\xbf\xfb@\x0a\xb7T\xe7J\x1d\xa6\x0en\
\xe2\x17\x06\x02f\x17\x1d\xf4\xa91\xfe\xc9v\x83V\xa9\
\xcet\xbd\xc33\x5cM\xf1\x8b\x1f/0\xe149\xbb\
\xea\xa3O\x8c\xf0{\xfb,J\xcb\x0d\xd6S}\xfc\xf6\
\x91\x0cf\xb3\xc9\xd9\xd5&\x97\xe4\xbc\xea\xc2v@\x9c\
\xe6\x9bK\x5c\x0dj\xfc\x9b\xe3>[\x9a+\xfc\xc9\xbc\
A\xcf\xf59\xfex^\xc3\xb9\xb0\xcere\x85\xdf\x7f\
\xa3\xc2ln\x90G,8\xfcp\x1eo\xcd\xe2\xf3\xf7\
Y\xcc\xb89~\xf7\x01\x8b\xa5x\x9e\x83\xf18O\x7f\
\xac\x97\x87:\xe9\x8b\x0b-\xec[\xd8\x0e\xf8\x8d-\x0a\
\xab\x8bu\x96\x83\x18O||\x84\xfdA\x8b\x8b\xeb\x01\
\xbb\x0fM\xf2\x89\x9e\x88\x95\xc5\x06WW\xea\xc4\xf7\x0e\
2\xa4\xa4\xf9\xad}\x1ag\xcc~~c\xd8eep\
\x94/\x0f\xbb\xa8\xdb\xf2d\xe2\x05\xbe\xba;\xc5Xy\
\x89g\x1a\x11/>W$\xca\xb5\xf8\xabWZ\x8c\xea\
e\xfe\xd5\xd1\x16}\xf5u\x8eV\x1a\xfc\xbb\x93\x0e\xe1\
\x9d7#\x18H\xd5\xbb\xda#~\xf5\xfe\x89\x8e\xc6o\
\xe5g\x9c\xb9\x94\x1d{\xee\xbd\xe5\xdc10\xd0\xcb\xf2\
\xf2\xfa\xff\xef\x8f\x96M\xa9\xd8u\x1f\x0f\xd0L\x83T\
t\xf3]\x91J6\xa5\x11\xf9\x01\xb6\xaf`D!\xa1\
\xa1\x81\x1b\xa2[\x0an3\xc2\x88)\xf8\x01(\x81\xc2\
\x8e\xfb6\xf1\xa5=\x065[c\x80&\x8bF\x92|\
\xa3\x8e\x9dK\x93(\xdb\xf8I\x0d\x07\x95\xa5\xeb!\xf7\
\xef\x94\x0b\x03\xdfS\xcdw\xe4\x85\x81\x1eg\x96\x02F\
\x92\x01kj\x8cx\xc5\x86~\x0b{\xc1\xa3g\xc2\xa4\
\xb4\xe0\x93NE\x04q\x87o\xfe\xc55^u\x22t\
5\xc2Q4\xac0\xc0\xd74T? \xd05\x94 \
B%\xa0y\xe3\xc4\xd5c\x06\xa9\xc0\xa3|c\xdeg\
\x92\x0a\x8d\xc6\xc6j\x80\x1e3H\x06\xef\x5c)\xe8d\
\xadN\xa7\xd7\x08Yon\xb4\xe1X\xc2@iz4\
\xa3\x9b\xc7\x22\x9aQ\x84{\x1b\xce\xab\x0f\xd3\x5c\x9c9\
_\xc4\x1d\xc9\x10\xab\x07\xf4\xa6\x03.\xd6\x0d\xb6\x99\x0e\
3Q\x9c\xcdJ\x93\x05\xcdBw@\x9d\x9d\xe1\x7f{\
\xc3\xc6FE\xf1#\x0cK\xc1q!\xaeG4|\x85\
\xa4\x16\xe1\xa2\xe0\xbb7W\x80\xda\xf5E\x95F\xdd\xbf\
\x85\xd5\x00\x85xRGiz\xd8!\xa0\xe9\xe4\x8d\x90\
R+|\xeb\x98\xe6G\x84~@\xa4+\xb87~\xa7\
F\xa4\x92 \xc0F#\x16\x85Dj\x84\x93\xee\xe5+\
\x8f\x0f\xb1;r\xf1s:\xa5\xa5\x90\xa1\xfe\x88\x99\x92\
\xc6\x8e\x9e\x80\x8bU\x8d\x82\x12b\x11\xa0\xf4\xa7\xc8\xdd\
Q}\xb1\xc2\x8f\x96-\xee\xceu\xbbG\xb4\x1f\xbf\xb7\
\x8e}\x90V\x02nDi\x1e\xd8\xfb\xf6\x1f75\xd4\
\xc3\xc1\x9b\xffP\xe3<\xb0\xb7\x97O\xde\x9bel\xac\
\x9f\x8f\x16L\x0e\xdc;\xc0\xdd\xe9\x04\x8f~\xa4\x8f-\
f\x9cG\xee\xcf\xb1cS/w%#\xec\xba\x87\xed\
\xf9\x14\x9b\x11n\xd3\xa5\xe8\x844\xea.\x15/\xc2n\
\xb84\x5c\x9f\xaa+\xeff\xc5\xbb\x15\xe14}\x1c\xc7\
\xa3\xe2\x854j.u?\xa4\x5c\xf5hF\x01\xe5\x9a\
O\xb3\xe5c\x07\x0a\xa3\xfb\x0a\xec\xee\xcd\xf2\xc4T\x8c\
\xd1m\xc3|r\xc4d\xd7\xdd\xc3<\xd4\xa3\xb3\xeb\xae\
\x02w\x0f\xe7\xf9\xd8\xf0\xdb\xb70eG\xfa8\xd4w\
\xe3\xb4R-\xee\xd9\x91\x22\xa3\xbc\xe3X\xafrk\xa7\
U&\xc3c\x9b\xac\x1bMPerk\x9eM\xc6\xdb\
\xc7\x1e\xdd\x94\xe5\xd1{\xe4\xbcz\xcf3\xc2\xf7(\xbb\
!\xb5F\x80\xe7\xf9\xac\xd8!^\xcbe\xad\x15\xe1\xb5\
<\xcan@\xa5\x19B<\xc3S[\xe3l\xdd\xdd\xcf\
\x8eT\x8aO=\x90g\xa4'\xcf/\x1fH\x93\xcd\xe7\
\xf9\xdc\xce\x14\xbbw\xe6\x18R:\xec\x8b{Rm_\
\x90\xfeq\xcb\x9e\xda\xd1\xcb6\xeb\xe6\x82Q\x9a\x87&\
n\xde\xce\xa92\xb5\xa3\x87\xbb\xa7\x06xx \xce\xa1\
}\x19\xfa\x0a}|aO\x82\xc2\xa6A~a\xb3I\
\xdf\xa6\x01\x1e\x1fI\xf1\xd1\x9d\x09T\xdfg\xbd\x19\xd2\
\xb4=\xec \xa4T\xf3p<\x9f\xd5z\x80\xef\xf9\xac\
5C\xec\xa6\xff!\xba;\xe6\xd6zD\xbd\xfe\xd3\xe8\
\x11\xed\xc7o\xca\xfc\xd9V\xaa\xf5\x15\x86\xff\xa7[\xfd\
?\xa5R\x09\x1a\x8d\xe6[\xff\x9e\xda]`\xb4^\xe6\
\xa5\x99\x16\xb6\x95\xe2\xe3{Lf/\x94\xb8`[\xdc\
\x7f \x03\x8bU\x8e\xcf\xd59\xbbnrO\xba\xc1t\
2\x8bz\xa9\x88\xbf%\xce\xec\xd1\x06#\x07\xe3\x5c:\
\xee\xd0c9\xb8#Y\xf6nNS\xbb\xec0\x1c\xab\
\xf2\xe3\xa0\x87\x9d\xebK\x5c\xe8/\x9087\xc7\xecp\
\x1e{\xde\xc5\xac,\xf3c7\xcd\x83\xc3\x1d<'\xa0\
\xee\xe2\xa6,\xe2\xedN\xb6\xc0\xc7\xd5t\xacv_\xe7\
\xbb\xack\x16}\x1d\xdc\x0f\xbblk\x0c\xa4\xda\x9f\xe5\
\x95J@&\xab\xb7\xaf\xa5\x15\xa0\xc4;\xb8\xb7\xbe\xd3\
\x9a\x7f\x0a\xb54Z\x90\x8cu\xb1\xe6\xae\xd7\x12\x12\x1a\
M~x\xcddhu\x85\xa5\xf1<\xf5\xd7K\xe4\xef\
\x8ds\xe2\x99\x0a\x83{U\xce\xaf(\xd4\xcf.\xf2\x1f\
N\xd9\x14&U.T\x13l\xb7Wy#\x96\xa7\xe7\
\xda2K\xc3\xfd\xa4g\x8b8\x99\x88\xebz\x96mq\
\x83\x03#\x0a\xa7/\x95\xb8X\x87\xe1\xad\x03\xec\x0d+\
\xbc0\xddB\x19\xea\xe7\xb1\x9c\xcb\x9bW\xab\x5c\xeet\
\xa9]\x89q\xe4@\x8a\xd6L\x89WV}\xd4B/\
O\x15<^:_c-\x96\xe1\xc9m\x1a\xd3\xd7\xaa\
\x9c^mr\xa9x\x9b\xce\xab\x0f\xd1\x5c\xac\xb6t\x98\
_\xa7\xde\x07?\x9a\xd6y2_\xe5\xdfW\xb3\x1cq\
\x97\xf8V+\xc7\xb6b\x15\xcf\xb2\xf9\x7f\x8f\xaep,\
\xcc\xb0\xb9RC\x9f48u\xdce\xe7\xb8\xcfw\xa6\
5\x1e\x1bq\xf9\xee\xb2N\x7f\xddct\xd2\x22\xd1\x9f\
c\xb0]_\x9c\xef|; =Z\xe0#I\x9b\x97\
/\xd6X\x0a\x0c\x0e\x1c\xc8\x13\x9b+\xf2\xf2j\xc8\xf8\
\xce\x01\xb685N\xce6\xb8\xb6Z\xc7\x1b\xc9\xd2\x5c\
\x08\xd8\xd7k\xf3WKq\x0e\xabE\xbe\xef\xe5x \
(r\xdc\xb4(\xad\x1b<8\x99\xe1P\xa2\xc61=\
A\xf9d\x8d\xf1=\x1a?:\x15\xf1\xb1\xb1\x16\xff\xf6\
\xac\xca#Y\x9bS\xa1\xc2\x89\x8b>\xdb7%n\xcb\
\xf8\xdd\xbe\xbe\xe8\x11\xc6=^\x9a\xef^\x8f\xd8WH\
2e\xb4\x1f\xbf\xe5\x9f\xf1v@W.\x0c\x5c\x9c\xab\
\xa0;7\xc6\xd7kqb\x16Z\x1b\xff\xe0\xd2t}\
c\xe9\x12\x88\x9c&gWBjZ\x8dR\xcb\x87k\
\x0d\x9c\xd0\xc7\xb9\x12\xd2pB\xec\xf5\x88\xa0\xae\xd0S\
(\xf0\xf4=\x19\xfc \xcbg\x09q\xd4\x11\x0e\xfb\x01\
\xe1\xbd\xe3l\xf5\x02\xa2\x9d)\x82(\xce\xa1Y\xb9;\
@\xbc;\xae\x92\xe6\xa9\xed\x11\x1e#L\xf8\x01\x1c\xee\
\xc7\xb7#\xc6\x9e\x88\xe19\x11\xe3\x9b \xda4\xc0\xa9\
Ks\xcc,\x84\xd8\xae\xcb\xd9(\xa0\x5c\xaf\xe1\xb5B\
\xdc\x852\xa5\x86O\x18\x84\xb8\x04T}\x9f\xab\xd5\xf0\
\xc6\xdeiDq\xb1\x8cs\xe3\x82\x1f\xb7T\xe5\xb8\x12\
\xdc\xda\xf5>\x91\xc7\xb9\xe9\x80\x9b\x97\x10\x84\x95\x1a\xaf\
\xd6o|\x8fV\x93\xd7\xe7\xc2\xb7\x96\x90\xe5\xbc\xea\xc6\
J\x80\xcf\xc0\x9e\x01\x86\xfd\x88\xbd\xfb\xa0\x1e\xc4\xf9\x95\
\x9e\x10\x9b\x11~\x95\x80\x96\xd2\x8b\x12D|a{\x85\
\xff\xf9L\x9dK\xa1Gt5\xa0\xe6E\x9c]\x00\xc7\
vy}!\xa2\xd1t\x99!\xc2t\x15j\x81\x8b\xd2\
A_\xecTs\xbd\xc2\xa9(z\xeb\x85tz\xba\x86\
\x17n\xcc\xb7\xd5\xf92\x95\xe6\xdb\xefb\xd7\x96\xeah\
\xcd\x90F\x10\xe2\xb5\xea\x9cj\x06\xd8Q\x8d\x93\x8aO\
Qm\xa0z\x0a\xa7K\x16\xf7\xed/\xf0\x04!\xe1\x91\
^|'\xe2\xb3\xf7n<'\xe0\xcb\xf7F4\xfc\x14\
\x87\x89 \xee\xdc\x81\x0fQ\x8a\xb0\xbb\xdc#\x1aJH\
\xe8t2~\x1f\xc0\x95\x00\xcf\x09p\xd44O?\x96\
\xa5<]g\xb1\x15\x92\xdf6\xca\xa7bU\xdeX\x0d\
\xf0\xb54O?^\xe0\xfe\x09\x9d\xa5 \xc7!\xd5&\
{p\x98\xc2\x82\xc7\x81O\xf4b\x9f\xf6y\xf0\x914\
\x91\x9ab\xb8\x5c\xe6|]cr0\xe2\xec\x92B\xb6\
\xba\xce1?\x8eru\x85\x99D\x0aoz\x9d\x155\
\xe0j\xd3\xc0ta\xb4_V\x02d%\xe0\xd6k9\
{\xc1\xc6\x08\x1b\x9c\xf6-\x9a\x97\xd7Y\xcf\xe9\x5c~\
\xbd\x8a1\xaer\xe6\x84M\x14\xb5X\x8biX\x99\x04\
QE\xe7\xf0\x98\xcfra\x8cOh5\xc2\xdd\x13\xec\
)\x970\xf6\x0f3\x12\x18\xecM4x}\xc5\xa7\xe6\
\xc2\xe0\xee\x09\x9eJ\xd48\xb1\xea\xd3$\xc9\xcf?\x94\
fm\xba\xce\x8a\xa70\xb8{\x82O\xc7j\x9c\xa9F\
\x1d5\xa1f+\x84\xc2\x00\xffl'\xbc>\xd7\xa2\xea\
)\xdc\xf5\xe00\xa3\xcbe.\xda\x11Za\x80\xaf\xec\
\x883\xb5#\xc6\xfa\xed8\xaf>Dsqmv\x99\
SZ\x8c\xea\x5c\x93\xb4i\xf3\x9f\xe6U&\x9d\x12?\
\xa8\xc6\x18m\x149\xe6\xaa\xac-\x87\xf4\x99\x1a[\x92\
.\xa5\xd1>zW\xe1\xe1\x87S\x5c_M\xf0\xc5\xbb\
5\x8e\x15S|i\x9bJk \x89=Sc\xb9\xd5\
A_|,Cq\xc6\xa6\x93\x05\xa2\xd0\x0fh\xf8:\
\xf7\x7fd\x84\x89\xb5\x0a\x97j\x01AO?\xff\xcd\xb6\
\x88\xe3\xd7Z4C\x9d\xfb?2\xcc\xde\x9e<\xbb\xc3\
\x16\xc3\xbb\x12,4\xb3\xfc\xee\xf6\x80\x93\xf1A~-\
_\xe7lv\x98OZ\x01\x93\x13*\xaf\xce\xb4\xf03\
)\xfa\x8bU\x8ai8u\xaaI6\xe3\xf0\xfd\xcb!\
S\xa9&\xdf\x9b\x8f0*-\xd4\x94\x86\x954\xdb?\
q\xf5C\xd5\x17m~t\xca\xa5_\xb7\xbb\xd6#^\
[\xf2:\x1a\xbf\xb1\xd5*\xf3?\xc3=\x98\xae\x5c\x18\
8\xb6\xa5\x87\xd8B\x91K-P\xcc\x04\x87&\xe1\xf8\
E\x9b\xa6b\xb2wG\x8c\xa5\xf3UV#P\xe2)\
\x0e\xf5{\xcc\x9b)\x92\xd7\xab(\x93I*\x17Z\x0c\
\xef\x8b\xb1x\xde\xa3?\x1f\xe2\xe4\x93\xec\xd9V`\xb4\
\xec0\x94w9K\x8e\xbdv\x91\xb9\xfe^\xf2s\xab\
\x14G{0W]RQ\x99\x1f6\xfb\xf8'w\xcb\
\x85\x81\xef\xa9\xe6;\xf4\xc2\xc0\x05\xbb\xc9\x99E\x83\xcd\
^\x95\xcah\x1e\xe5R\x8d\x9e\xfd\x09f_\xb1\x19\xbf\
\xcb\xe4\xfa\x8a\x82\xb5\xb2\xcc\xd7_m20e\xb2Z\
5\xd9\x1cV\xb8\x14\xcf1T*S\x19\xec!\xb7\x5c\
\xc1\xcd\xeb\xd4\xa38=-\x97l\xdc\xe5\x85\xd9\x8d+\
\xa9\xfb\xc7{\x19*\xafs\xaa\x0aV\x7f\x9e{\x94*\
GWna5@\xb1\xb8k\x87\xc9\xb5\xf35\x8a\x11\
h\xf9,\x0f\xc5m~|\xdd\x83x\x92\x87\x86\x03^\
\xbc\xd2\x22\xe0\xf6\x9dW\x1f\xae\xb9\xd8\x22h\xd4i\x16\
L\xae,\x19<\xde\xdf\xe4\xfbv\x9a\x07\x95\x12/F\
y\xeer\xeb4\xd3!\xcf>\x7f\x9d\xd7\xa34\xbb\x02\
\x1b\x7f\xd0\xe2\xfae\x9fm\x13\xf0\xc6\xa2\xce\x91a\x9f\
\x97\xd7\x0d&#\x9fL/,\x07\x16t\xd0\x17;\x95\
\x1c\xc8\xb3'\xa8\xf0\xcaZ\x08\xe8\xec\xd8\x99\xa4v\xa1\
\xc2B\xa80\xb4\xa9\x87\xdc\xf2:\xe7l\x00\x85\x91-\
9b\xeb>\x13\xbd\x1e/\x94b\x1c\x8e78\x1ef\
\xb8G\xadrNO`4\x14\xa6F\xb3|zK\xc4\
e=\x899\xd7b|\xb7\xc1\x9b\x97\xe0\xf0\xb8\xcf3\
Wu\x1e\x1dp9\x1f\xe9\x14\xaf\x05<x_\xfe\xb6\
\x8c\xdf\xed\xec\x8b\xe7\xdd\x88\xb9\xe5\xee\xf5\x88!-\x84\
j'\xe3\xf7\x01\xdc\x0eh\xd4\x1c\xdc\xe0f\xc8\xf3Y\
\xa9\xb2\xb1T\x19\x85\x94*\x1e\xad\xe8\xed\xa4x\xbd\x1a\
R\xd3\x9a8~\x08\xeb\x0e\xad\xc8gi\xc5\xa1\xe6\x07\
D\xf5\x08?tp\xd0\xd9<\xaa\x91\xb0,\xf6\xa2\x91\
\xcbd0c\x1a\xe6X\x8e|BG\xd3T\xf4(\xcb\
\xd8\xbc,k\x8bw\x99~\xcd8\xbb\x07T2a\x86\
|\x5c\x87\xc9\x14\xa6\xaaamM\x91\xb2T\x92}\xa0\
%\x92\xf4\xbfVg\xb5\xe4Ro\x85,D\x11\xb6\xd7\
b\xd5\x09i\x96\x9a\xb8N@P\x01\x97\x16\x81\x1f\xd0\
\x0a\xc2\xb7^\xe4[\x0d\x87\x92w\xf3]\x8a\xc3J\x07\
\xcf5\xffG\xcbR\x14+\x1e7W\x0fC\xd7c\xe9\
\xe6\x8dZ\xbe\xcfr\xed\xed\x9f%\xe7UWf\x04}\
Ci\x82\xb8JfD\xc5\x8ci\xdc\x95\xd0I\x91\xe1\
ntz\xc2$\xbe\x11qW\x9f\xc6\xb1\xab-\x96\xc2\
\x80h\xdd\xc5\x0e\x02\xe6K\xe0\xb9\x01\xb3\xc5\x10\xa7\x19\
\xb2JH\xb5\x04\xb6\x02J'}\xb1C~\xcbe-\
\x8c\xdez\x81\xac\xbc\xf5=\x22\x9au\x07\xc5\x7f\xfb\xc5\
\xb3^n\xd1rB\x94r@\xd8r\x98\x0bB\x9c\xa8\
\xc95%\xa4\xae:\xe8\xae\xc2|3\xc2\xcc\xa5\xd8\xa1\
\x1a\xa8\x9b4\x92\xa6\xc2\xde1\x88%L\xee\x1dSH\
\xc4\x0d\xb6D*#\xfdM\x14\xe9\x11\xef\xb9G\xa8:\
hN'\xe3\xf7\x01\xdc\x0eh6<\x1a\xca\x8de\xaf\
+5\xae\xd6\x03r\xdbF\xf9T\xac\xc2+\xd7=\xdc\
\x1b\xdb\x01\x87&5\xe6\xfd\x1c\x87h\x90>8Ba\
\xde\xe5\xc0'z\xa8\x9d\xf0x\xf0\xd14\x81\x92bx\
\xbd\xc8Of<F\xc6B~<\xa31\xbc2\xc7\xb7\
\xfd\x0c\xea\xc9YN\xe4\xf3\xb8o\x5c\xe7\xba\xe1r\xaa\
\x91`\x00\xd9\x0e\x90\xed\x80wS\x8b\xcf\xcbG\xcbX\
Q\x89\x1f\xf9)j\xc7\xe6\xb8>b\xf2\xea\x7fZ'\
q\x97\xce\x0b\xcf\xd6\xd0\x82:\xf3\xb98}\xf9\x04a\
I\xe3\xf0\x98\xc7B\xdf\x18\x9f\xd4*\xf8{&\xd8\xb3\
^D\xdb?\xcc\xb0g\xb0;^\xe3\xd8\x92\xcb\x9a\x1d\
\xbd\xb5\x1d\xf0\xfa\xa2C5\xdc\xd8\x0eX\xbd\x5ce\xde\
\xe1\x16\xb7\x03B*5\x9f\xf0\xe6v\xc0U\x9b\xd5\xd6\
\x8d\xed\x80\xa5\x12\xa7\xab!ja\x80\xaf\xecH0\xb5\
\xd3b\xe5v\x9cW\x1f\xa2\xb9\xb8z\xfe*\xcf\xa8\x09\
\x96\xdf\xac3\x94\xa8\xf2\x7f\x9e\xd38`_\xe7\xdf\x14\
\xd3\xec)-\xf0\xb7\x9e\xce\xect\xc8\x8e\x1e\x8b\xa9\xa4\
\xc3\xfaH?\xf9\xa5\x90\x87\x1fN3\xb7\x14\xe7K\xf7\
\xa8\xbc\xb4\x96\xe27\xb7)\xd8\x85$\xf5\xcbU\x16\xea\
\x1d\xf4\xc5[\xd8\x0e\x08\x1c\x8f\x92{s9\xb9\xcc\xb9\
\xa2\x87{c9\xf9\xb5i\x9bjpc;\xa07\xcf\
\x9e\xa0\xc5\xe0\xce\x04\xd7\xec,\xbf\xb7\xd5\xe7\xf5\xd8 \
\xbf\x9e\xabq*3\xc2'\x0d\x9f\xf1I\x85\xa3g\xca\
\x5c\xd42\x8c^_a\xa9_\xe1\xb9gk\x0c\x0f\xd8\
\xfc\xe1\xb1\x90\x07{k\xfc\xd1y\xb0\x96\xeb\xc4\x07-\
\x92w\xdcv@\x83\xbf\xfa\xbe\xcd\xb0\xd9\xbd\x1eqt\
\xde\xa1\xd8\xc1\xf8} \xb7\x03\x0a#\x19\xcc\xd5*\xf3\
.\xa0[\xec\x19R\xb84\xd7\xc2Qt6\x8f[\x94\
\xae5(E\xa0\xc4\x12\xec\xcd\xf9\xac\x1aqbk\x0d\
\x94\xa18\xf5\xab\x0e\xfd[-\xd6f|r\x99\x10/\
\x93\xe0\xee}\xa3\x1c\xb6BR\xb1\x805%F\xc1k\
RM\xc4\x89Um\x9a\xe9\x18\x9a\x1dbF\x0d^X\
\x8c\xf1\xd4^\xd9\x0e\x90\xed\x80[\xdf\x0e\xb8\xee\x85\xb4\
\x1a\x1a\xf9\xd0\xa1\x95\x8eA\xd1%>\xa0S\xb9\xee\x93\
)h\xd4m\xd0\xeak\xfc\xe1\x7f\x5c'\x1c1(6\
tF\xa3\x06\xd7\xac\x14}\xd5\x1a\xf5\xbe,\xa9\xf5:\
~Z\xa3\x89E\xc6\xf1\x88[\x1e'\x177>\x1f \
7\x90\xa5\xafV\xe1\xb2\x0dF.\xcdv\xa5\xc1\x9b\xa5\
[\xb8\xf9W1\xd8:n\xb0|\xd5\xa6\x0a\xa8\xe9\x14\
\xfb\xac&'\xd7\x020\xe3\xec\xeb\x0bx\xf3\xba\xbb\xb1\
\x1dp\x9b\xce\xab\x0f\xdb\x5cL'B\x82\xa4F\xa9\xae\
\xb2)\xe13\xeb\x99\x8c*-\xe6\xa2\x18\x03\x81\x8bo\
F\x1c?:\xcd\xd7Wbl\x0eZ\x04}\x06+s\
\x01\x13Cp~U\xe3\xae\xfe\x80\xd3\x15\x9da\x02\x92\
YX\xf3\x0d\xe8\xa0/v*\xd6\x93fsP\xe7l\
%\x024\xc6'\xe24\xe7\xea\xac\x86\xd0;\x94!U\
\xaar\xb5\xb5\xb1\xaaQ\x18McV|\x86\xb2>'\
j\x16\xfb\xad&\xe7\xa3$;\x95\x063Z\x0c\xbd\xa9\
01\xda\xc3\xaf\x1f\x8c\xd3TM\xb4\xaaO\xa6Oe\
\xad\x04\xa3\x99\x90\xe9\xaa\xcad\x22`-R\xb1\x97Z\
\xf4Oe\xef\xb8\xed\x80\x0b\x91\x89\xd9\xec^\x8f\xe8U\
C\xc2z'\xe3\xf7\x01\xdc\x0e0L\x0d\xf3\xe6\x1fU\
QI\x987\x1f@\xa0\x10\xb3\xd4\x7f0\x80\xba\x0a\xaa\
z\xe3\xbfi\x0a\x0a\x0a\x9a\xa6\xa0*\xa0\xa9\x0a\xa1\xa6\
\xa0\xe03\xb7\xe82\xdc\xe3pA1\xb0\xec\x1a\xd7\xfa\
-z\x16\xab\xac\xeb\x06\xd6\xaaK*\xaas\xdd\xbb3\
\x9fj-\xde\xbb\xc8s\xb8\xb8f0\xe5\xd5(\x9b\x06\
,\xd8\xf4\xf4\xc7\x99\x9d\xb5\x99\xccY\xcc\x17\x15b\xcb\
6\xa5\x08\xf2\x1a(\xaa\x82\x1e\x82\xa2\xaah\x0a\xa8\xaa\
\x82\xae@\xa8)\xa8\xa8h\x9aJ\xd2PQ\xd8x\xea\
\xa7fh\xc4nL|USI\xa8\xca[\xc7:]\
\x9e\x8eY\x1b?\x8b\x08\x14M#i\xdc\xbc\xbf\x5c%\
i\xfe\xc3\xef$\xe7\xd5{\x9e\x11\x94V\x1a4\x0b&\
\x97\x97u\xc6\x0aM\xce64z\xd4:gC\x03\xcb\
m\xd2L\x07\x9c-\x86\xa0(\x1b\xe3\xa2)\xa8(\xe8\
*(\x8a\x82\xa1)(\x8a\x82\x06\xe8\xaa\x82aj(\
\x1d\xf6\xc5N\xa8\xbaFB\xb99\x8b\x14b\x96v\xe3\
\x1e~\x05\xdd\xd4\xfe\xc1\x0a\xa6\xaa*\xa8\x8a\x82\xae*\
\xa0l\xccU\x85\x8d\xffU\xb5\x1b\xc7\x14p+\x0d\xae\
\xe8\x0a\xd6|\x93\xf1\x9c\xc1\x85E\x85~\xd3\xe3\xd4u\
\x9d\x81\x01\x8f\xab\x91Nq=\xa4\x7f\xea\x0e\x9c\x11n\
w{\x84\xa1)hzg\xe3\xf7\xb3\xd4\x95\x87\x05-\
\xcc\x94\x98\xf6\xd3|\xfe\xb1>F\xfc&\xc7\xae4\x89\
o\x1b\xe5\xb3C>g/\xd6XS\xd3|\xfe\xb1Q\
~\xe3\xc18\xb5d?\xf7\x05MF\x1f\x1cfd-\
\xe2\xa3O\xf6\x12]\x8a8\xf2P\x8aDo\x8e\xc1\xa5\
2GOTI\x8c\xc2\xd9f\x86\xfd\xf6*'\x13=\
df\x97Y\x19-\x90\xbbVF\xcf\xf8,g\xfb\xb9\
+./f\xe2\xdd5\xfck3!\xbb\x12u\xae\xf5\
\xf5\xa0^(\xa2n\x8bq\xe5\xc5\x06\xe3\xf7'\x98>\
\xebS\xc0\xc1\xda\xdd\xc7\xe3G\x0ad\x9bq\x1e\x1f\xf2\
(\x8d\x8f\xf3\xa9X\x93\xf4\x81I\x0e\xd85Rw\x0d\
2l\xa6\xb9\xcf\xa8qn\xb5\xce\x8b\xd7\x5c\xfaw\x8d\
\xf3K\xe3*\xeb\xf3E\xdel$\xf9\xccC=d\x8a\
\x15\x8e\xad\x86\x14v\x8d\xf3\xf91\xa5\xd3\x0e\xc4\xe9\x8b\
u\xaa\xfd\x05\xbez \x09\xe5\x0a/.\x86\xec?4\
\xc2\x81\xa8\xc1K\xb3-(\x14\xf8\xa7\x07\xfa\xf8\xbc\x9c\
W\xef\x99_\x5c\xe7J>Eu\x01\x0e\x17\x9a\xfc\xd5\
J\x82C\xd1:?\xf4\xf3\x1c\x8e\x8a\x5cH\x9b,U\
\x92<\xb5g\x80/\x8e\xf9(\xdb\xfaH\xac\xe8|\xfa\
\x914E;\xcdW\xee\xd59[O\xf3\xc5)\x95\xdc\
T\x8a\xb5\xab63\x9d\xf4\xc5G\xfb\xde~\xb0P\x1b\
\xf6J\x99\xd7\xd6U\xee{h\x94CI\x9f\x8b\x17+\
,\xe7\xfa\xf8\xc2\xbe\x18kWK\x5cl\xea\xdc\xf7\xd0\
(\x1f\xdf?\xc6\x91\xc8g\xcf^\x8b\xd9\xb0\x87\xffv\
{\xc4\x5c\xef\x08_(\xb4\x98\xed\x1d\xe6QS\xe5\x81\
\xa9\x90W\xa6\xd7\xf9n=\xc5\xf8z\x9d\xdc\x0e\x93\xd3\
\xc7=\xf6\x8c\xba\xfc\xed\xb4\xce\xc7\xc7=~P6\xc9\
VB\xee\xdel\xdc\x81\xd7\x04\xf8\x9c<\xdf\xdd\x1eq\
\xe2jg\xe3w\xff\xcf\xf8\xfc\xeb\xcav@\xb67\x81\
Q\xb1Y\xf3\x01\xcd`<\x0f\x8bk\x1e\x1e\x1a\x83\x05\
\x9d\xda\x8aC\x03P\x0c\x93\x89dHE31k\x0e\
\xe4MZ\xab\x1e\x99!\x83\xeaJ@*\x1e\xe1\xc7c\
\xec\xdb?\xce/N\xa8x\x81B\x8c\x80\x96\xaac\xfa\
>\xbe\xa1\xa3{\x01\xa1\xae\x10\x12pv6\xe2\xc1]\
\xb2\x1d \xdb\x01\xb7\xbe\x1d0]\x87~}\xe31\x9f\
\x9a\xebCL#h\x86\x98\x09u\xe3q\xbbzD\xa4\
\xd4\xf9\xe3?\x99c\xaeG\xa3\xde\xd2\xe9\x8dZ\xac\x19\
q2\xb6M3\x93$^k\x12\xc45\x5c\x0c\x12\x9e\
\x8fi\x04\xcc\x96|\x22 \x99K\x90i\xda,:\xa0\
'\xe3\x8c(\x0eW\xeb\xb7\xf2,P\x9d\xe1\x82Fi\
\xc5\xa1\x09(\xf1\x18\x9b\x0c\x97\x99jHd\x98L\xa6\
C\xae\x15}\xc2\xdbx^}\x98\xe6\xe2\xec\x95:\x89\
\xe18\xba\x1fa\xe9\x11U_%\xa3\x06\xd4\xd1H\x11\
\xd0TU\x14\x1f\xd6\xdf\xbc\xcc\xbf8\x07\xfd\xa1G\x94\
\xd1\xa9\xac\x05\xf4\xe5a\xa1\xaa\xb2)\x13r\xd5\xd6\xe8\
!\xc4J@=\xd4\xa1\x83\xbe\xd8\xf1\x8ak*\xce`\
\xd8b\xce\x8e\x00\x95\xfe\x82\x89\xbb\xda\xa2\x12A\xba'\
A\xbcf\xb3\xe2\xdd\xec\xc9qt;$\x9f\x08\x98i\
\x1aL\x1a.\x0b\x91\xc5\xa8\xe2\xb0\xac\x1a\xe8\xaeB\xff\
`\x9e_\xfbH\x1f\xc3\x84D\xa6\x82\xdb\x84X\x0c\x1a\
.\xa4M\xa8{`\x014\x1c\x18\xb8\xd3\x1e\x1b\x5c\xe5\
\xf5f\x9c\xedV\xf7zDZ\x09\x89Z\x9d\x8d\xdf\x07\
n% \xdf\x9b\xa0\xff\xc6\xa3L\x15\xcdds\xbf\x89\
\xb1\xf1\x0f\x86\x06\xde\xf1\xa2\xaa\x9b\x0cg4\xd2\xf98\
=\xbaJo\xafEJ\xd1\x19,X\xa4u\x83BJ\
\xa7\xb7\xcf\x22\x9f\x8c\x98\x99m\xe1\xd6*\xbc^\xd3\xf0\
\x97\x8a\x5c\x89t\xca\xb3\xeb\x5c\x0ean\xd1\xa1|\xbd\
\xc8EG\xde\xd3\x8aw\xc7\xd2\x1c\x8e/\x87\xd4\xe7\x8a\
\xcc\xa9*\xf3\x17k4\xd3!gN\xd6\xb0\x0d\x87\x0b\
E\x9f\xd9\xf3e\x16\x22\x8d\xfe\xbcI\xb6\xea\x18\xce\x00\
\x00 \x00IDAT*\x19c$\xa1\x90\xc8\xc4\xe8\
\xb7T\xb2\xf98\x05K\xa37\xab\x93\xce\xc4\xe8OY\
L\xf5\xe87\xde1)\xa4\xf2IFn\x5cI\xa5\xa7\
\xe2lJ+\xb7\xf6nJ\xd1\x18\x19\xb0H\xde\xdc\x01\
H\xc4\x99\xcan\xb4BE\xb7\x98\xea{\xc7\x85{r\
^\xbd\xf7wC\x86Ns\xa1\xca\x9a\xdf\xe2\xc5\xb9\x80\
\xbcS\xe3\xa5\x92\x8aU*\xf3bI\xc5YlP\xb6\
k\xbcp\xddCK\xc4\x18\x8ck\xf4\xf7\x9a$4\x83\
\xd1\xbc\x81aZL\xf6\x18Xq\x8b\xfe\xd8\xc6\x7f\xeb\
\xed\xb4/v:g\xd3\x09&o^L\xa7h\x0c\x0c\
\xc4\xc9*\x1b\xf3-\xdb\x93`\xc0|{+)\x95\x8b\
\x91\xb3L\xc6s:j\xccb,\xa5b%\xe3\x8c\xa7\
TR\x19\x8bt\xdcb4m\x90iT9\xd3\x0a\xb9\
|\xc1\xc6\x8f\xb9\xbc>\xe3\x92\xc6\xe6G3.\xb1f\
\x83+\xb6\xc3\xeb\x0b\xde\x1d\xf8\xb0 \x85\xa4\xde\xeaj\
\x8f\x18\xcew:~\x1f\xc0\x100{q\x8ds\xee\xc6\
\xb2\xd7\xb0\xd7\xe0G\xe7\x1a\xc4\xb6\x8d\xf2\xd9!\x8f\xe3\
\xa7+,\xdd\xd8\x0e\xf8\xf2\x91\x18k\xb1~\xeek5\
\x18:2\xc2\xe0R\xc8G\x7f\xae\x17\xe7L\xc0\x91\x8f\
&1zr\x14\xe6\xd7\xf9\xc1\xcb\xebx=\x1e/\xad\
\xc5\x99\x5c[\xe0\xc7J\x86\xf0\xcc\x1c\x17{\xf3(\xe7\
Vi\xe8-\xce\x1b=\xec\x94K\x02\xc4\xbb\xdc\x0e\xb8\
|\xd6e$*q*\x99\xa1~|\x99\xca\x98\xce\xab\
\xcf\x94\xc8\xee7x\xe3X\x0b\xabQ\xa7\xb5\xb9\x87G\
>R Y\x8b\xf1\xf8`\x8b\xe5\xd1I>m4H\
\xdc3\xc9\xdd\xd52\xb1\xbb\x06\x19\xd0\xd2\xdc\xa7W8\
\xb9T\xe5\xd9+\xce\x8d\xed\x00\x85\xe5\x99U^\xab%\
\xf8\xccC=\xa4W\x8a\xfch\xf1V\xb7\x03\x1c^=\
]\xa5ts;`\xbd\xc4\xf7\xe6\x82\x8d\xed\x80\xb0\xc6\
\xf7/6\x89\x0a\x05\xfe\xe9\x81~~Y\xce\xab\xf7\xcc\
[Y\xe6u+\xc6\xb5\x8b\x1e{SU\xfep\xd6`\
w}\x89o\xd6R\xec\xad/\xf3\x8a\xa6r~\xd1\xe4\
\x91\xed\x83|i\xd4\xc5\xdf\xd6\x8f\xb9\xa0\xf2\xe4ci\
\x96\xaai~\xfb\xa0\xc6\xeb\xe54_\xda\xa2\x90\x9aJ\
\xb2p\xb9\xc1\x85N\xfa\xe2-l\x07\xd4\x17\xd7ya\
\xe5\xc6rr\xc2\xe3\xcd\xd3%\xe6o,'/^^\
\xe3tcc9\xf9\x13w\x8fs\xc4\xf7\xd8\xb5\xd7\xe4\
\xbc\xd7\xc3?\xdf\x1ep9?\xc2\x17\xfb\x1a\x5c\xc8\x8f\
\xf0\x98\xaep\xff\x96\x80\x17\xce/\xf3\x8de\x8b\xec\x5c\
\x09&\xe0\xf9\x9f\xd8L\xf4\xda\xfc\xd9)8\xd4g\xf3\
\xd7\xd7U\xa2\xeb\x0eScw\xe6v\xc0+\xafu\xb7\
G\xbcr\xa5\xb3\xf1\xfb@n\x07\xdc\xa4i\x0aap\
\xe3~hEA#\x22\x88\xfe3\xc7\xfe\xeb\x8b^<\
\xfc\xe9\x9d\xfc\xe6\xa4J\x10*\x98\x84\xb8\xaa\x8a\x1e\x84\
\x04\x9a\x8a\x16\x84D\x9aB\x18\xf9\x1c\xbf\x14p\x9f|\
\x8a\xa0l\x07\xbc\x8b\xed\x80k\xae\xc6\xb0\x11\xe1qc\
N\xe9*\xa1\x1b\xa2[*\xbe\x1b\xa1k\x10E\x15~\
\xff\x8ffx9\xb8\x85\x13JUP\xa3w\xcc{U\
!\x0c7\xe6\xfd?>\xd6\xd97T\xd0\x95\x08?|\
\xfb\xfb\x13\xbe}\x8e\xbd\xf3\xd8\xcf\xfa\xbc\xfaPm\x07\
\xcc6\xe9\x1f\x8b\xa3\x07\x11\xba\x16\xd1\x0cT\xe2jH\
\x0b\x95\x18!\xae\xa2\xa0\x84\xb0\xfc\xc6\x05\xfe\xfbW\x9a\
\xdc\xc2\x94\xe8R_|\xc7;\xb7\x1bs \xbc\xf1\x8e\
US#\x82\xf0?w\xac\xcd\xef5<\xc2\xff\xfe\x99\
\x02\x83\x84\xa0+\xf8\x1e\x18:8\x01\xc4uh\x06`\
\x02a\xd9\xa6\xd9w\xa7m\x07\xd48\x1d&\xd9eu\
\xbfGtk\xfc\xde\x97!\xe0g\xbe`\xa3\xa9\x98*\
mSj\xb4q1f\xfb\xafS@\x8d\xda_\xc1\x1d\
\xbd\xb5`\xd4\xc1\x1b\xba\x88\xb7\xaf\x10\xee\xc6\xf7T\x14\
\xa2(\xea^\xcd?\x85Z:\xbd\x0a\xbe\xd3\x9f\xfd\xd3\
\xa8\xc5\xf7C|\xf9\xe8\x89\xf7t^}\x98\xe6b\x18\
\x84\xb8\xa1\x8c\xfd\x7fi\x9c-]\xb9-\xe3w\xfb\xfa\
b\x84\xe7\xfdl_\x8co\x17\xfd\x83\xfc\xcbGA\x88\
\x13\xc89*\x84\x9cW\xe2\xa77!\x22\x1cO\x12\xf3\
\x87\x95*\x7f\x02!\x84\x10\xe2\xce\xf4\x81^\x09\xc8O\
\x0e\xf2s\x93\xed\x1fo\x1a\xac\x15\xf9\xc6\x9b\x0d\xdc;\
)\xdd\xe5\xf2|~\x7f\xea\xad\xab\xcb\xff\x8b!\xdfk\
\xf0\xecKE\xe6\xef\xa4\xa0\xaf&x\xf8H/\x9b:\
x\xbc\xf0\xa97\x16y\xad\xf6a(Zc\xc7\xfe!\
\x1e\xccw\xb0\x8f~y\x89\xbf\x9b\xf7\xef\xa8+\xc2\xef\
\xc4^\x22=Bz\xc4\xfb8\x04(\xc4-\x05/P\
\xb0\x08qT\x0d#\xf0\x09t\x1d\xcd\x0f6.`B\
\xa3\x7f0\xcf\x13\xfb:\xb80p\xa6\xc17\xcf\xb7\xd0\
\xa3\x90\xc8P\xf1\x9c\x08\xcb\xdc\xf8\xdc\xec\xa4\x11a\x07\
\x0a&\x11\xaa\x06\xb6\x13\xbe\xef\x9b\x9faj\xa8A\x84\
\xa1A#PH\xaa!M4\x12\x04\xb4\x14\x15%\x84\
D.\xcd\xc7\xf6\xf5\xd1\xd3\xf6\x02\x18\x95\x13\xc7\xca\x94\
\x94\x08\x17\x0d\xcd\x0f\xc0T\x09Z!F|\xe3o\xa5\
k\x10i\x0aA+\xc0{\xdf\x9f\xbc*I\xbdM-\
f\x8c\xbb\xf7\xf6s\x7f\xdb\x0b\x98\x1c\x9c\xf3\xcb\x9cq\
i3\x17U\xb4\xc0\xa7\x19\xbc\x8fk\xd6\x0d6m\xe9\
\xe7\xe3\xa3\xedC\xc0\xc5\xea*\xdf[\x89P\xda\xcc1\
S\x09\xa9\xbf\xef\x97\x89\xef\xcc^\xd2\xed\x1eq\xf2\xb5\
\x0aE\xff\xc3\xd1?\x15]#\xden\xfc\xcc\x18w\xed\
\xed\xe7\x81\x0fK\x8f\xf8i\x87\x80\x03\x0fM\x90=y\
\x95\x1fVAI\xe4\xf9\xf2\x03\xf0\xd7\xcf\x95(\xab\x09\
>\xf3x\x86\xf3\xcf.q1\x045\xd7\xc7\x176\xb7\
8\x1d\xef\xa3\xe7\xdc\x12\xca\xbd=,\xfe\xb0\xc6\xee'\
\xd3\x9c{\xae\xc5\x96\xb1\x00{8E\xfd\xac\xcf\x83G\
\x12\xcc\xaeX\x1cd\x8dWR\x03L-.\xb1\xb2e\
\x98\xc2\xf4\x0a\xceH\x8cZ\x94$\xd5\xe8p\xba\xa9&\
\xf7\x1e\x9e\xe2\xa3a\x95\xd6\xe6$W^w9\xb8'\
\xe2\x99\xcb&Oo\xf5\xf8\xd6\x82\xc5\x01\xcd%\x97\xb5\
\xf9\x833\x16\xf7\xbbe\xdc\x1dI\xde|\xd1\xe5#\xf7\
D|\xeb\x9c\xc5o\xeer\xf9\xf3\xab\x16\x07#\x97\xc2\
\x04\x5c\x0c\xd3\x18\x1d\xd4\xdc\xbbc\x9c\xa7\xbc\x05\xfe\xec\
J@\xa4\xc4x\xe2\x89^V~\xb0\xc0\x09_a\xcf\
\xa1\x09F/\x5c\xe5\xbb\xc5\x8d\xabU\xf6\x1e\x1a!}\
\xd5\xe1\x9e\xc9\x16\x7f<\x9f\xe672E\xbe\x15\x0e\xf0\
9u\x99\xe7b9b\xeb*\x87\xfb[\xac\x8e\x16\xc8\
\x5cw\xd85\xe6\xf2\xcd\xebI>\x97*\xf3\xdd\xa8\x9f\
O*\xab\xbc\x14\xcb\x92\xaa*l\xd5;}\xb9V\x19\
\xda5\xce\xd3\xe3\x0eg\xcd\x1ez\xa7W\x89\xf6\xe6X\
9Zg\xdb\xa3).\xbf\xd4b\xf3H\x84\xdd\xaf\xf3\
\xe27\x96\xe9?\x94\xe0\xd2r\x9c\x07\xc3%\x9e\xcf\x8c\
\xb0k~\x81\xa5\x1d\xe3\x0c]X\xa49f\xb1\x16e\
\xd9\xa6F\xc4\xd6\xe7\xdb\xd6\xac\xf6\x16\xf8\xed\xad6\x7f\
\xf0r\x9d\x00\x85\xa9\x83\x93\xec\x9b\x9b\xe5o\x96\x22\xd2\
Sc\xfc\xb2\xb6\xc4\xd7.l\xdc\xa3\x9c\xdd:\xca\xc7\
\xdb\x8e\x8b\xc2k\xc54\xbf2\xd9\xae\x96\x04\xb9\x0e\xff\
:\xf1\xbe\x02\xbf\xf3p\xbc\xed\x5c\x8c^;\xcf\xabc\
\xc3m\xc7\xef\x81T\x93\xd5a\x83W\x9f]a6\x04\
cb\x84\xaff\xd7\xf9\xd7\xa7Z\x90\xed\xe3\xab{]\
\xbe\xf6\x93*N\xd7k6\xa9\xd7;\x9c\x11\xf1$\xbf\
\xf0d\xfb96e\xcf\xf3\x97j\x0f\xc9\xae\xd5\xacq\
\xe0\xa1\xd1\x8ez\x09j\x82\xa7\x8e\xb4\x9b\x8b9\xb67\
\x9b\x8c\xee\x8d\xdf\x96^\xf2/\x7f\x1c\xf1\xe9M\xed\xfb\
]\xa2\xa5S>\xd1\xad\x9a\xb3l*\x15\xd1\xf7\x0f\x93\
\xedV\x8fP4\xb6?8\xc5S~\xb7jNR\x9b\
\xd7\xd9\xe6,t\xb1Gt\xd6?\x1f\xc858\x91\x19\
\xe4\xf1v\xe3\x97\x83b\xb7{\xc4\xebWY\xdd\x14o\
;~c\x15\x9b\xf1\xde\xce\xfabW\xd6\x08\xbb\xf1)\
\x82\x8b\xd7*\xcc\xba\x16wm\x8f\xd1\x5c\xaert\xa6\
\x85Z\xc8\xb1S\xab\xf3\xfc\x99:\xebX\xdc\xb5=\xc3\
\xa6\xa4\xc3+\xcb:\xc9\xa5\x22\xab\xfdI\xca\xa7\xab\xc4\
\xb7\x19\x9c\xf9I\x8d\xf4\x04\x5c)*\x94/\x94h\x0c\
\xf6\xf0\xc0\x98\x89\x1a\xe9\x14\xac\x107\x1e\xa7/\xf2\xd1\
rIr\xbe\x8f\x996\xd0t\x9d\xa0\x19u\xf6ig\
5\x9bE#\xc1\x84\x19adMh*\x0c\xf4j4\
|\x9dM9\x85j\xa03`\xaa$\x8c\x88\xe2\xec\x0a\
\xaf\xab&\xcbgm\xfa'\xe0\xe5\x0b\x11\xfbz\x9b|\
\xfb\x12\xec\xb1\x9a\x5c\x8e\x22N\x9e\xaep\xe1j\x075\
o\x8b\xb1~a\x8dWJ\x0a\xe3[\xb2\xe4\xebu^\
\xbfXc9\x96\xe4\xbe\xfe\x88\x13\xe7\x8a\x5cn\xaa\x8c\
o\xc92\x92\x8cc,\x96i\xa4\x02^\x98\xd3y \
V\xe3\xbb\xb5$;Z\xeb<k'\x19Xo\xe0\xeb\
6?\xa9\xc69\xbc%M.\x82\x9e\x8cJ52\xd9\
\x94\x08i\x98q\xc6\xcd\x80V\xcc\x22\x85J2\xf0\xb1\
\xfa\xe2\x1d|Z\x96\xc3U[g2\xaf\x12\x98\x16\xb9\
  \xd6ka\xd8\xd07d\x116 \x97\xd60\x13\
P\xaa\xba\x9c\xbe\xec\x90\xa3\xca\xb1 \xc3\xf0\xfa*W\
2Y\xd4\xcbK\x5c\xcd'\xa8,\xfa\xe8\xe55~p\
\xb9\xcc\x89\x0ej\xce\xae\xac\xf3\xbdk.\xa9\xc1<{\
\x8c\x16g\xae\x948\xd70\xd9\xb3\xc5\xa2|e\x9d\x97\
\xd7C\xd2\x83yvg\x0c\x86\xfd*\xa7\xdb\x8d\xcb\x19\
\x87\xe1\xedy\xeej[\x8b\x0a\x86Io\x07\x9fv\xb6\
\xb0\x1e\xd2W\xe8`.\xd6}\xaeO\x97\xda\x8e\xdf\xdf\
_\xaas\xe6J\x83J2\xcd\x91\x01\xb8z\xad\xcc+\
\xcb\x01\xc3\x93Y\xb2\xeb%\xbe?\xeb\x10\xa6\xd2\x1c\x99\
H\xd2o\x97\xbbX3T[\x16\x9b2\xed/\xc9.\
\xad\xb7 \x9fl;\xc7\xd2j\xc8\x99\xd3\xeb\xd4\xbbT\
\xf3\xe1B\xc8\xabo\x16\x99i{^%\xe8\xc9\x1a\xcc\
_i7\x17\x8b\xcc&\xf3\xb7\xa7\x97\xa8>\xabv\x83\
\xa3m\xfb\xdd\x1aG\xaft\xd2K:\xady\x8d\xe3J\
\x9a#\xdd\xec\x11\x81\xc7\x9akP\xe8b\xcd\xa7\x16+\
]\xed\x11\xf7\x0c\xc6\x09\xe6\xda\x9f\x7f\xdf]\xd49\xb8\
=\xc7\xe6v\xb5h\x01\xb5t\x82\xa1.\xf6\x08\xddo\
\xf0\xe3\xd3\xed\xc7\xef\xf9\xf9:\xc7\xe6\xdb\xd7\xbcKw\
Xj\xbdOV\x02n\x9c\x1eT\x1b\xc1[\xb7]\x05\
\x8eG\xed\xad{\xb0B\xaa\x0d\x9fP\x09\xf1\xbd\x00\xdb\
\x0fi\xb5\x02\x08#T;\xc0#\xc2n\x86\xb8^D\
\x18*\xf4gM2\xa6\x0e)\x8d81\x06\x0c\x95t\
.\x86n*$\xb2\x16AL#\x06\x5c\xefx\xb9T\
g0\xa5\x92\x8cL\x02]'\xe8Q\x88Y0\x9aU\
1L\x95\xe1\xb4FZQ1=\x9b\xba\x1b\xe1\xaa\x01\
j\x18Ro\x06x\x01T[!A\x10PsC\x1c\
x\xc7\xade\xedj\x0e\xb8\xf9\x11\xd1-\xdbG\xb9y\
\xbfI\x10Pv\xde\xceq-\xdbC\x09T<?\xc2\
wB\x82\xc0\xa7\xe2F\x04\x9eO\x8d\x08\x9f\x80\x86\x1f\
\xe2\xbb!z&F\x9f\xa5\x12\xcb\xe8X\x96\xcaXF\
\xc32,\x86#\x15S\x89Q\xd0\xf4\x8d\x0f\x0b\xe9\xf8\
\xa9o\x0a\xd9\x9cA\x22\xa6\xd2\xa7\xa9\xc4s1\x22]\
\xc7\xec3I(\x1a\x85\xbcA:\x19\xe1k.~\xcb\
\xc7\x0dC\x1a^\x88\xa7\xf8\xd4\xfd\x08\xd7\xf1\xb1\x83\x08\
\xb7\x15\x10\xfa\xe1?\xb8\xf5\xa6]\xcd7\xa3\xac\xefx\
T\xbc\xb7\xff\xa6u;x\xeb>l\xdf\xf1\xa8j\x11\
\xbe\x1a\xe1\x06\xed\xc6E\xa3\xaf\xa3Z\x22:\xdd\xc23\
SVGs\xb1\xe2\xfb4:\x18\xbf\xb7\xfe\x02\x81O\
\xb1\xf5\xf6\x0dH\xad\xa6\x8f\x1a\xbd}\xac\xd4\x04\xcd\xeb\
f\xcd\x9do\xe4\xa8\xa6\xd5\xd1\x1c\xa3\x1e\xd0\xf0#\xdc\
n\xd5\xfc\xd6\xb1\x0ez\x09Q\x07sQ!}\xbbz\
I+\xa2\xd9\xea\xa4\xdf\xd1\xe5\x9a\xc1Lt\xbbG\xa8\
\xf4$\x7f\x1a5w\xafGT\x8c\xce\xfa'\x86\xc1P\
'\xe3\xe7t~\xd5G\xa7=b\xce\x0dn\xa9\x7f\xb6\
\xed\x8b\xfe\xfbh%\xe0\xc0C\x13\xec(\x159\xbe\xea\
\xe3'\xf2\xfc\xd6Cq.\x9d\xaf\xb2\x14$\xf8\xcc\x13\
\xbdD\xd3U.W\x5cV\xd5\x1c\xbf\xbc\xd9\xa7:6\
\xc4\xf8B\x85\xfe\xc3\xbd\xb4N\xb8<\xf0\x99\x1e\xca\xe7\
a\xff\x88B\xcf\xbe>\xb6\xe6L\xe6\xdel\x90\xd5J\
|\xc7\xce1y}\x81\xe3\xd9\x1e\x94\x13W9\xd7\x97\
a\xfdJ\x0b\x7fu\x89\xe7\xfc\x0cGF:H\xef\x0d\
\x1f\xb5\xba\xcesA\x8c\xc5\xd7*\xf4o\x83\xef\xbc\xea\
s\xff@\x83\xff\xeb\x8d\x88C\x89\x1a/\xb7B\x8e>\
\xbf\xc8\xd9\xde!\x1e\xa3\xc5\xc8\xc1,\x8b\xe7\xe1S\x07\
u^ZJ\xf2\xd5\x03\x0a/\xd5S\xdcg\xa8\xdcw\
W\x82\xe4X\x81-\xedj\xae\xfadv\x8c\xf3K\xd9\
\x1a/]s\xa8G1\x9e\xf8\xf8\x00\xe9+%\xce4\
\x22\xf6\x1c\x9a\xe4\x80]\xe6\xe4\xaaK\xa5\xe11z\xef\
0\xbd\x15\x8d\xa7\xb6\x87|\xb7\x91\xe7K}u^K\
\x0e\xf3\xeb\x99\x0a3\x03y\x92^\x9a_\xdc\x95&\x98\
^a%\x13\xf2\x9ds*\x8f$J\xfc\xe9j\x8a{\
\xea\xd7\xf9\xf3j\x9a\xf1\xe5\x12%\xa5\xce\xd7/k\x1c\
\xde\x9a\xe8`%\xc0\xa3\xa54\xf9\xde\x15\x9d\xdc\xc2\x22\
\xd3\x83\x19V_Z\xc3\xdagr\xf4\xdbE2;\xe0\
\xf8\x5c\xc8\xda\x89\x05\xbe3\xa7\xf2\x91C\x09\x8aQ\x0f\
\x9f\xb0JL\x0f\x8drw\xa9Hx\xd7$;\xd7\xaa\
\xe47Y\x84\xbd\x03<<\x96\xe5\x9eX\xfb\x9a\x9b\xf9\
\x02\xbf\xb3_\xe1\xe5\xcbu\xd6]\x85\xa9\x83\x9b\xf8X\
P\xe2\xe8\x92O|j\x8c/\xf6796\xdf\xa2h\
{8##<\xdev\x5c2\x8c\xf4z\xfc\xa8]-\
\xa7*\xe8SYF\xda\xa6\xfc\x90b\x18r\xf6d\xbb\
\xb9\xb8\xc8_\x9e\xa9\xd3sw\xfb\xf1\xfb\xdc\xb8\xce\xc4\
]\x19\x1a\x17+\x5cj\x84\x18\x13#\xfc\xce\x84\xcb\xf3\
\xd3M\x9a\x99>\xfe\xd9A\x9d\x93\xd3\x0d\x16\xab.\xad\
n\xd6|r\x85\x95\xc1^\xf6w\xb0\x12P\xb5\x15\xea\
W\xda\xcf\xb1?}\xb1Hj\xffP\xd7j^\xb2\x15\
\x0e<4\xde\xbe\x97T}\xca\x0d\x83G;\x98\x8b\x8f\
M\xe8\x5c8y\x1bz\xc9O\x96y\xcd\xc9\xf0t\x07\
\xfdn\xffH\x0f\x83]\xac\xf9H\x7f\x82\xf8\xfcj\xf7\
zD\x18\xc2\xca\x0a\xcf\xfa\xdd\xaa\xb9\x97A+\xcf#\
\x99\xee\xf5\x88\xd5\xaa\xdbQ\xff\xfc\x85\xa98ca\x89\
\x1f\xb6\x1b\xbf\x97\xea\x0c\xec\xc91\xda\xc5\x1e\xf1\x17o\
F\x1c\xba\xaf\xfd\xf8=\x902y|k\xfb\x9aK]\
\xba:\xb5\x8b\x0f\x0bR\xc9\xa6T\xec\xba\x8f\x07h\xa6\
A*\xba\x99dT\xb2)\x8d\xc8\x0f\xb0}\x05#\x0a\
\x09\x0d\x0d\xdc\x10\xddR6>\x8c!\xa6\xe0\x07\xa0\x04\
\x0a;\xee\xdb\xc4\x97\xf6\x18\xd4l\x8d\x01\x9a,\x1aI\
\xf2\x8d:v.M\xa2l\xe3'5\x1cT\x96\xae\x87\
\xdc\xdf\xc9\x13\x03\x17\xd6y\xd5\xc8\xb0=r\xf1s:\
\xa5\xa5\x90\xa1\xfe\x88\x99\x92\xc6\x8e\x9e\x80\x8bU\x8d\x82\
\x12b\xb9\xeb\xfc\xaf\x7f\xb7\xcaR\xa4\xa2\xf8\x11\x86\xa5\
\xe0\xb8\x10\xd7#\x1a\xbeBR\x8bpQ\xf0\xdd\x9b\x89\
\xac]\xcd*\x8d\xba\x8f\x8fB<\xa9\xa34=\xec\x10\
\xd0t\xf2Fx\xe3\x9d\xcf\xc61\xcd\x8f\x08\xfd\x80H\
Wpo\xfc\xacF\xa4\x92 \xc0F#\x16\x85Dj\
Drb\x84\xdf=\x92'V\x0f\xe8M\x07\x5c\xac\x1b\
l3\x1df\xa28\x9b\x95&\x0b\x9a\x85\xee\x80\xb6\xde\
 \xbd#\xdf\xc1E?\x15~\xb4lqw.`M\
\x8d\x11\xaf\xd8\xd0oa/x\xf4L\x98\x94\x16|\xd2\
\xa9\x88 \xee\xf0\xcd\xbf\xb8\xc6\xabN\x84\xaen|\xa8\
\x86\x15\x06\xf8\x9a\x86\xea\x07\x04\xba\x86\x12D\xa8\x044\
}\xde\xaa\xeb\xbfV\xf3\xcdcz\xcc \x15x\x94o\
\xfc\xdd2I\x85Fc\xe3o\xac\xc7\x0c\x92QH\x10\
\x858\xb4\x19\x17?\xc6\xa7\x9e\x9c\xe0\xc9|\xbbZ\x22\
\xeaf\x92m\x1d\x5c\xf4\xf3\xf29\x97\x89M\xed\xe7\xe2\
\xe5\x1f_\xe0\x1bs\xed\xc7\xcfvo\x9cn\xbaN\xaf\
\x11\xb2\xde\xdcx\x1b\x14K\x18(M\x8fft\xe3\x98\
\x05\x8e\x17t\xb1f\x8f\xf3\xeb\x19\x1e\xe9\xe0\xc2\xc0\x99\
\xf3E\xdc\x91L\xdb9\xa6^\x9d\xe5_\x1ck\xe0w\
\xab\xe6\xb7\x8e\xb5?\xaf</\x22\xf0\xdb\xcdE\x85m\
\xf7\xde\xa6^\xe2\xac\xf3\xbf|w\x8de\xaf]\xbf\x0b\
pB\xbaXs@j\xd3hw{\x84\xd3\xe0L\xd5\
d(\xecv\xcd\xdd\xeb\x11i5\xc2q\xda\x9f\x7fN\
\xba\x97\xaf<>\xc4\xee\xb6\xaf\x0563C\xbd\x1c\xe8\
b\x8f\x98~\xfe\x02\xff\xf6Z\xd8a\xff\xec\xa0/\x06\
\xef\x5c)\xb8\xcd+\x017o\xa9\xf8\xd8\x81\x04\xe5\x85\
\x16\x0d 3\xda\xcfA\xddf\xbaq\xf3X\x8e\xbd\xa3\
:u%\xc3=\x96G\xcf\x9e\x02\x83\xe5\x90\xbd\x87s\
Ds\x11\xf7<\x90\xc2\xd0\x93\x8c96\xd5D\x8a=\
\x03\x0a\xeb\x0d\x8d\xaco\xb3\x80\x85UmP\x8d\xc7\xd1\
\xca6-C\xa1\x1ehxv\x87\xfbx\x95:oz\
\x16}\xae\x83\x93\xd0X[\xf6\xc8\xa4B\xa6\x8b\x0a#\
\x09\x9fK5\x95\xa4\xef\xa3\x99\x1a\xa9\xd0\xc5\x1e\xec\xa1\
\xd0P8t_\x8aZ-\xce\xcf\xed\xd6\x99\xb6\x93|\
v\xb3F\xd4\x9fD]iR\xed\xa4\xe6\xbb\xe3\x94\x17\
Z\xd8h\xec\xdc\xd7G\x7f\xa9\xce\x92\x0fj&\xcb\xe3\
\xa3!\x97\xd6\x03\x224v\xee\xebeS&\xc3\x0e\xcd\
gpk\x82F\x90\xe1W\xb6\xc0\xb5d\x1fO\xf68\
\x5c\xcf\x15\xf8h\x02F\xc7t\xe6k\x1a;F\x13D\
\xd5\x80\xa4\xe5s\xb1\xa61D\x8bi\xdf\xa2\x104Y\
@\xc3kB\xcc\xeb\xf4\x9a\x80\x16o.\xc3\xa0\xe5\xb3\
\x8a\x81R\xb4q\xd3\x06\x95E\x97XAc\xed\xba\x8f\
i\x848&\xb4T\x0b\xcd\xd1\xb9g\x14\xec\xfeA>\
j\xb5\xd0\xb7\x0e\xb1\xb3e\x93\xd8Y`L1\xd9\x99\
v\xb8R\x89\xa0\x83\x9a{\x8b\x0d\x96}\xc8O\x0c\xf0\
\x80as\xb9\x1e\x81\x1a\xe3\xc1\xbdqJK\x0e-6\
\x8e\x1d\xea1\xb9\xab\x1f\xdc\xa16\xe3\xb2\xea\x12\x1fN\
\xb3=\xd6\xae\x16\x95\xa8\xc3k\x02f\xe6Z\xc4r\xed\
\xe7b\xe0\xeb\xe4\x83\xf6\xe37\xb3\xbcqA\x8f\x9a\xcb\
\xf1\xd4X\xc4\xf9U\x9f\x08\x95\xa9]\xbd\xf4\x14\x1b\xac\
\x067\x8em\xcf\xb0;\x13t\xb1f\xa8tzM\xc0\
R\x95b\x22\xd6v\x8e\xa5L\x1d\xa5\xee2\xd0\xa5\x9a\
\x9f\x1c\x0d9\xbf\xe6\x13\xb5=\xaf\x92\x0c\x0cf\xc9\xb6\
\x9d\x8b.+J\x92\xdd\xb7\xa3\x97\xa8\x11d\xd5\x0e\xfa\
]\x83\x05\xb7\x93^\xd2i\xcd\x0e\xd7|\x8b\x9d\xdd\xec\
\x11\x81\xc3tY%\xd1\xed\x9a\xbb\xd8#\x1e\x99H3\
\x1avp\xfe\x15\x15&G\xd3\x14\xda\xd6\xd2\xf95\x01\
\x9d\xf6\x08+\xa6R\xafv\xda?\xdb\xd7|\xbf\xde\xe0\
r\xfd}\xb2\x120\xb5\xbb@bf\x85S6(V\
\x8a'v\xc0ON\xd6i(\x16\xf7\xdf\x9d`\xfex\
\x89\x85\x08\x94d\x86G\x07]f\xcd\x0c\xa9\xf92L\
\xa5(\x9dj2q_\x82k\xa7\x1c\x86\xfaB\x9c\x9e\
$\xdb&zH\xcc\xb5\xd84\xd0\xe2\x15\xfay\xb0\xbe\
\xc4\x85\xe1a\x06.\xce\xb1\xbcu\x90\xd8B\x8blT\
\xe4\x07\xd10\xff\xdd\xbd\x9d|v@\x95%\xbb\xce1\
#K\xfcR\x9dm\xf7[\x1c=\x01On\xf7\xf8\xf3\
\x0b\x06\xbf4\xe6\xf0Zh\xb2\xf4\xca<G\xf5,\xfb\
\xfc\x06\xc1\xa8\xc5\xecY\x9f=Spt^\xe7\x891\
\x9f\x1f\xae\x18l\xc5'\xdb\x0f\x8bQ\x1c\xb5\x83\x9a\xd3\
\xa3\x05\xee\x0f\xd6\xf8\xfeb\x08\x8a\xc1\x81\xbb3\x94O\
\xae3\x1d(L\xec,\xd0;\xbf\xcc\x1b\xb5\x8dT<\
\xb9\xa3\x97\xd8\xaa\xc7\xd6\x82\xcb\xf7\xd6\x12<\x96\xa8\xf2\
R\x94\xe7\xb0R\xe6\xa4\x99\xc4\xa8\xaa<\xb8\xbf\xc0\xe6\
Z\x91\xdah\x8c\xd3\xd7L~u\xa4\xce7j=<\
\xa5,\xf3\xed\xa8\xc0C\xad\x0av.\xe0\xdb\x17L~\
\xef\xe3\x9d\xdc\xfeS\xe3|\xd3\xe3\xf8U\x8b=\xee:\
kS\x05\x94\x13%\x06\x1eJs\xee\x99\x1a\xdb\x1f\x8a\
1=\xaf\x12_\xb8\xce\xbf\xbf\x18\xb2c\x97\xc5\xf5\xb2\
\xc5\xce\xb0\xc4\x99D\x0fck\xeb\x94F\x0b\xf4,\x14\
q\xfa\x0c\xaa$\x18\xd3@\xaf\xb4\xafYIgyj\
\xc4\xe5\xef\xce7\x09P\x18\xdeZ`rm\x85\x97J\
\x11\xf1\xa1~>\xaa\x95x\xe6\xc6\xfd\xea\x89\xe1>\x0e\
\xb4\x1b\x97\x81\x14{\xf7Y\x5c\xb9\xd6\xa6\x96\xc5:\xf9\
\x87G\xb8\xb7\x93g\x9c\xaf\xf8,^i\xb6\x99\x8b\xeb\
|\xfd\xb5\x1a\xd6\xa6\xf6\xe3\xb73\xeeP\xe9\xd1\xb9t\
\xbc\xccr\x04Z\xa1\x97O'\xab\xfc\xed\x8c\x07\xc9\x0c\
\x9f\x9e\xf4y\xe6\x8c\x8d\xd7\xed\x9a\xaf\xaf\xb0\xb2s\x8a\
_\x1b\xed\xe4y\xed-\xea\xcb\xed\xe7\xd8\xb7~\xbc\x8a\
7\x9c\xc7\xeaZ\xcd*S\xbb\xfb:\xea%(\x16\xf7\
\xedn3\x17\x954\x8f\xee\xcb\xe2\xcf4oK/y\
\xae\x11\xe7\xa3m\xfb]\x9c\x84\xa7Q\x9d\xeeR\xcd$\
\xd89\xdc\xc3\xddn\x89z\xb7z\x84\xdbbu\xbe\xc8\
\x0bz\xb7j\x8e\xd1Z\xd7\x19\xf6\xba\xd9#:\xeb\x9f\
\xbbGS|d\xd0\xe1\xd5v\xe3\xf7j\x8d\xdd\x9f\x1b\
\xef\xe06\xe2[\xe8\x11\xaf;\x8cM\xb5\x1f\xbf~\xdb\
\xa5\x90v:\xea\x8b\xef\x9b\xed\x80d\xc6Bo8T\
\x82\x8d\x0bg\x06\xd2\xb0V\xf1\x09P\xe9\xc9i4\xcb\
\x1eM\x00\xdd`8\x1eR\xd3L\xcc\x86\x03\x19\x03\xa7\
\xe8\x93\xea\xd7i\x14C\xe2\xb1\x88\xc0\xb2\xb8\xfb\xdeI\
\x9e\x9eP\xf1\xdfq\xdf\xa5\xee\x07\x84\x86\x86\xe6m,\
\xf9\x04Q\xc0\x99\x0e?\xf7\xdc\xbb^\xe6Z&E\x81\
\x90\xd0P\xf1\xff\xd1\xbd\xa1\x0d\x7f\xe3\xdeP\xd6\x16\xf9\
\x1f\xbe_G\x0b=\xa2\xa4F\xad\x1c\xd1\x93\x81\x95\x86\
\xc2p*b\xb1\xa9\x90%\xc2\x8c)\xd4\x02\x05\xa5\x83\
\x9a\xf5\xb8EO\xe4\xb2\xd2\xda\xf8\x0c\xe9\x5cN\xc7\xab\
\xb84\x22H\xa4-\xcc\xa6C\xf9\xc6\xf2O*\x17C\
k\x86d\xe2!\x0b-\x8d\x11\xddc%\xb2((\x0e\
EUG\xf5T\xb6\xee\x1d\xe57\xf7'\xd0\xfd\x08S\
\x87z\xa0\x90RC\xecw\xde\x03\x1cD\xac_\xab\xd3\
\xbb\xb3\x93\xed\x80*o\xb4\xe2l\xb3\x22\xbcw\xdcg\
\xee\xb7\x22\xcc\xb8\xf2\xf6}\xe6\xd4\xf8\xda\x9f\xcc1\x93\
Q\xb1]\x8d\x5c\xe4P\xd2c$[-\xdcd\x0c\xb3\
\xe1\x12\xc6T\x5ct\x92JH\xe8tP\xb3n0\x14\
\x0fY\xaa\x05D@,e\x91t\x1c\xd6=\xd0b\x16\
}\x8a\xcbrsczj\x89\x18}\xed\xc6%\x91\xe6\
\x13\x9f\x1e\xe1P\xdbZ\x1c\x96\xadT\x07\xdb\x01.o\
\xccEl\x19h?\x17\x8f~\xe7\x1c\x7f\xd3\xb0\xda\x8c\
\x9fBN\x0b\xb0u\x85z\xd9\xc3\x01\x14\xcbdP\xf3\
Y\xb4C\xd0\x0c\x86\x92!K\xd5\x8d\xbfGwkn\
\xf0Z1\xcb\xa3\x1d\x84\x80\xd9\xe9:\xa9\xa18Z\x9b\
9\xb6v\xfa2\xff\xf2R\x84\xd2\xb5\x9a\x15\x92\x19\xb3\
\xb3^\x82F\x7f\xbe\xdd\x5c\x8c\xf1\xd0\xe1q~~\xec\
\xf6\xf4\x92\x7f\xfe\xf7\x15\xe2m\xfb\x9d\x8e\xe6E8]\
\xabYgb\xeb0_9\x90\xec^\x8fp\x9b\x5cw\
\x0d2]\xabY#\xb0\xc1\x8c\xba\xdb#\xda\xf7O\x85\
\xde\xa1^\xbe\xfc\xb1>\x86\xda\xd5\xb2^\xe1\xf2h\x1f\
\xf7t\xb5G\x5c\xe4;\xb6\xd2v\xfcb\xbe\x8f\xaeu\
V\xf3\xfb\xe6\xc2@\xcf\x09p\xd44O?\x96\xa5<\
]g\xb1\x15\x92\xdf6\xca\xa7bU\xdeX\x0d\xf0\xb5\
4O?^\xe0\xfe\x09\x9d\xa5 \xc7!\xd5&{p\
\x98\xc2\x82\xc7\x81O\xf4b\x9f\xf6y\xf0\x914\x91\x9a\
b\xb8\x5c\xe6|]cr0\xe2\xec\x92B\xb6\xba\xce\
1?\x8eru\x85\x99D\x0aoz\x9d\x155\xe0j\
\xd3\xc0t\xe9l\x09\xafT\xe2\xdb\xab\x06=\xc5*\xc5\
4\x9c:\xd5$\x9bq\xf8\xfe\xe5\x90\xa9T\x93\xef\xcd\
G\x18\x95\x16J&\xc6\x84b\xb3>\xdaG\xef*<\
\xfcp\x8a\xeb\xab\x09\xbex\xb7\xc6\xb1b\x8a/mS\
i\x0d$\xb1gj,\xb7:\xa8\xf9\xb1\x0ck\x17k\
,\xfb:\xf7\x7fd\x84\x89\xb5\x0a\x97j\x01AO\xff\
\xff\xc7\xde{\x05I\x96\x9dw~\xbfs\xfd\xbd\xe93\
+\xb3\xbci\xdf=m\xa6\xa7{\x0c\xbag\x1a\xc4\x18\
\x80\x03`\x06\xbb\x12\x09`)\x8eH\x11\xd2rA\x8a\
d(B\x0f\x0a*\xf6I\xe6A\xb1\xbb\xb1\xb1\x1b\xd2\
*\xc8 \x97+\x91\x0a2D\x17\x18\x1a\x98\x19\x0c\x06\
\xe3]O{_\xdd]\xd5\xe5\xab\xd2\x9b\x9b\x99\xd7\xea\
!k\x0c\x19\x5c\xde;\x8a\x041\xd8\xee\xf3RQu\
+\xba\xf3\x7f\xbe\xff\xf9\xd5\xb9\xdfw\x0c\xbf\xb07\xe4\
\xcc\x9d\x1e\xdd@\xe1\x91\xcfNp8\x9f\xe3`\xd0c\
\xe2>\x8b\x95n\x86_\xdf\xe7s\xce\x1c\xe3\xe7sm\
.g&\xf8\xa2\xee37+\xf1\xee\xed\x1e\xe91\x8b\
\xe6R\x97\x94f\xf3\x97\xcb\x12s\xfd\x1a\xdfo\x1aL\
u\xaa\xbc\xe3H\x947\x02\x0a\x92\x8f\x11\xab\x1c`\xf3\
\xf2y\x87\xa2bs\xc1\xd3\xe9\xceW\xa8d\x15\xe6O\
7Qg$.\x9d\xb5\x09\xc3\x1eeCFO[\x84\
\x0d\x85G\xa7=6J\xd3<-\xb7\x08\x0e\xcer\xa8\
^C\xbd\x7f\x82I_\xe5\xb0\xd5\xe1\xbdu\x97N\x0c\
\xcd\xd3\x1bu\xaev`\xec\xe0,\xcfZ-\xceny\
tI\xf0\x8fO\xa5(\xdfj\xb3\xe9\x0a\xc6\x0e\xce\xf2\
\xcc\x98\xc9\xc9\x92K=N\x5c$\x83}j\x94\x16\x15\
M\x8bS\x0e\xf0\xb8r\xa1F?\x13\xedEK\xb3\x18\
\xefE\xc7\xef\xbd\x85\x1e\x9d^\x00\xa5Q~\xf5\x00\x9c\
^\xea\xd1t\x05GON0\xb5Q\xe7\xba\x1d\x22\x97\
F\xf9\x95\xe39\x8e\xa7\xfa\xd4\x86\xa6Y\xa6\xef\xc4+\
\x07\x94\x1768/\x1b\x91\x1e\x1b\xcbZXu\x9b\xf1\
!i\xfe\xe6\xbe\x80\xb7\x17zt#\xc7U\x96\xe9\xa9\
,V3\x86\x177\x05\xb3?\x0e\x96\x982\xb9\x09\x99\
\xcd\x18\xbc\xbb\xdc\x8c\xc3\x92\xf8\x9aOo\xfad\x86\xcc\
\x88\xd7\x16A\x1b\xa2\xe6km\x7f\xa8\x8c\xf8\xfa\xbe,\
3\xbdx\xfc\xf4\xd2I\x8aQZ\x0c\xe8\xc6*\x07\xc4\
e\x84\xc6\xe8\x88J\xa3\x1c'~\x1e-'Z\xf3\x97\
\x8d\x16\x97\x9a\xe1\xa7#\x130\xbd+\x8f\xb1R\xe5F\
\x0f\x84fqb\x0e\xce\x5c\xb7\xe9\x0a\x8d\xc3\xfb\x0d\xd6\
\xaf6\xd9\x0aA\x98IN\x14]\x96\xb5$\x89\xd5&\
b.A\xe3Z\x8f\x89#\x06kW]\x8a\xb9\x80~\
.\xc1\xa1\xbd%\xa6\xea}\xc6s\x0e\x97\xc9r\xd8\xae\
\xb2T,\x90[\xda\xa2:\x95G\xdbrH\x86u~\
\xd0\x1d\xe1\x9f>\x10\xef*\xe1\xad\xa0\xcfu%\x81\xb6\
\xd4c\xe6\xa0\xca\xc5\x1b\xf0\xe8\x8c\xc7w\x17\x15\x9e\x1c\
u\xb8\x1a*\x94\xcf\xac\xf0\x17M\x83=\xbe\x8d7\xa6\
\xb3:\xef\xb1w\x16\xde_Sxl\xc2\xe3\xad\x8a\xca\
\x5c\xe8\x91.\xc0\x86\xafC\x0c\xcd\x89\xd1\x1c\x87\xfc\x06\
o\x97\x03@a\xff\x81\x04\xadk\x0dV\x02\xc1\xf8\x8e\
<\xd9\x8d\x0aW\xecA9`rW\x16\xa3\xe21[\
py\xb5f\xf0\xa8\xd9\xe1L\x90\xe6\xb8\xd4\xe4\x8ab\
\xa1v$\x1e::\xc6\x83\xa2M\xb7\xa4qs]\xe5\
\xf3\xc5./\xda)N\x8a\x1a\xaf\x879\x8e:m\xba\
\xa9\x80\x97\xae\x0a\xbe\xfe\xb9B\xbcr\x80\x13\xb2\xb4\xa1\
\xb2\xd3m\xd2\x98\xca!n\xb4\xc8\xdfo\xb1\xf0\xb6\xcd\
\xccQ\x8d\xd5M\x81\xbe\xb9\xc1\xef\xbf\xdbet\xb7\xc6\
VScg\xd0\xe0\x86\x99e\xbcV\xa71\x96'\xbb\
\xd1\xc0\xc9)\xb4C\x93q9\x80f\xb4f\x91H\xf1\
\xd9\xa2\xc3\xab\x0b}\x02\xa08S`\xbc^\xe1|\x13\
\xf4b\x8e\xe3\xa2\xc9\x9b\x9b\x83\xd9\xb0Y\xcaq0*\
.\xc5$\x0f?\x92\xa2\xb1\x19\xa1\xa5\xdcA96\xca\
\x03\xb1R}\x01\xdd\xadh/\xfe\xd1\x1be\x1a\xa3Q\
\xf1\x13\xec4\x1c\x1a)\x99\xc5\xab-\xaa!\xc8\xb9\x0c\
\xa7L\x9b\x1f\xae\xba`&85\xe1\xf3\xfa\xcd\x1e\xfe\
\xb05oVX\x98\x9c\xe1\xab1\xcb\x01~'\xdac\
/\xbc\xb2\xc6\xedd\x12}h\x9a\x05\xd3\xbbr\xb1X\
\x82\xd08\xb2'\xc2\x8b$y\xea\xc1\x11\xb2\x95\x1f\x0f\
K\xfedE\xe6X\x14\xef\xb2\x06\x96#h,\x0fI\
sh\xb2o\xa6\xc8\x13Fgx\x8cpzT\xcam\
.\xca\xc3\xd2\xac\xe3T\x05\x05o\x98\x8c\x88\xc3O\xc1\
\xee\xa9\x0c_\xde\x152\x1f\x15\xbfs-F??\xc9\
\xc3\xc3d\xc4\x9b\x0d\x94\xf1\xe8\xf8\xe5{\x0e\x193\x1e\
\x17?5\x99\x00E\x95\xf0l\x97\xce\xf6\x8aO]\x09\
\xa8\xb5}\x02\x04\x9a\x06\x9d\x96\x87\xc3\xe0\xeaH9\x0c\
h\xf6C\x9c\x9eG7\x04\xbb\xe3\xe1J!\xad\x96\x87\
\x1b\x06t<\xc1\xf8t\x81\x07GT2)\x95\x8c\xa9\
\x92\xb5\x14R\x96F\xc6TH'T\xf2\x86L:)\
\xd3\xe8\xc8\xec.\xc5\x98\xbd\xb7\x1d\xbc\x8cI\xde\xd0(\
$\x15\xd2\x09\x85\x8c\xa1\x90I\xa8\xa4L\x85|R\xc5\
\xd25\x0a^\x877\x16\xfb\xf4]\x8fN\x10\xd2\xeex\
x\x04\xd4\xed\x00\x11\xf8T\xba\xc1`\x87\x83\x1f\x0c\xce\
\x13\x88\xa1YRd\x14\xcf\xdd\xde\xce!P5A\xb7\
\xe5\xd2\x03\x14U&\xe8:\xb4\xb67\x7fJ\x92\xc0\xe9\
y8\xbeO\xad\x17\x22\xf9\x1e5'$t\x07_\xbd\
~\x809\x9a\xe5\xe4\xb4N2\xa1Q0\x15\xb2\x09\x95\
\x84\xa1\x92\xb3\x14\xd2\x96F!!c%4D\xcb\xa3\
8\x1eg\x96\xefP\x91M\xa6L\x85Br\xd0\xcfY\
S!e)\xa4M\x95\x5cJ%\xad)\xe4\x13\x1e\x97\
\xaf\xb4(\x8b\x90v7\xc0s=\x1a\x9e\xc0\xef9\xb4\
C\x81c;t|\xe8\xf6C<\xcf\xa7\xd7\x8f\xd6,\
$\x09C\x04\x94\xed\xc1jqY\x91\xa1\xef\xd0\xf4@\
\x92%T\xdf\xa3\xba\xbdoX\x08\x01Qq\x094\x0e\
\x1c\xcc\xb1;RK@\xdf2(\xc6X\xf4\xb3a\xcb\
\xcc\xe4\xa2\xbdX^\xacq\xa3KD\xfc|\x5c\xdf\xa7\
\x13l\xfb\x1d@\x961B\x8fJ/\x04!aH\x01\
\x95\xce`o\xfdp5\xfb\x94\x03\x8b=12\x01\x8d\
\x86Oa$\xdacR\xa5\xce{e\x7f\x88\x9aEl\
\x96\x0c\xc6K\x84\x17\x1d\xc1\xd4\x5c\x9e\x07\x0a?.\x96\
\xf4\xf0\xa2x\xe7\x868\x8eOgX\x9a\xfb`\x162\
\x9c\x9a\x1d\x22#|\x0fW\xd3\xc8\x0eQs\xaf\x1f\xe0\
\xbb\xc3eD4?}|\xcb\xe2\xe4\xde$\x85H-\
}\xba\xc5$\x13CgD\x10\xc9O\xb7\xef\xe1\x06\xf1\
4\x7fj&\x01\xdd\x8eKGl\xa7\xb3n\xb6Xl\
\xfbd\xf7N\xf1%\xa3\xc1\xdb\xab.\xcev9\xe0\xc4\
\x9c\xcc\xb2\x97\xe5\x04\x1dR\x0fMRZv8\xf6t\
\x9e\xd6Y\x97\x93O\xa6\xf0E\x92\x89J\x95\xd7n\xbb\
LN\x07\xfc\xf0\xb6\xcc\xc4\xe6\x12\xcf{i\xa4s\x0b\
\x9c\xcd\xe5p\xde_eUu8\xdf\xb1\x18%f\x0a\
\xaf\xb2\xc9\xbf\xbd\xa51\xb6\xba\xc9zQ\xf0\xd2\x0b-\
&Fm~\xeb\x9d\x80\x93\x85\x16\xbf}\x15\xf4\x8d6\
\xd6T\x8a=\x92\xcd\xe6d\x91\xdcz\xc0\xe3\x8f\xa7X\
Z7\xf9\xa5\xe3\x12o\x94\x93|c\xaf\xc0.%h\
\xcf7Yi\xc7\xd0\xfcT\x9a\xad+\x0d\xee\xf4?H\
{\xd5\xb9Ruq\xb6\xd3^\xef\xdd\xb2i\xfa\xdb\xe5\
\x80B\x8eC~\x8f\xb1\x03\x16w\xec\x0c\xbf\xb1\xc7\xe3\
\xb41\xc6s\xd9\x16\xe7\xd3\x93|Q\xf5\x98\x99\x83\x1f\
\x9e\xa9`\x8f\xa7\xd8\xb8\xd8f\xdcj\xf2\xaf\xaf\xc8\x1c\
\xb3W\xf9\xf7\xd5\x14\x87j+\xfc\x85\xab\xb0p+`\
\x7f*\x8c\x99\xea\xeb\xf0\xc7/\xdaLh5^\xf6\x92\
\xb4\xdeYbuR\xe3\xdd\xbf\xac`\x1dUx\xf5\x85\
\x16\xb2\xdff9k2\x92\xb3\x08j2\x8fN\xbb\xac\
\x8cL\xf3E\xb9\x81wh\x96C\x95*\xf2\xfd\x13L\
\xb8*\x07\xcd\x16o.\xf7\xa9:\xd1\x9a\xa7\xd6\xab\x9c\
m\x84\x1f\xa6\xbdN\xaf\xf5i\x06\x83\xb4\xd7\xd6|\x93\
\xe5\xfe %\xf6\xcc\xb8\xc9\xa3E\x97jT\x5cnT\
y\xa7\xacpT\x8f\xd0\x92\xb3\x06@\x8b\x91\xea{\xff\
\x955\xea\x05?\xd2\x8bS\xa9\x04\x13\xbd\xa8\xf8\x09\xde\
\xba\xd9\xa5\xd6\xf2\x08>H\x8d/\xdal\xf5\xb6S\xe3\
\xeb5.4\x03\xa4\xedr\xc0\x83\xa9>\x95ai\xce\
\x9a(^\xbcr\xc0\xd6\xd5E\xbe+Y\x91\x1e;4\
\x9d&Q\xb3\x87\xa6\xf9\x9b\xfb\x02\xde\x98\xb7iE\x8e\
\xab,\xd3\xd3Y\xccH/6\xf9\xce\xc5>\x13?\x06\
\x96\x98\xa3\x06\xa3\x132\xabQ\xbc\xab\xd68W\x89\xc3\
\x92\xb8\x9a[\xbcr\xa3Io\x98\x8cp[\xfc\xf1\x05\
0W\x86\xa7\xf9r\xc3\xa56DF|}\x7f\x8e\x99\
n\xf4\xf8{\xf3R\x9d\xebr\x9a\xa9\xa8\xf8\x95\x14\xdc\
\x98\xe5\x80x\x8cHp`J\xa3\xbe\x11\x1d\xbfw\xd6\
\x1d\xcav\xb4\xe6OU9\xa04\x99F\xdbj\xb2\xec\
\x00\x8a\xce\xa1q\xc1\x8d\xa5\x1e}\xa1\xb0sF\xa7v\
\xa7C-\x04aX\x1c\xcezl\xa9&F\xb9\x83\x18\
7i/\xf6)\xee\xd1)\xdf\xf6\xc8\xa6\x03\xdc\xb4\xc5\
\x03G\xa6xT\x0fH\x1a>eaPr\xbb4-\
\x13\xa3i\xd3M\x19\xc8v\x80\x16vxu\xcd\xe0\xd9\
\xc3\xf1Rx\xf5\xa4\x8c-i\xc8M\x8f\xf4\x88D\xb9\
\x06S\xe9\x80[M\x899\xcb\xa7\x1cJtn,\xf3\
o.\x87\x8c\xfa=\xfc\x11\x95\xcd%\x9f\xd9q\xb8\xba\
%s\xb4\xe8s\xa1\xa10\x81O\x22\x03eO\x85\x18\
\x9a\x8d|\x8a\x9d~\x9b\xcb\xdb\xdb\xe6ffM\xbaK\
m\xb6\x02(\x8c\xa7I\xd6\x9a,\xf6\x06\xb3\xe1\xd2T\
\x0a\xad\xe11\x9e\xf18l*\x01E\x00\x00 \x00I\
DAT\xdb\xd2\xb9_\xefr5Lp@t\xb8-\
\x1b(]\x89\x07\x8eM\xf2\x95\xb1\x10?!SkK\
\xec\xb0<\x16\x5c\x8d)\xd1c)4\x18\xf5\x1d<-\
\xe4\xdc\xb5\x1eG\x8f\xe7c\x95\x03\xae\x85\x1aZW&\
\x17\xf4\xe9\xa5\x0c\xa8:\x98\xa3\x0a\x8dU\x8ftI\xa6\
m\x83\xdc.\xf3[\xdf\xaa\x10L\xaaT;\x0aSa\
\x87;z\x92\x91f\x8b\xf6H\x86d\xa5\x8d\x97\x92\xe9\
\xa2S\x90\x02\x82v\xb4faX\xdc\x9fs9\xb76\
\xd8B\x96\x1d\xcd0\xd2j0o\x83\x9aM\xb1Ot\
\xb8X\x1b\xcc\x86\xf5|\x9a]Qq\xc9\xa5x\xe2\xa9\
\x22\xc5(-\x9d\x0e\xb5\xb1\x1c\x07\xe3\xa4\xfa\xb6\x04\x05\
\x11\xed\xc5o}o\x913F2\x22~\x82)\xdd\xa3\
i\x08\xd6\x17m\x9a\x80\x94JrD\xefr\xae\xec\x83\
frd\xc4\xe7\xe2\xaa\x83?l\xcd\xed\x1ag(\xf1\
\xe5X\xe5\x80>)+\x88\xf4\xd8\x997o\xf3|[\
G\x1d\x9afAi2\x15\x8b%\x08\x95\xbd\xd3\x11^\
\x14\x09\x9e<9\xc11\xe5\xc7\xc3\x92\x7f\xf9\x9e\xcb\x5c\
\x14\xefR:\xba\x03\xad\xcd!i\xc6`\xcf\xae1~\
n\x86\xe11\xc2\xe9\xd1\xe8\x074\x86\xa6Y\xc3m@\
\xca\x1b&#\xe2\xf0S0;\x95\xe7\xb9\x87L\xbaQ\
Z\xe6\xeb\xb4\x8e\x8c\xc6\xdbA\x14\x97\x11/\xacp\xdb\
T\x22\xf9\x99\xee\xbb\x98z<.\x0e\xa3\x0d\xe5\xd8`\
U\x93\xd1>0\x92\x90\xb04\xb6g\xd4\x02C\x97\xfe\
\xc6\xc0R$\x90\xa4\xed\x9f\xc9\x02\x81@\x96\x05\x92\x00\
Y\x12\x04\xb2@\xe0\xb1\xb4\xe60\x91\xefsM\xa8\xe8\
v\x8b;E\x9d\xfcZ\x93\x8a\xa2\xa2o9$\xc36\
\xab\xae\x11\xfb3\xba\x8d\x0e7\x15\x81\xbe\xdce&\xab\
rmMP\xd4\x5c\xce\xaf*\x8c\x8e\xba,\x86\x0a\xe5\
\xb5>\xae\xd0\x91\xc5\xe0\xb3I\x08\x14i\x90\x96Ue\
\x81\x10\x02\x19P$\x81\xaa\xc9\x88\x18\x9a%E\xc6\x12\
\x82\xc1\xf9\x97\x02C\x97\xb7o\xe2\x13(\x9a\x8c\xfe\xb1\
\x01(I\x02I\x08\x14I\x80\x10\x83\xa3=\x19|\x95\
\xe4\xc13\x19\xa8m\x0e\xea}\xf3\x1b\x0a\xd3\xa5.\x97\
;2y\xa9\xcd\xe5@Ew\xbatS>W\x9a\x12\
Gc\xf6M\xe8\xf4\xb9^V\xd9\xed\xb6\xa8k*\xac\
\xd8\xe4\x8b&\x0b\x0b6sY\x9d\xe5\xaa\xc0\xd8\xb0\xa9\
\x85\x90\x93AH\x02%\x18\xa4\xead1\xf8\xdc\x8a\x80\
@\x16HH\xa8\xb2@Vbh\x96$\x12\xaa\xc4\x07\
\xbf)\xab2\xc6v\xc7I\xb2\x84%\x89\x0f\x9f!D\
\xac\xb8\x10G\xcbV\x1fu,n\xe7\xf8,\xad\xf7#\
\xbd\xb8\xd8\x0d\x91\xac\xe8\xf8)b\xdb\x1f\xdb\xc2\x84,\
\x93P\xc5G\xfd\xa1}lN>L\xcd\x1b]\xec\xe9\
\xb8\xa3%\x8c\xe5\xb1\xcb\xd5\x00\xc9\x18\xae\xe6O\xc2\x12\
)\xca\x8bB \x85?>\x968H\xb1x\xa7\xaa\xd2\
\xf04#!\x89\xe13\xc2kv\xb8)\x0fOs \
KX\x0c\x97\x11q\xf8\xa9\x08p\xe2\xc4o\xdde\xfc\
\xc8\x8f\x80\x11\xc9\xe8\xf8\xc9\xf2'\xe0\xe2\xa7\xa5\x1c\xd0\
\xaa\xf7\xa8\x91\xe2\xabO\xa6i\xdclr\xb5\xea\x91\xde\
;\xc5\xd3z\x83W\x17\xfa\xd8r\x8a\xaf>Y\xe2\xe1\
)\x98\xeffx\xc0i\xa2=0F\xeaf\x97\x83\x9f\
\xcf\xb2\xf5v\x9fc\x9f\xb5\xe8x\x16\xb9\xd5\x0a\x17\x9a\
\x1a\x0f\x1dT\xb8\xd5Lp\xc4\xadp\xce*0\xba\xba\
Iyz\x94\xfcR\x0d\xf2\x82\x8a\x91a\xd2\x8f\xbb\xa2\
\xb7\xca\xf3\x9d4\x87:m\xd4]\x06\xd7\xcf\xb9\x1c\xde\
\xe9\xf3\xc2\x82\xca\x17g]^\xachL\xf5}v\xec\
L1\xe7\xb5X,\xe51\xee\xf8<z\xca\xe2\xda\x92\
\xcesGB^\x5c\xb5xng@-o\xb2y\xa5\
\xc1B-\x86\xe6'\xd2l^\xaar\xdd\x96y\xf8\xd4\
\x043\x95:\xe7\xd6\xfb\xd8\xb9\x11\x9e\xdb\x13\xf2\xf6\xf5\
\x16eO\xe1\xe1S\x13\x1c\xcae\xd9\xd3\xed\x90\xdb\xab\
s\xb5\x9e\xe2\x9b;\x1c^\x93G\xf9Z\xb2\xc1[\xe6\
\x18O\x84\x0e\xe3S>/\xdf\xe82\xb6?\x0f\xeb>\
G\xc7\xfa|k\xd3\xe2q\xb5\xc6\x0f\x83<\xa7\xa8r\
1a\xd2m\xe8<\x94\x0ab\xaf\xfc\xfd\xfe%8V\
\xe8q;\x95\xc3\xbcUE\xecK\xb0\xf2\x8e\xcd\xdc\x89\
\x04\xb7/\xb8\x8c[\x1e\xcc%\x19I\x19t6\x04\x0f\
\x8e\xf5\x99\xcfM\xf2\x84_\xa3\xb5o\x9a=\xeb[8\
\x07\xc7\xc8\xd92{\xa4\x06//\xd8\xacv\xa35O\
\xad\x96y\xb3\x12P\xbao\x86g\xcc\x16\xef.\xd9l\
z\x09\xbe\xf2X\x8a\xadkunt`\xf4\xbe\x19\xbe\
<f\xf0H\xb6\xc7Jd\x5c\xea\xac()\x9e\x1a\x89\
\xd02\x9b\xc0\x8a\xb9;\xe0\xf2\xd9\x06\x99]\xd1^\xdc\
\x954\xc97\xa2\xe2\x17\xf0\xd2\xf5\x0e\xeb\x15\x07\xb7T\
\xe2\x9b\xfb\xe0\xf4\xed\x16\x8bm8zb\x82\xc9\xb5\x0a\
\xefT<\xa4R\x89\x7fv,\xc7Q\xc3fyX\x9a\
\xe7\x12\xd0\x8fW\x0e\xa8\xdc\xde\xe0\xe6H\x960\xc2c\
'g\x93\xc8\xeb\xad\xa1i\xfe\xe5\xbd!\xaf\x5ciQ\
\x8d\x1cWY\xa6'\xd3\x10\xc3\x8b\xaf\xaf)?\x1e\x96\
L\xeb\x14Jp+\x8awk\x15\xde\xdd\x88\xc3\x92\xb8\
\x9a\xeb\xbc\xbe\xe62>TFtxm\xd3d\xc7\x10\
5\x9f\xaf\xf6\x86\xca\x88\xaf\xed\xcb0V\x8f3\xfe\xba\
\xf8cE\xee\x8f\xd22%\xd3\x8bY\x0e\x88\xc7\x88,\
G\xc7\x15\xd6\x96\x88\xf4\xeck+=\xee4\xa25\x7f\
\xc9hr\xb9\xf9)9' S\xb0P\x1b6e\x0f\
\x90Ufr\xb0Vvq\x91\x19+)\xb46\xfbt\
\x00\xa1j\xcc&\x02\x1a\xb2\x86\xd6\xeaCN\xa3\xb7\xe5\
\x92\x1eWin\xfa$\xcd\x10\xcf48r\xff\x0c?\
;+\xe1\xfa\x02\x03\x9f\x9e\xa4\xa0y\x1e\x9e\xaa\xa0\xb8\
>\x81\x22\x08\xf0\xb9\xfc\x09\xf6\xf6.\xa4\x92\x8c\x12\x10\
j\x02\xa7\x0b\x86\x01\x1d\x07R\x1a\xb4]\xd0\x01*k\
\xfc\xf3\x97:\xe8\x81K\x98Vh\x94}Fr\xb0\xd2\
\x94\xd8\x91\x0eX\xb4e\xf2\x04\xe8\x16\xb4\x03\x05bh\
V\x93&cA\x8f%{\xb0\x1f\xb6X\xd2p\xb6z\
4BH\xe5-\xcc\x96\xcd\xa6\xfbA?\x9a(v@\
\xce\xf2\xb9\xddU\x99S\x1dVB\x9d)\xd1gCR\
Q\x1c\xc1\xdeC\x13<wd\xb0\x07XWB\x9a\x9e\
DZ\xf2i#\x93\xc4\xa7+I\x08\x0f\xaaK\xf1\xcf\
\x098\xdd5\xd9\xa7\x0f\x8e\xb2\x94\x1d\x0f\x0c\x19\xbf\x1b\
\xa0Y\xd2\xe0\xb8O%$\x14m~\xf7\xf7\x96X\xca\
\xcb\xb4{\x0a\x85\xb0GY5I\xdb6\xddt\x02\xb3\
\xd5\xc57e\x1cTR\x22 \xecEk\x16\x9a\xce\x5c\
\xc2g\xa168\xf8\x22\x91\xb5Hwm\xd6\xfa\xa0$\
L&E\x9f\xc5\xf6 \xed\xa5&MF\xa3\xe2\x92L\
\xf2\xc4\xe7'9iDiq\xd8\x8cyN\xc0\xe9;\
\x83=\xc0Q^|\xeb\xdbW\xf8V\xcf\x88\x8c_^\
\xf1\xe8\xe9\x12\xd5\xcd>]@\x98\x06;T\x87\xdb\xcd\
\x80P\xd5\x98K\x05\xdc\xa9z\x04C\xd7ls:\xee\
9\x017\xdbX\x13f\xa4\xc7*\x17\xe7\xf9W\xb7@\
\x1e\x9afA\xa6`\xc6b\x09\xc8\x8c\x17\xa3\xbch\xf0\
\xe8#\xd3<;\xfd\xe3a\xc9o~\xbbI:\x92w\
*\x9a\x07\xdd\xa1iV\x99\xdd9\xc67\x8e%P\x87\
\xc5\x08\xc7f\xa5\xaf\x91\x1e\x9af\x05\xdf\x06\xd3\x1f.\
#\xe2\xf0\xb38\x96\xe3\xe7?;\xc2D\x94\x96j\x83\
\x9b1\xcf\x09\x88\xcf\x88\xeb\xbc\xe0H\x91\xf1\xb3\x5c\x0f\
M\x8d\xa7y\x18M\x1a\xc6?\x92+X\x14\xd5\xedY\
\x85\xac\xb1\xb3\xa8\xa1\x0e\xbea|\xd4 \xf5\x81\xc9\x14\
\x8d\x89\xb4L*g\x92W$\x0a\x05\x9d\xa4P\x18+\
\xe9\xa4\x14\x95RR\xa10\xa2\x93K\x84\xdc^\xe8\xe1\
\xb4\x1a\x9cn\xc9x\xebUn\x86\x0a\xf5\x85\x0a\xf3\x01\
,\xad\xf5\xa9\xafV\xb9\x1e\xf7\x16,!\x93\xec4\xb9\
\xd4\x0b\x98\xbff\xe3\x19\x0e\xa7o;\xa4\xb0y\xf9\xb6\
\x83\xd1\xedp\xd3\xee\xf3\xee\x0d\x1b\xcf2\x183e\x8a\
\x05\x0dKV\x99\xca\xa9\xa8\x9a\xce\x5c^E7u\x8a\
\xc6\xe0g\x85\x98\x9a\xf5\x94\xc5\x5cR|\xf89FG\
M2b\x90\xf6\xca\xe4-F\xb5\x0f?$\xc9\xacA\
V\xd7\x98\xc9*H\x86\xcetRBO\x98\xcc$%\
\x92i\x9d\x94i0\x95\xd2\xe8\xae4){=^_\
\xf2\xc9\xf5[\xbcQ\x93\xd0ku^\xafI\xf4\xd7:\
\xd4\xed\x16\xaf\x95\xe3\x9aD\x90Pz\x9c\xd9\x08h/\
UY\x92$\x96\xaf\xb7\xe8\xa6\x02.\x9dka\xab}\
\xaeU=\x16\xae\xd6Y\x09e\x8a9\x8dd\xc2`\xd2\
\x12Xi\x83\xa2.\x91\xc9\x99\x94t\x99BF!\x95\
6\x98\xc8\xc5\xd4\xac\xe9\xec\xce+\xdb7g\x09\x92\xb9\
\x04\x93\xc6\xe0;%i\xb2#%>\xbcUK\x89\x19\
\x97\xac\x1aC\xcb\xb5\x0e\xdd\xb8\xa5.\x83X^<\xdf\
$F\xfct\xa6S\x1a\x93\xa3:\x89\x0f\xb2\xe1\x96\xc9\
\xee\xcc\x804B\xd1\xd9=\xf2\xd1\xdb\xe8P5_m\
R\x8f\xeb\x08U\x89\xe5\xb1WW\xbd!k\x16\xf1Y\
\x22bx1cPJ\xfe\xf8X\xd2\x8b\xc3\xbb\x82\xce\
\xf8\xc8\x105\xa7\x0d\x8a\x96Jo\xa8\x8c\x900\xed\xe1\
j\xce\xa5\x86\xcd\x08\x11\xcb\x8bS)\x95t\x9c\xf8\xcd\
\x0f\xb6\xe7\x0d\x95\x11-)^\xfc\x92\xf1\xb9\xf8\xa9)\
\x07\xd4+6\xe5p\x90\xce\xaa\xcf7\xb8\xb0\xe5\x92\xda\
;\xc5\xd3z\x9d\x1f\xdc\xec\xd1\xde.\x07\x9c\x98\x85+\
\x9d\x0c\xc7\xba\x0d\x94\xe3\x13$\xaf\xdb\x1cz:\xcb\xda\
\xeb=\x8e?n\xd1t-\xb2\xcb[\xbc\xb5!qd\
\xbf\xc4\xc5-\x93\x83\xf6:\xaf\xeb\x05r\xb7VX\x9a\
*\x91\xbc\xbeE7\x03Kr\x86\xe90f\x0a\xafZ\
\xe6\x0f*I\xf6\xd7\x1bx;T\xce\xbc\xd5\xe3\xe0\x0e\
\x97?\xb9,\xf3\xc5\x99\x1e\x7f\xb6\xaa2\xdar\x98\xde\
\x95f\x97\xdf\xe4V\xa9\x80v\xcb\xe5\xb1\xcfY\x5cZ\
\xd0\xf9\x85\xa3!\x7f\xbdd\xf1\x8b;}\xcay\x93\xd5\
\x8bu\xe6\xcb14?\x91f\xe3B\x85K\x9d\xed\xb4\
W\xb9\xce\xfb\xcb=Z\xdbi\xaf7\xaf4Yw\x07\
i\xaf\xc3\x85\x1c{;m\xb2{u.TS\xfc\xfa\
\x8e\x1e/I\xa3\xfc\x5c\xa2\xc6\xab\xc6\x04O\x06}\xc6\
\xa6|\xbes\xa1Ibw\x9e\xfe\x82\xc3\xa1b\x97\xff\
{\xc9\xe0s\x94y\xbe\x9f\xe31w\x8b\xb74\x83\xfa\
\x96\xc2C\xe90v9\xe0\xaf\xde\xf18\x94\xe9p\xd1\
\xcc\xa2\x5c\xde\xa4\xb7\xd7\xe2\xc6\xcbM\xa6N\x9a\x5c|\
\xab\xc7\x88\xde\xa77\x9dd4k\xd0^\x85\x87\xc6\xba\
\x5c\xcdL\xf3\x94W\xa1\xb1\x7f\x86=+\x1b\xf4\x0e\x8d\
\x93m\xcb\xec\x91j\xbcp\xb3\xc3b\x0c\xcdS+[\
\xbc\xb2\xe9\x7f\x98\xf6z{\xb1\xc3\xaa;H{m^\
\xa9r\xb9\xb5]\x0e\x1878\x99\xedrg4*.\
5\xae:\x16\x9f\xcbFkI\xeb\xf1\xca\x01\xe7\xdf.\
\xa3\xceE{qO:\xc1H=:~\xdf\xbb\xd2f\
i\xb3O\xff\x83\xd4\xf8\xad&\xf3\xcd\xed\xd4\xf8j\x99\
\xd77=\xc4v9\xe0\xb8\xd9aqh\x9a\x13(q\
\x0f\x0b\xba\xb1\xc2\xd9L\x86^\x84\xc7N\xeeH\xa3\xac\
5\x87\xa6\xf9\x97\xf7\x06\xbc|\xa9\xc1f\xe4\xb8\xca2\
3\x9d&X\x8b\xf6\xe2wo\xc1\xe1\x1f\x07KfL\
F\xc7\xe0Z\x0c\xde\xbd\xbe\x12\x87%\xf15\xbf\xb4\xd0\
%9TF\xb4\xf9\xee\xa2\xc6\xe4\xd04\x97y\xbf\xdc\
\xe5\xce\x10\x19\xf1\xb5\xfd9\xc6k1\xc6\xdf\xa5&\xe5\
l\x81CQZ\xa6\x15\xfa1\xcb\x01\xf1\x18\x91\xe5\xd8\
\xb4\xca\xeabt\xfc~\xb0\xd4\xe5f-Z\xf3\xa7\xaa\
\x1c\xf0\xe1\x8cB\x16\x04~\xf8\xd1B.B\xfc\xf0\xef\
x\xf6\xf7\xcf\xabx\xfc\xcb\x07\xf8\xc6\x9c\x84\x1f\x084\
\x02\x1cIB\xf1\x03|YB\xf6\x03BY\x10\x84\x1e\
gn\xf8<\x1c\xe7\xe6\xaf\xb5\x06\x9b\x854%\x02P\
\x04\x9e\x0b\xaa\x02}\x1fL\x05\xba>h@\xb0\xb1\xc2\
\x7f\xf7\xe7[T?A\x8f\xc4\xd5,I\x02\x82p{\
v)\x90\xa5\x10?\xf8hA\xe0G\xcf\xfe\xfe\xb7\xf6\
\xa9\xe3{\xf8\x9f>\x93@\xf1C\x149\xa4\xebK\x98\
R@\x0f\x09\x83\x00G\x08D\x00\x9b\xf3\x0d\x92\xb1n\
\x11lq!Hp\x9f\x1e\xe2\xb2\xdd\xbf\x8aD\xe0\x04\
(\xba\x84\xe7l\x1f;\x1b6\xf8?~\xfb6o\xf9\
\x9f \xcd\x14S\xb3\x90\x04R\xf8\xb1~\x93\x04A0\
\xe8\xb7\xbf\xfd\xec\xef\x0fF\x86o\xfe\xd2\x0eNEj\
\xe9\xb2 %b\x95\x03\xce\xaeI\xdc7\x16\xed\xc5W\
\x9e\xbf\xc4\xef.\x7f\x02\xe3\x08\x81\x22B\xbc\xe0\x83\xf5\
`\x83\xfe\x08\xff\x8eg\xc3\xd1\xdc\xe2\xb5\x8dx\xb7\x08\
.,t)N\x9b\x91\x1e\xdbx\xff\x1a\xbf\xf9v\x17\
\xffG\xa0\xf9\x1eK\xfe\xffj\xfe\x110\xc2\xe9R\xc1\
 \xf3#\xd0\xfc\x0f\xcd\x08yb\x92\xff\xed+%\xc6\
\xa2\xb4l\xd6\xb84\x16\xe7\x16\xc1\x1f\x1d#\x86\xc6\xc5\
\x7f\xc8I\xc0?t\x13\xb2\x84&\x11\x99\x1a\x09\x83\x90\
\xbe\x1frW5!\xd0\x95\xe8\xb4QH\x88\xeb\x86\x04\
wW\xe7\xa0\xaa\x22\x12\xf8\x00\x9e\x17\xe0\xfd'b\x1d\
Y\x96Pc\x14\x00\x03?\xc0\x09\xee\xb2\xe1r7\xb2\
\xe4\x1e#\xee1\x82!m\x11\xfcq\xb5\xd0\x0f\xe8\xfb\
\xdck\x7fg\xe7\x84\xf4\xdd\xf0^?\xfcG\xb0\xe6\xba\
!\xee]\xa6\xda\xf7\x03\xfc{\xe3\xe5\x1eK\xee1\xe2\
\x1e#>\x9e\x8d\xb9\x17\xec{\xed^\xbb\xd7\xee\xb5{\
\xed^\xbb;\xdbOt& 77\xc6?\x9a\x8b^\
\xcc\xe3\x97\xab\xfc\xe1\xc5\xce\x87\xe7o\xdf\x0dM\xca\xe6\
\xf8\xea\xfd\xc9\x0fWd\xffG\xe7\xbbn\x87\x17\xde\xa8\
\xb2|7\xbd\x10H\x16\x8f?V`G\x9cE?\xef\
\xaf\xf1^\xeb?\x05\xd12\xfb\xef\x1f\xe7d.:\xf9\
\xbb9\xbf\xce_\x0d\xf1\xbe\xf2{\xed\x1e#\xee\xb5{\
\x93\x80O\xd8\x04\xa6.p?v?\xb3\xea{\xf8\x8a\
\x82\xec\xf9\x83\x85\x16\xc8\x14\xc7r|\xe1H\x8c\xc5<\
\xb7;\xfc\xe9\xd5\x1eJ\x18\x10\xaa\x12\xee\xdf\xbaC\xda\
\xf6\x07wHK2\xd8\xfd\xe0S\x0f?U\x93\x91\xfc\
\x10U\x86\x8e/HH\x01\xdd\x8f\xdf\x15\x1e\x80\x95M\
\xf1\xb9##1\x16\x06J\x9c}\xa7NM\x848\x1f\
\xbb\x8f\xde\xef\x05\xa8\xa6\xf4\xd1}\xf4\xb2\xc0\xef\xf9\x9f\
\xfe\xf4\x98$\x91P\x22\xb4h\x06\x0f\x1c.\xf2H\xe4\
\xa2\x9f>\xfd\xab\x1b\x5cr\x88\xf0\xa2\x84\xec{t\xfd\
O\xb1fEe\xc7\xae\x22?\x1dca\xe0\xf5\xe6\x16\
\xdf\xdb\x0c\x11\x11\x1e\xd3D@\xfb^:\xf9\xae`\xc4\
\xb9\xf7\x1aT\xbd\xff4\xf8y\xaf\xfd\x08&\x01\xc7N\
\xcd\x929\xb7\xc8\x0f\x9a \xac\x1c\xff\xf5g\xe0O^\
\xaaQ\x97,\xbe\xf2\xf94W_X\xe7z\x00Rv\
\x84\xffrg\x8f\x0b\xe6\x08\xf9+\xeb\x88\x07\xf3\xac\xfd\
\xa0\xc5\xc1gR\x5cy\xa9\xc7\xaei\x1f{\x22I\xfb\
\xb2\xc7\xc9\xc7,\x166u\x1e\xa2\xcc\xdb\xc9Qv\xaf\
\xad\xb3\xb9k\x82\xd2\xadM\xfa\x93\x06\xad0A\xb2\x13\
\xd3n\x92\xc6\x83\x8f\xee\xe6\xa7\x82&\xbd\x9d\x09n\x9e\
vx\xe8P\xc8w\xe75\xbe\xb6\xc7\xe5\xcfWt\x8e\
\xc9\x0e\xd9\x8c\xcd\xbf\xbb\xa4\xf3\x88S\xc7\xd9\x9f\xe0\xe2\
\xeb\x0e\x9f=\x1e\xf2\xe7Wt\xbeq\x9f\xc3\x1f,\xea\
<\x14:\x94f\xe1z\x90B\x8d\xa1\xb9\xb0\x7f\x86g\
\xdd\x15\xfe\xaf\x9b>\xa10\xf8\xc2\x17\x0al~\x7f\x85\
\xb3\x9e\xe0\xd0\x89Y\xa6\xae-\xf2\x9d\xea\xe0\xe8\xcc\xc3\
'&I-\xf69>\xd7\xe3w\x97S\xfcW\xe9*\
\x7f\x1e\x8c\xf23\xd2\x06/\x19Y\x8c\x8a\xc4\xa3\xc5\x1e\
[S%\xd2\xab}\xee\x9bv\xf8\xd3\xd5\x04?\x93\xac\
\xf3\x9d\xb0\xc8\x17\xc5\x16o\x18\x19\x92M\xc1\x1e%\xee\
\x9fk\x89\xf1\xfbf\xf8\xdaL\x9f\xcbZ\x9e\xc2\xad-\
\xc2\xc3Y6\xdfl\xb3\xf7\xc9$\xf3o\xf4\xd89\x19\
b\x17\x15^\xff\xc3\x0d\x8a',nl\x98\x9c\x0c\xd6\
y%=\xc9}\xcb+\xac\xef\x9fa\xfc\xda\x1a\xddi\
\x9dr\x98a\xaf\x14bT\x96#5K\x85\x12\xff\xed\
\x1e\x9b\x7f\xf7V\x1b\x1f\xc1\xee\x87\xe68\xb2\xb4\xc0\x9f\
\xad\x87\xa4vO\xf3O\xe4u~\xe7\xda\xe0\xfc\xec\xcc\
\x9e)~:2.\x82\xf7\xaa)~n.J\x8bE\
6f\xef\x98#%~\xedq3\xd2\x8b\xe1{Wy\
wz\x222~\x9fIv\xd9\x9aPy\xf7\x85M\x16\
\x02Pg'\xf9\x95L\x85\xff\xfd|\x0f2#\xfc\xca\
a\x87\xdfy\xadI\x7f\xe8\x9a5\xda\xed\x98\x8e0\x13\
\xfc\xe7\xcfD{l\xb7\xbd\xcc\x1fIy\x12C\xd4|\
\xf75\x99c\xa7\xa6b\xf1\x13\xc9\xe2\xd9\xc7\xa2\xc7\xdf\
\x8eZ\x15\xe5\xfe\x092\xc3b\x84\x90\xd9wr7\xcf\
z\xd1\xfc\xfc\x17?\x0c\xf9\xf2\x8e(\xc6'h-+\
\xec\xed\xc7\xe1\xe2\xbd\xf6#w\xe00\xce\x09X\xbb\xd3\
`\xc1\xd19\xba\xcf\xa0\xbb\xd1\xe4\xcd\xdb=\xa4R\x96\
\x03r\x9bW.\xb5\xa9\xa0st_\x9a\x1d\x89>o\
o($\xd6\xabl\x15\x13\xd4/41\xf7\xaa\x5cz\
\xadEj\x16nV\x05\xf5k5:cy>3\xad\
!\x85\x0a%=\xc01MFB\x0f9\x9b \xeby\
h)\x15YQ\xf0\xbba\xbc\xbd\xbd-\x9b5\xd5b\
V\x0bQ3\x1at\x05\xa3\x05\x99\x8e\xa7\xb0#+h\
\xfa\x0a\xa3\x9a\x84\xa5\x86T\x1769-il\x5c\xb6\
)\xce\xc2[\xd7B\x8e\x14\xba<\x7f\x03\x0e\xe9]\xe6\
\xc3\x90s\x17\x1a\x5c[\x8c\xa1y\xafA\xe5Z\x99\xb7\
k\x82\x99]\x19r\xed6\xa7\xaf\xb7\xd80\x12<\x5c\
\x0c9{\xa5\xca|WbfW\x86\xc9\x84\x89\xbaV\
\xa7\x93\xf4yuI\xe13F\x8b\xef\xb4\x12\xec\xefU\
x\xc1N0Z\xe9\xe0)6\xaf5M\x1e\xdd\x95\x22\
\x1bB>-\xd1\x0c5vX\x01\x1d\xcddF\xf3\xe9\
\x19:I$\x12\xbe\x87\x1ek\x0fp\x9fE[a.\
'\xe1k:Y\xdf\xc7(\xe8\xa86\x8c\x8c\xeb\x04\x1d\
\xc8\xa6d4\x0bjM\x87\x0b\xf3}\xb24y\xc7O\
3Q\xd9\xe2f:\x834\xbf\xceb\xce\xa2\xb1\xe6\xa1\
\xd4\xcb|\x7f\xbe\xce\xd9\x18\x9a3\x9b\x15\xbew\xc7!\
9\x96\xe3\x90\xda\xe3\xd2\xcd\x1aW:\x1a\x87v\xe9\xd4\
oVx\xab\x12\x90\x1a\xcbq0\xad2\xe15\xb9\x10\
\x15\x97K}&\xf6\xe58\x1a\xa9E\x025\xce9\x01\
>+\x95\x80\x91R\x0c/\xb6=Vo\xd5\x22\xe3\xf7\
\xd77\xda\x5c\xba\xd9\xa1\x91H\xf1\xd8(,\xde\xa9\xf3\
\xf6\x86\xcf\xc4\x5c\x86L\xa5\xc6\x8b\x0b}\x82d\x8a\xc7\
f\x13\x14\xed\xfa\x105C\xb3\x17\xef\x9c\x80Z\xa5\x07\
\xb9D\xa4\xc7RR\xc0\xa5\x0b\x15\xdaC\xd2\xfch\x09\
\x96\x9bw\xdd\xea\xbcx\xfc\xdck\x91\xcf\xa8,\xdf\x8c\
\x1e\x7fgD\x8a\xc7\x86\xc9\x08\xdf\xa5\xec\xa8\x94\xa2\xf8\
)yl\xd9\x1d\xde\x8cd|\x99\xf3k\x8dX\x8c\xc8\
\xb6{4\x82{\x7f\xa8\x7fB\xca\x01\x01\xcd\x8e\xff\xe1\
V\x09\xbf\xef\xd2\xfap\xdfD@\xb3\xe3\x11\x88\x00\xcf\
\xf5\xb1\xbd\x80^\xcf\x87 D\xb2}\x5cB\xecn\x80\
\xe3\x86\x04\x81\xa0\x98\xd1Hk\x0a$eL\x0cFU\
\x89T\xd6@\xd1\x04VF\xc77d\x0c`5v\xba\
Ta,)\x91\x085|E\xc1\xcf\x0b\x0c\x1d\xa62\
\x12\xaa&1\x91\x92I\x09\x09\xcd\xb5i;!\x8e\xe4\
#\x05\x01\xed\xae\x8f\xebC\xb3\x17\xe0\xfb>-'\xa0\
\x0f\x1f\xdb\x0e\x12\xa5\xd9\xc7\xdb\xfe\xaeg{\x88\x0f\xcc\
\xec\xfb\xd4?v\x1ft\xcfv\x11\xbe\x84\xeb\x85x\xfd\
\x00\xdf\xf7h8!\xbe\xeb\xd1\x22\xc4\xc3\xa7\xe3\x05x\
N\x80\x926\x18\xd1%\x8c\xb4\x82\xaeKL\xa7et\
Ug\x22\x94\xd0\x84AIV\x06\x17g\xc4~\xad\x12\
d\xb2*\x96!1\x22K\x98Y\x83PQ\xd0F4\
,!S\xca\xa9\xa4\x12!\x9e\xec\xe0\xf5<\x9c \xa0\
\xe3\x06\xb8\xc2\xa3\xed\x858}\x0f\xdb\x0fqz>\x81\
\x17\xfc\x8d\xedFQ\x9a?\xc8\x1bz}\x97\x86\xfbQ\
\x9f\xb6m\xff\xc3\xbd\xe7^\xdf\xa5)\x87xR\x88\xe3\
G\xc5Ef$\x96\x96\x90\xb8e~-\xa9\xc7\xf2b\
\xc3\xf3\xe8\xc4\x88\xdf\x87=\xe0{T{\x1f\xd1\xad\xd7\
\xf5\x90\xc2\x8f\x9e\xd5\xba \xbb\xc3\xd4\x1c\xbf\x90#i\
z,\x8f\xd1\xf6\xe9x!\xce\xb04\xf7\xeef\xda\xc7\
\xe0'a\xac\xf1\xa7Y\xc3f\x84D>\x11\x83\x9f\xbd\
\x90n/\x0e\xe3?9#\xee\xb5Oy&\xe0\xd8\xa9\
Y\xf6\xd7\xaa\x9c\xd9\xf2\xf0\xac\x1c\xff\xcd)\x93\x1bW\
\x9b\xac\xfb\x16_\xf9B\x81\xf0V\x93\xf9\x86\xc3\x96\x94\
\xe5\x9f\xec\xf4hN\x8f3\xb3\xd2\xa0\xf8h\x81\xdeY\
\x87\xcf|%O\xfd*\xdc?)\xc8\x1f\x19aOV\
c\xe9b\x87\x8c\x5c\xe3\xdbv\x96\xb9\xd5\x15\xced\xf2\
\x88\xb3\x8b\x5c\x19IS\xb9\xd9\xc3\xdbZ\xe7%/\xcd\
c\x9312\x01\x1d\x0f\xa9Y\xe1%\xdf`\xed\xbd\x06\
\xc5\xbd\xf0\xedw=\x1e\x19\xed\xf0\x7f\xbe\x1fr\xc2j\
\xf1V/\xe0\xcdW\xd6\xb8\x5c\x18\xe7)zL>\x94\
a\xed*|\xe9!\x857\xd6\x13\xfc\xca1\xc1\x1b\xed\
$\x0f\xab\x12\x0f\x1f\xb5HL\x97\xd8\x15\xa5\xb9\xe9\x91\
\xde?\xc3\xd73-\xde\xb8\xd3\xa7\x1d\x1a|\xe1\xa7G\
I\xdd\xacq\xa9\x13r\xe8\xc4\x1c\xc7\xec:\xe7\xb6\x1c\
\x1a\x1d\x97\xa9\x07'(4d\x9e\xdd\x17\xf0\x9dN\x8e\
_\x1ai\xf3^b\x82\xe7\xd2\x0dn\x8f\xe6H\xb8)\
~\xf6\xbe\x14\xfe\xadM6\xd3\x01\xdf\xbe\x22\xf1\x84U\
\xe3?l%9\xde^\xe5\x0f\x9a)f6j\xd4D\
\x9b\xdf\x9f\x97yt\x8f\x15#\x13\xe0\xd2\x13]\xbew\
S!\xbb\xb2\xc6\xad\xb14[o\x94\xd1\x8fh\xbc\xf9\
|\x95\xf4~8\xb3\x14P>\xbb\xc2\xb7\x97$>{\
\xc2\xa2\x1a\xe6yZ\xafqk|\x8a\x07jU\x82\xa3\
s\x1c(7\xc9\xed\xd0\x09\x0a\xa3<>\x9d\xe1\xb8\x11\
\xad\xb9\x9b+\xf1k\xf7\x0b\xde\x9aoSq\x04\xbb\x1f\
\xda\xc1\xe7\xfc\x1ao\xae{\x98\xbb\xa7\xf9\xc5b\x97w\
\x96{Tm\x97\xfe\xe4$\x9f\x8f\x8cK\x9a\xc9\x82\xcb\
\xcbQZ\xce7Pvg\x98\x8c\xcc\x04\x04T\x83\x80\
\xcb\xe7\xa2\xbc\xb8\xc6\x1f]j\x93\x7f :~?3\
\xa30{4M\xe7z\x83\x1b\x9d\x00uv\x92_\x9b\
ux\xe5V\x97nz\x84_}H\xe1\xdc\xad\x0ek\
M\x87\xde05\x9f\xdbds\xac\xc0\xfd12\x01M\
[\xd0\xbe\x19\xed\xb1\xff\xf0z\x95\xe4\xfd\xe3C\xd3\xbc\
n\xdf\x8d\x93\x00\x99c\xa7f\xa2\xf9\xd9\xf4\xa8wT\
\x9e\x8c1\xfe\x1e+Z\x98\xcb[\xc3cD\x10\xc0\xe6\
&/x\x11\xfc|m\x83\xf7\xfai\xbe\x16\xc9\xf8\x02\
cz\x8e'\xd2\xd1\x8c\xe8\xdc\xcb\x02\xfc\xc8\xdb\x10\x0f\
\x0b\x92\xc8$%\xec\xb6\x87\x0b\xc8\x9aJ2\xfc\xe0\x0d\
O\x22\x93\x94\x09=\x1f\xdb\x13\xa8a@\xa0\xca\xe0\x04\
(\xba\x18\x5crb\x08<\x1f\x84/\xd8\xff\xf0\x0e~\
\xe9\x90J\xcb\x96\x19\xa5\xcb\x9a\x9a \xd7icgS\
Xu\x1b/!\xd3Gb}5\xe0\x918\xa7|\xad\
TxWM\xb3/t\xf0\xb2\x0a\xb5\xf5\x80\xf1b\xc8\
\xed\x9a\xcc\xfe\xbc\xcf\xf5\xa6LI\x04\xe8N\x85\xff\xf5\
\xaf\xb6X\x0f%\x84\x17\xa2\xea\x82\xbe\x03\xa6\x12\xd2\xf1\
\x04\x099\xc4A\xe09\x1f\xbc\xa9Fi\x96\xe8\xb4=\
<\x04fBAt]\xec\x00\x90\x15rj\xb0\xfd\xe6\
3x&{!\x81\xe7\x13*\x02g\xfb\xff\xea\x84\x12\
\x16>62F\x18\x10J!\x89\xd9I~\xfd\xb1\x1c\
F\xdb\xa7\x90\xf2\xb9\xdeV\xd9\xab\xf5\xb9\x1d\x9a\xec\x14\
]Vd\x1d\xa5\x0fr\xa5C*\xd6\x89\x81\x0d^\xde\
\xd0y \xebS\x96\x0c\xcc\x86\x0dE\x1d{\xc5%?\
\xabQ[\xf1H%C|\xb3\xcf\x9f\xfe?wx\xb7\
\x1f\xa2H\x83\xcbj\xf4\xc0\xc7\x93e$\xcf\xc7Wd\
\x84\x1f\x22\xe1\xd3\xf5\xf8P\xd7\xdf\xa7\xf9\x83g\x8a\xa1\
\x92\xf4]\xea\xdb\xfd\x96N\x08:\x9dA\x1f+\x86J\
\x22\x0c\xf0\xc3\x80>\x11q\xf1\x0c\xbe\xf4\xcc,\xcf\xe4\
\xa2\xb4\x84\xb4\xb58'\x06\xf6y\xeb\x8a\xc3\xec\x8eh\
/\xce\xff\xf0\x1a\x7f\xb8\x14\x1d?\xdb\xd9\x1en\x8aB\
A\x0d\xa8t\x07\x943,\x15\xd1u\xe9\x86\xdb\xcft\
\xe8\xbb\xfe\x105\xbb\x5c\xad\xc4;1\xf0\xf6\xd5*\xce\
d:\xd2c\xd2\xe2\x02\xff\xcb;\x1d\xbcai\xfe\xd8\
\xb3\xbb\xafE\xb3\xc4uC|/z\xfc%wL\x0d\
\x97\x11\xfd\x0e\x97\x9a\x1a\xe3A\x04?\xfb\x15\xfe\xe7\xef\
\x94\xd9p\xa3\x18\xef\xd3\x0f>\x19#\xee\xb5Oy&\
`\xe0a\x8b\xcf\x1d\xb3\xa8\xaf\xf4\xe8\x00\xe9\xa9\x22\x0f\
)6\xb7:\x1f<\xcbrxJ\xa1-\xd2\x1c\xd7]\
\xf2\x87J\x8c\xd5\x03\x0e?\x9a%\x5c\x0a9\xfe\x99$\
\xaa\x92`\xbao\xd3\xb4\x92\x1c\x1a\x15T:2\x19\xcf\
f\x05\x1d\xbd\xd9\xa1i\x9a\xc8u\x9b\x9e*h\xfb2\
\xae\x1dsM@\xa3\xcdEWg\xc4\xe9\xd3\xb7d\xca\
\x1b.\xe9d\xc0\xad\xaa`\xd2\xf2\xb8\xd1\x92Hx\x1e\
\xb2&\x93\x0c\x1c\xec\xb1<\xa5\x8e\xe0\xc4\xc3IZ-\
\x93\x7ftP\xe1\x96\x9d\xe0?\xdb)\x13\x16\x13H\x9b\
]\x9aq4?`R_\xe9a#s\xe0\xc8\x08\xc5\
Z\x9bu\x0f\xa4t\x86\xcfO\x05\xdc\xa8\xf8\x84\xc8\x1c\
8R`G:\xcd~\xd9cl\x8fE\xc7O\xf3s\
\xbb\xe0Nb\x84g\xf2}V\xb3%~\xca\x82\xa9i\
\x85\xe5\x96\xcc\xfe)\x8b\xb0\xe9\x93\xd0=\xae\xb7d\xc6\
\xe9q\xcb\xd3)\xf9]V\x90q\xbb`\xb8q\xd7\x04\
\xf4\xb8\xb8\x01c\xba\xc7\x16*\xa2j\xe3\xa4T\x1ak\
\x0eFI\xa6\xbc\xea\xa1\xa9\x01}\x0dz\x92\x8e\xdcW\
8>\x05vq\x8c\x9f\xd2{({\xc69\xd0\xb3\xb1\
\x0e\x94\x98\x16\x1a\x07R}n6B\x88\xa1\xb9P\xed\
\xb0\xe1Anv\x94\xcf\xa86\xf3\xed\x10$\x83\x93\x87\
Mj\xeb}z\x0c\x9e\x9d\xc8k\x1c-\x823\x1e\x11\
\x97-\x07s\x22\xc5>#J\x8bD\x18sM\xc0\xed\
\xa5\x1eF6\xda\x8b\xbe\xa7\x90\xf3\xa3\xe3w{c\xb0\
\xd0Q\xcafyv:\xe4\xea\x96G\x88\xc4\xee\xfb\x0a\
\xe4\xab\x1d\xb6\xfc\xedg\xfb\xd2\x1cL\xfbC\xd4\x0c\x8d\
\xb8k\x02\xd6\x9bT-#\xd2cIMA\xb4\x1dF\
\x87\xa4\xf9\x99\xa9\x80\xab\xe5\xbbtkb$K\x12\x8c\
\x8ee\xc8\xc4\x18\x7fw<\x9d\x03\xc3d\x84\xdf\xe7V\
]\xc2\x8a\xe2\xa7\x14BF\x8a\xc1\xf8\x0e+\x0e\x9f\x88\
\x11\xf7\xda\xa7<\x13\xb0\xfb`\x09\xeb\xf6&\xe7m\x10\
z\x92/\xec\x87\xd7\xce\xb5\xe9\x08\x9dG\x1e\xb0X>\
Sc%\x04\x91H\xf3\xe4\x98\xc3\x82\x96&\xb9\x5c\x87\
\xddIj\xe7\xbb\xcc>lq\xe7|\x9f\xf1\x91\x80~\
>\xc1\xde\xd9<\xd6R\x8f\x1d\xa3=\xde\xa6\xc8\xc9\xf6\
:\xd7&&\x18\xbd\xbe\xc4\xc6\x9e1\x8c\x95\x1e\x99\xb0\
\xca\xf7\xc3\x09\xfe\xfb\x07\xe3\x9c\xf7\xddd\xddn\xf3\x8e\
\x9a\xc1\xbc\xd1f\xef#:o\x9e\x85g\xf6\xb9\xfc\xc1\
5\x95\xafO\xf7y/\xd0X\x7f{\x997\x95\x0cG\
\xbc\x0e\xfe\x94\xce\xc2e\x8fC\xbb\xe1\xcde\x85/L\
{\xfc`Se\x0f\x1e\x99\x22\xac\x85&R\x0c\xcd\xa9\
\xa9\x12\x8f\xf8e^\x5c\x0b@\xa8\x1c{ M\xfd\x5c\
\x85[\xbe`\xf6@\x89\xc2\xf2\x06\xef\xb7\x06\xb3\xe2\xb9\
\xfd\x05\x8c-\x97=%\x87\xef\x95-\x9e\xb2\x9a\xbc\x11\
\xe6xT\xd49\xa7%P\x9b\x12'\xef/\xb1\xb3U\
\xa55ep\xe1\x8e\xc6\x7f1\xd9\xe6\x0f[y\x9e\x15\
\x1b<\x1f\x968\xd5k`g}\x9e\xbf\xa6\xf1\x1b?\
=\x12\xeb\xee\x80\xab]\x973\x8b:\x87\x9c\x0a\xe5\xdd\
%\xc4\xd9\x1a\xa3\xa7R\x5c\xf9n\x8b}\xa7\x0cn-\
K\x98+\xab\xfc\xbf\xd7\x03\xf6\xdf\xa7\xb3Z\xd79\x10\
\xd4\xb8d\xe5\x99.W\xa8M\x95\xc8\xafT\xe9\x8f\xa8\
4\xb1\x98\x96AiDk\x16\xa9\x0c\xcfN:\xfc\xd5\
\xd5.>\x82\x89=%\xe6\xca\x9b\xbcQ\x0b1\xc7\x8b\
\xfc\x94\x5c\xe3\xbb\xdb\xfb\xd5\xad\x89\x11\x8eE\xc5e4\
\xc9\xe1#:7\xefDhYk\x93{|\x92\x07c\
\x9c\x0b~~\xd3c\xedf7\xc2\x8b\x15~\xff\xbd\x16\
\xfa\x8e\xe8\xf8\x1d0\xfb4\xf2\x0a7\xce\xd4\xd9\x08A\
.\x15\xf8r\xa2\xc9_\xdcv!\x91\xe6\xcbs\x1e\xdf\
\xbdd\xe3\x0e[\xf3\xea&\x9b\x07v\xf3\xf312\x01\
\x8bwz\xb47\xa2=\xf6\xe7?\xdc\xc2\x9d\xc8\xa1\x0f\
Q\xf3\xdd\x98\x01\xd8}p$\x16?\x11:\x0f\x1f\x8c\
\x1e\x7f\x07&\xf2<\xe0\xd4h\x0f\x8b\x11N\x8f\xad\xe5\
*\xaf*\xd1\xfc|\xa9c\xf2S\x91\x8c7\xe8U\x14\
&\xdc8\x5c\xbc\xd7~\x22&\x01\x89\xb4\x8e\xd2\xe9\xd3\
\xf0\x01Ia4\x05\xe5\x86\x87\x8fD>+\xd3\xad\xbb\
\x83\xab[\x15\x95\x093\xa0%kh\x9d>\xa4U\xfa\
U\x8fdQ\xa1S\x0d0\x8d\x10_\xd7y\xe0\xc19\
\xbe6+\xe1}lo\xb6\xe2\xf9\x04\xaa\x8c\xec\x0eR\
\xae~\xe8s\xe9\x13\xdc\x01~'\x9d\xa4D@\xa0J\
x\x7fk\x9fk\xc7\x1b\xecs\xa5\xbc\xc6\xff\xf8b\x1b\
9p\x09\x132\xadzH>\x0d\x9b\x1d\xc1D2d\
\xad+\xc8\x10\xa2\x19\x82\x96/\x1014+\xa6N>\
t\xd8\xec\x0d\xee\xcd\xcef\x15\xdc\x86C'\x04+\xa5\
\xa3u\xfb\xd4\xb7g\xba\xc9\xac\x81\xdc\x0dH\x9b\x01+\
=\x99I\xc5e3\xd4)\x89>UIAr%\xf6\
\x1c\x9e\xe2\x1b\xf7[(^\x88\xa6@\xdb\x17$\xa5\x00\
\xfb\xe3{\x80\xfd\x90\xca\x9d\x98w\x85\xf7\x9a\xbc\xdf3\
\xd9\xab\x87\xb8\x1f\xdbg\xee\xf5B4S|\xb4\xcf\x9c\
\x16\xbf\xf3{K\xdcNK\xd8\x8eL6\xecSS\x0c\
\x12\xbd\x1eN\xc2@\xeb8\x04\x86\x84\x83BB\x04\x04\
\xfd\x18\x9a\x15\x95q3`\xbd\xe5\x13\x02FR'\xd1\
\xefSqA6tF\x84\xc3Fw`O\xd92\x18\
\x89\x8a\x8b\x95\xe2\xe9/Or\x22RK\x9f\x0d=\x19\
\xeb\x02\xa1\xf7\x97\x06w\x85Gy\xf1\xcdo_\xe1\xcf\
:zD\xfc\x04Y\xd9\xc7V\x04\xed\xbaK\x1f\x10\xba\
\xc6\x98\xec\xb1f\x07 \xab\x8c'\x02\xd6\x9b\x83\xfe\x18\
\xae\xe6\x0e\xefU3<\x19\xe7\x02\xa1[m\x92\xe3&\
r\x84\xc7\xca\x17\xe6\xf9\x177B\xc4\x105\xdf\x85\x08\
&\x91\xd6\xe2\xf1\x13\x99b.z\xfc\xcd\xee\x99\xe0\x9b\
\xc7\x12\xc3c\x84\xd3e\xd5QI\xc7\xe0\xe7\xff\xf0\xd7\
\x0d\xccH\xc6\xcb\xf86h1\xb9x\xaf\xfd\x04\x94\x03\
\xdc\xbeO_J\xf1\xb5\xa72\xd4o\xb5Y\xeb\x05\xe4\
\xf6N\xf1%\xa3\xc9\xfb[>\x9e\x9c\xe2k\x9f/\xf1\
\xc8\xac\xc2\xba\x9f\xe5\x84d\x93yh\x82\xd2\x8a\xcb\xb1\
\xa7\x0b\xd8\x17<N>\x91\x22\x94\x92L\xd4\xeb\x5cm\
\xcb\xcc\x8d\x85\x5c^\x17d\x9a\x15\xde\xf1L\xc4\xe2&\
\xb7\xad$\xee\xad\x0a\x9b\x92\xcfbWEsb^\xff\
Y\xab\xf1\xfc\x96J\xbe\xda\xa4\x9a\x82\xf3\xe7\xbbd\xd2\
}^\x9c\x0f\xd8\x9d\xec\xf2\xbd\xe5\x10\xb5\xd1C\xa4\x0d\
f\x85Mej\x84\xc2\x16<\xfex\x92\xd5-\x8b_\
|@\xe6\x9dj\x92_\xda+\xd1\x1bM`\xdfn\xb1\
\xd1\x8b\xa1\xf9\xa94\xe5\xeb-6<\x85G>;\xc9\
l\xb9\xc1\x8d\x96\x8f\x9f/\xf2\x0b{C\xce\xdc\xe9\xd1\
\x0d\x14\x1e\xf9\xec\x04\x87\xf39\x0e\x06=&\xee\xb3X\
\xe9f\xf8\xf5}>\xe7\xcc1~>\xd7\xe6rf\x82\
/\xea>s\xb3\x12\xef\xde\xee\x91\x1e\xb3h.uI\
i6\x7f\xb9,1\xd7\xaf\xf1\xfd\xa6\xc1T\xa7\xca;\
\x8eDy#\xa0 \xf9\xb1\xaf\x12~\xf9\xbcCQ\xb1\
\xb9\xe0\xe9t\xe7+T\xb2\x0a\xf3\xa7\x9b\xa83\x12\x97\
\xce\xda\x84a\x8f\xb2!\xa3\xa7-\xc2\x86\xc2\xa3\xd3\x1e\
\x1b\xa5i\x9e\x96[\x04\x07g9T\xaf\xa1\xde?\xc1\
\xa4\xafr\xd8\xea\xf0\xde\xbaK'\x86\xe6\xe9\x8d:W\
;0vp\x96g\xad\x16g\xb7<\xba$\xf8\xc7\xa7\
R\x94o\xb5\xd9t\x05c\x07gyf\xcc\xe4d\xc9\
\xa5\x1e'.\x92\xc1>5J\x8b\x8a\xa6\xc5\xbbJ\xf8\
\xca\x85\x1a\xfdL\xb4\x17-\xcdb\xbc\x17\x1d\xbf\xf7\x16\
ztz\x01\x94F\xf9\xd5\x03pz\xa9G\xd3\x15\x1c\
=9\xc1\xd4F\x9d\xebv\x88\x5c\x1a\xe5W\x8e\xe78\
\x9e\xeaS\x1b\x9af\x99~\xdc\xab\x84\x1768/\x1b\
\x91\x1e\x1b\xcbZXu\x9b\xf1!i\xfe\xe6\xbe\x903\
k\xee]7\x19\x88\xc5\xcf\xa7\xb2LOe\xb1\x9a\xd1\
\xe3\xef\xf4\xa6Of\xc8\x8cxm\x11\xb4(~\x9a2\
\xb9\x09\x99\xcd\x18\x8c\xbf\xd6\xf6\xe31b\xab\xc9\xb2{\
\xef\x0f\xf5\xa7>\x130\xbd+\x8f\xb1R\xe5F\x0f\x84\
fqb\x0e\xce\x5c\xb7\xe9\x0a\x8d\xc3\xfb\x0d\xd6\xaf6\
\xd9\x0aA\x98IN\x14]\x96\xb5$\x89\xd5&b.\
A\xe3Z\x8f\x89#\x06kW]\x8a\xb9\x80~.\xc1\
\xa1\xbd%\xa6\xea}\xc6s\x0e\x97\xc9r\xd8\xae\xb2T\
,\x90[\xda\xa2:\x95G\xdbrH\x86u~\xd0\x1d\
\xe1\x9f>\x10\xa7\x1c\xd0b+\xe8s]I\xa0-\xf5\
\x989\xa8r\xf1\x06<:\xe3\xf1\xddE\x85'G\x1d\
\xae\x86\x0a\xe53+\xfcE\xd3`\x8fo\xe3\x8d\xe9\xac\
\xce{\xec\x9d\x85\xf7\xd7\x14\x1e\x9b\xf0x\xab\xa22\x17\
z\xa4\x0b\xb0\xe1\xeb\x10Csb4\xc7!\xbf\xc1\xdb\
\xe5\x00P\xd8\x7f A\xebZ\x83\x95@0\xbe#O\
v\xa3\xc2\x15{\xf0F0\xb9+\x8bQ\xf1\x98-\xb8\
\xbcZ3x\xd4\xecp&Hs\x5cjrE\xb1P\
;\x12\x0f\x1d\x1d\xe3A\xd1\xa6[\xd2\xb8\xb9\xae\xf2\xf9\
b\x97\x17>\x08\x1d\x0d\x00\x00 \x00IDAT\xed\
\x14'E\x8d\xd7\xc3\x1cG\x9d6\xddT\xc0KW\x05\
_\xff\x5c!^9\xc0\x09Y\xdaP\xd9\xe96iL\
\xe5\x107Z\xe4\xef\xb7Xx\xdbf\xe6\xa8\xc6\xea\xa6\
@\xdf\xdc\xe0\xf7\xdf\xed2\xba[c\xab\xa9\xb13h\
p\xc3\xcc2^\xab\xd3\x18\xcb\x93\xddh\xe0\xe4\x14\xda\
\xa1\xc9\xb8\x1c@3Z\xb3H\xa4\xf8l\xd1\xe1\xd5\x85\
>\x01P\x9c)0^\xafp\xbe\x09z1\xc7q\xd1\
\xe4\xcd\xcd\xc1\x1b\xa2Y\xcaq0*.\xc5$\x0f?\
\x92\xa2\xb1\x19\xa1\xa5\xdcA96\xca\x03\xb1\xca\x01\x01\
\xdd\xadh/\xfe\xd1\x1be\x1a\xa3Q\xf1\x13\xec4\x1c\
\x1a)\x99\xc5\xab-\xaa!\xc8\xb9\x0c\xa7L\x9b\x1f\xae\
\xba`&85\xe1\xf3\xfa\xcd\x1e\xfe\xb05oVX\
\x98\x9c\xe1\xab1\xcb\x01~'\xdac/\xbc\xb2\xc6\xed\
d\x12}\x88\x9a\xef\xc6L\xc0\xf4\xae\x5c,~\x224\
\x8e\xec\x89\x1e\x7f\xfbf\x8a<at\x86\xc7\x08\xa7G\
\xa5\xdc\xe6\xa2\x1c\xcd\xcf?Y\x919\x16\xc5\xf8\xac\x8e\
S\x15\x14\xbc8\x5c\xbc\xd7~\x222\x01\x8a*\xe1\xd9\
\xee\xf6v\x0e\x81\xae\x04\xd4\xda>\x01\x02M\x83N\xcb\
\xc3\x01\x84\x009\x0ch\xf6C\x9c\x9eG7\x04\xbb\xe3\
\xe1J!\xad\x96\x87\x1b\x06t<\xc1\xf8t\x81\x07G\
T2)\x95\x8c\xa9\x92\xb5\x14R\x96F\xc6TH'\
T\xf2\x86L:)\xd3\xe8\xc8\xec.\xc5\xc8\x04\xb4\x1d\
\xbc\x8cI\xde\xd0($\x15\xd2\x09\x85\x8c\xa1\x90I\xa8\
\xa4L\x85|R\xc5\xd25\x0a^\x877\x16\xfb\xf4]\
\x8fN\x10\xd2\xeexx\x04\xd4\xed\x00\x11\xf8T\xba\xc1\
`\x87\x83\x1f\x0c\xce\x13\x88\xa1YRd\x14\xcf\xa5\xe6\
\x0c~O\xd5\x04\xdd\x96K\x0fPT\x99\xa0\xeb\xd0\xda\
\xa6\x9f$\x09\x9c\x9e\x87\xe3\xfb\xd4z!\x92\xefQs\
BBw\xf0\xd5\xeb\x07\x98\xa3YNN\xeb$\x13\x1a\
\x05S!\x9bPI\x18*9K!mi\x14\x122\
VBC\xb4<\x8a\xe3qf\xf9\x0e\x15\xd9d\xcaT\
($\x07\xfd\x9c5\x15R\x96B\xdaT\xc9\xa5T\xd2\
\x9aB>\xe1q\xf9J\x8b\xb2\x08iw\x03<\xd7\xa3\
\xe1\x09\xfc\x9eC;\x148\xb6C\xc7\x87n?\xc4\xf3\
|z\xfdh\xcdB\x920D@y{\xf9\xaf\xac\xc8\
\xd0whz \xc9\x12\xaa\xefQ\xdd\xde7,\x84\x80\
\xa8\xb8\x04\x1a\x07\x0e\xe6\xd8\x1d\xa9%\xa0o\x19\x14c\
,\x0c\xdc\xb0efr\xd1^,/\xd6\xb8\xd1%\x22\
~>\xae\xef\xd3\x09\xb6\xfd\x0e \xcb\x18\xa1G\xa5\x17\
\x82\x900\xa4\x80Jg\xb0\xb7~\xb8\x9a}\xca\x81\xc5\
\x9e\x18\x99\x80F\xc3\xa70\x12\xed1\xa9R\xe7\xbd\xb2\
?T\xcdw\xe3$ .?\x07\x8c\x88\x1a\x7f`\x16\
2\x9c\x9a\x1d\x22#|\x0fW\xd3\xc8\xc6\xe2g\x0f/\
\x8a\xf1nH\xaf\x1f\xe0\xbb\xf1\xb8x\xaf\xfd\x04L\x02\
\xba\x1d\x97\x8e\xd8Ng\xddl\xb1\xd8\xf6\xc9\xee\x9d\xe2\
KF\x83\xb7W]\x9c\xedr\xc0\x899\x99e/\xcb\
\x09:\xa4\x1e\x9a\xa4\xb4\xecp\xec\xe9<\xad\xb3.'\
\x9fL\xe1\x8b$\x13\x95*\xaf\xddv\x99\x9c\x0e\xf8\xe1\
m\x99\x89\xcd%\x9e\xf7\xd2H\xe7\x168\x9b\xcb\xe1\xbc\
\xbf\xca\xaa\xeap\xbec1J\xccr@e\x93\x7f{\
Kclu\x93\xf5\xa2\xe0\xa5\x17ZL\x8c\xda\xfc\xd6\
;\x01'\x0b-~\xfb*\xe8\x1bm\xac\xa9\x14{$\
\x9b\xcd\xc9\x22\xb9\xf5\x80\xc7\x1fO\xb1\xb4n\xf2K\xc7\
%\xde('\xf9\xc6^\x81]J\xd0\x9eo\xb2\xd2\x8e\
\xa1\xf9\xa94[W\x1a\xdc\xe9\x7f\x90\xf6\xaas\xa5\xea\
\xe2l\xa7\xbd\xde\xbbe\xd3\xf4\xb7\xcb\x01\x85\x1c\x87\xfc\
\x1ec\x07,\xee\xd8\x19~c\x8f\xc7ic\x8c\xe7\xb2\
-\xce\xa7'\xf9\xa2\xea13\x07?<S\xc1\x1eO\
\xb1q\xb1\xcd\xb8\xd5\xe4__\x919f\xaf\xf2\xef\xab\
)\x0e\xd5V\xf8\x0bWa\xe1V\xc0\xfeT\x183\xd5\
\xd7\xe1\x8f_\xb4\x99\xd0j\xbc\xec%i\xbd\xb3\xc4\xea\
\xa4\xc6\xbb\x7fY\xc1:\xaa\xf0\xea\x0b-d\xbf\xcdr\
\xd6d$g\x11\xd4d\x1e\x9dvY\x19\x99\xe6\x8br\
\x03\xef\xd0,\x87*U\xe4\xfb'\x98pU\x0e\x9a-\
\xde\x5c\xeeSu\xa25O\xadW9\xdb\x08?,\x07\
\x9c^\xeb\xd3\x0c\x06\xe5\x80\xad\xf9&\xcb\xfdA\xa9\xe0\
\x99q\x93G\x8b.\xd5\xa8\xb8\xdc\xa8\xf2NY\xe1\xa8\
\x1e\xa1%g\x0d\x80\x16\xa3\x1c\xf0\xfe+k\xd4\x0b~\
\xa4\x17\xa7R\x09&zQ\xf1\x13\xbcu\xb3K\xad\xe5\
\x11|\x90\x1a_\xb4\xd9\xeam\xa7\xc6\xd7k\x5ch\x06\
H\xdb\xe5\x80\x07S}*\xc3\xd2\x9c5Q\xbcx\xe5\
\x80\xad\xab\x8b|W\xb2\x22=vh:M\xa2f\x0f\
M\xf3\xddZ\x0e\x88\xc5\xcf\xa7\xb2LOg1c\x8c\
\xbfWn4\xe9\x0d\x93\x11n\x8b?\xbe\x00\xe6\xca\xdf\
\xcfOs\xd4`tBf5\x8a\xf1\xd5\x1a\x97\x1b.\
\xb5\x18\x8c\xb8W\x0e\xf8\x09)\x07\x94&\xd3h[M\
\x96\x1d@\xd194.\xb8\xb1\xd4\xa3/\x14v\xce\xe8\
\xd4\xeet\xa8\x85 \x0c\x8b\xc3Y\x8f-\xd5\xc4(w\
\x10\xe3&\xed\xc5>\xc5=:\xe5\xdb\x1e\xd9t\x80\x9b\
\xb6x\xe0\xc8\x14\x8f\xea\x01I\xc3\xa7,\x0cJn\x97\
\xa6eb4m\xba)\x03\xd9\x0e\xd0\xc2\x0e\xaf\xae\x19\
<{8^9\xa0\x9e\x94\xb1%\x0d\xb9\xe9\x91\x1e\x91\
(\xd7`*\x1dp\xab)1g\xf9\x94C\x89\xce\x8d\
e\xfe\xcd\xe5\x90Q\xbf\x87?\xa2\xb2\xb9\xe43;\x0e\
W\xb7d\x8e\x16}.4\x14&\xf0Id\xa0\xec\xa9\
\x10C\xb3\x91O\xb1\xd3osy{\xdb\xdc\xcc\xacI\
w\xa9\xcdV\x00\x85\xf14\xc9Z\x93\xc5\xde`6\x5c\
\x9aJ\xa15<\xc63\x1eg[:\xf7\xeb]\xae\x86\
\x09\x0e\x88\x0e\xb7e\x03\xa5+\xf1\xc0\xb1I\xbe2\x16\
\xe2'djm\x89\x1d\x96\xc7\x82\xab1%z,\x85\
\x06\xa3\xbe\x83\xa7\x85\x9c\xbb\xd6\xe3\xe8\xf1|\xacr\xc0\
\xb5PC\xeb\xca\xe4\x82>\xbd\x94\x01U\x07sT\xa1\
\xb1\xea\x91.\xc9\xb4m\x90\xdbe~\xeb[\x15\x82I\
\x95jGa*\xecpGO2\xd2l\xd1\x1e\xc9\x90\
\xac\xb4\xf1R2]t\x0aR@\xd0\x8e\xd6,\x0c\x8b\
\xfbs.\xe7\xb6\xc1\x9f\x1d\xcd0\xd2j0o\x83\x9a\
M\xb1Ot\xb8X\x1bd\x09\xf4|\x9a]Qq\xc9\
\xa5x\xe2\xa9\x22\xc5(-\x9d\x0e\xb5\xb1\x1c\x07\xe3\x94\
\x03\xb6\x04\x05\x11\xed\xc5o}o\x913F2\x22~\
\x82)\xdd\xa3i\x08\xd6\x17m\x9a\x80\x94JrD\xef\
r\xae\xec\x83frd\xc4\xe7\xe2\xaa\x83?l\xcd\xed\
\x1ag(\xf1\xe5X\xe5\x80>)+\x88\xf4\xd8\x997\
o\xf3|[G\x1d\xa2\xe6\xbb1\x13P\x9aL\xc5\xe2\
'Be\xeft\xd4\xf83\xd8\xb3k\x8c\x9f\x9bax\
\x8cpz4\xfa\x01\x8d\x18\xfc\xfc\x97\xef\xb9\xccE1\
>\xa5\xe16 \xe5\xc5\xe1\xe2\xbd\xf6\xa3nC96\
X\xd5d\xb4\x0f\x8c$$,\x8d\xed\xb7s\x81\xa1K\
\x7f\xe3\x8f\xb4\x22\x81$m\xffL\x16\x08\x04\xb2,\x90\
\x04\xc8\x92 \x90\x05\x02\x8f\xa55\x87\x89|\x9fkB\
E\xb7[\xdc)\xea\xe4\xd7\x9aT\x14\x15}\xcb!\x19\
\xb6Yu\x8d\xf8\x8bo\x1a\x1dn*\x02}\xb9\xcbL\
V\xe5\xda\x9a\xa0\xa8\xb9\x9c_U\x18\x1duY\x0c\x15\
\xcak}\x5c\xa1#\x8b\xc1g\x93\x10(\xd2 -\xab\
\xca\x02!\x042\xa0H\x02U\x93\x1114K\x8a\x8c\
%\x04\x83\xf3/\x05\x86.oo\x85\x12(\x9a\x8c\xfe\
\xb1\x01(I\x02I\x08\x14I\x80\x10\x83\xa3=\x19|\
\x95\xe4\xc13\x19\xa8m\x0e\xea}\xf3\x1b\x0a\xd3\xa5.\
\x97;2y\xa9\xcd\xe5@Ew\xbatS>W\x9a\
\x12Gc\xf6M\xe8\xf4\xb9^V\xd9\xed\xb6\xa8k*\
\xac\xd8\xe4\x8b&\x0b\x0b6sY\x9d\xe5\xaa\xc0\xd8\xb0\
\xa9\x85\x90\x93AH\x02%\x18\xa4\xf3e1\xf8\xdc\x8a\
\x80@\x16HH\xa8\xb2@Vbh\x96$\x12\xaa\xc4\
\x07\xbf)\xab2\xc6v\xc7I\xb2\x84%\x89\x0f\x9f!\
D\xac\xb8\x10G\xcbV\x1fu,n\xe7\xf8,\xad\xf7\
#\xbd\xb8\xd8\x0d\x91\xac\xe8\xf8)b\xdb\x1f\xdb\xc2\x84\
,\x93P\xc5G\xfd\xa1}lN>L\xcd\x1b]\xec\
\xe9\xb8\xa3%\x8c\xe5\xb1\xcb\xd5\x00\xc9\x18\xb2\xe6\xbb\xb0\
}\x12~J1\xc6\x9f$\x86\xcf\x08\xaf\xd9\xe1\xa6\x1c\
\xcdO\x07)\x16\xe3\x03Y\xc2\x22\x1e\x17\xef\xb5\x9f\x80\
r@\xab\xde\xa3F\x8a\xaf>\x99\xa6q\xb3\xc9\xd5\xaa\
Gz\xef\x14O\xeb\x0d^]\xe8c\xcb)\xbe\xfad\
\x89\x87\xa7`\xbe\x9b\xe1\x01\xa7\x89\xf6\xc0\x18\xa9\x9b]\
\x0e~>\xcb\xd6\xdb}\x8e}\xd6\xa2\xe3Y\xe4V+\
\x5chj<tP\xe1V3\xc1\x11\xb7\xc29\xab\xc0\
\xe8\xea&\xe5\xe9Q\xf2K5\xc8\x0b*F\x86I?\
\xee\xee\x80*\xcfw\xd2\x1c\xea\xb4Qw\x19\x5c?\xe7\
rx\xa7\xcf\x0b\x0b*_\x9cuy\xb1\xa21\xd5\xf7\
\xd9\xb13\xc5\x9c\xd7b\xb1\x94\xc7\xb8\xe3\xf3\xe8)\x8b\
kK:\xcf\x1d\x09yq\xd5\xe2\xb9\x9d\x01\xb5\xbc\xc9\
\xe6\x95\x06\x0b\xb5\x18\x9a\x9fH\xb3y\xa9\xcau[\xe6\
\xe1S\x13\xccT\xea\x9c[\xefc\xe7FxnO\xc8\
\xdb\xd7[\x94=\x85\x87OMp(\x97eO\xb7C\
n\xaf\xce\xd5z\x8ao\xeepxM\x1e\xe5k\xc9\x06\
o\x99c<\x11:\x8cO\xf9\xbc|\xa3\xcb\xd8\xfe<\
\xac\xfb\x1c\x1d\xeb\xf3\xadM\x8b\xc7\xd5\x1a?\x0c\xf2\x9c\
\xa2\xca\xc5\x84I\xb7\xa1\xf3P*\x88\xbd\xf2\xf7\xfb\x97\
\xe0X\xa1\xc7\xedT\x0e\xf3V\x15\xb1/\xc1\xca;6\
s'\x12\xdc\xbe\xe02ny0\x97d$e\xd0\xd9\
\x10<8\xd6g>7\xc9\x13~\x8d\xd6\xbei\xf6\xac\
o\xe1\x1c\x1c#g\xcb\xec\x91\x1a\xbc\xbc`\xb3\xda\x8d\
\xd6<\xb5Z\xe6\xcdJ@\xe9\xbe\x19\x9e1[\xbc\xbb\
d\xb3\xe9%\xf8\xcac)\xb6\xae\xd5\xb9\xd1\x81\xd1\xfb\
f\xf8\xf2\x98\xc1#\xd9\x1e+\x91q\xa9\xb3\xa2\xa4x\
j$B\xcbl\x02+\xe6\xee\x80\xcbg\x1bdvE\
{qW\xd2$\xdf\x88\x8a_\xc0K\xd7;\xacW\x1c\
\xdcR\x89o\xee\x83\xd3\xb7[,\xb6\xe1\xe8\x89\x09&\
\xd7*\xbcS\xf1\x90J%\xfe\xd9\xb1\x1cG\x0d\x9b\xe5\
ai\x9eK@?^9\xa0r{\x83\x9b#Y\xc2\
\x08\x8f\x9d\x9cM\x22\xaf\xb7\x86\xa6\xf9\x97\xf7\x86\x9c]\
\xbf\xfb\xca\x01\xb1\xf8\xf9D\x96\xe9\xc94D\x8e\xbf:\
\xaf\xaf\xb9\x8c\x0f\x95\x11\x1d^\xdb4\xd9\x11\xc5\xcfi\
\x9dB\x09nE1~\xad\xc2\xf9j/\x1e#\xb6\x9a\
\xac\xdc\xdb*\xf8\xe9/\x07d\x0a\x16j\xc3\xa6\xec\x01\
\xb2\xcaL\x0e\xd6\xca..2c%\x85\xd6f\x9f\x0e\
 T\x8d\xd9D@C\xd6\xd0Z}\xc8i\xf4\xb6\x5c\
\xd2\xe3*\xcdM\x9f\xa4\x19\xe2\x99\x06G\xee\x9f\xe1g\
g%\x5c_`\xe0\xd3\x93\x144\xcf\xc3S\x15\x14\xd7\
'P\x04\x01>\x97?\xc19\x01\x0b\xa9$\xa3\x04\x84\
\x9a\xc0\xe9\x82a@\xc7\x81\x94\x06m\x17t\x80\xca\x1a\
\xff\xfc\xa5\x0ez\xe0\x12\xa6\x15\x1ae\x9f\x91\x1c\xac4\
%v\xa4\x03\x16m\x99<\x01\xba\x05\xed@\x81\x18\x9a\
\xd5\xa4\xc9X\xd0c\xc9\x1e\xec\x87-\x964\x9c\xad\x1e\
\x8d\x10Ry\x0b\xb3e\xb3\xe9~\xd0\x8f&\x8a\x1d\x90\
\xb3|nwU\xe6T\x87\x95PgJ\xf4\xd9\x90T\
\x14G\xb0\xf7\xd0\x04\xcf\x1d\x19\xec\x01\xd6\x95\x90\xa6'\
\x91\x96|\xda\xc8$\xf1\xe9J\x12\xc2\x83\xeaR\xfcs\
\x02NwM\xf6\xe9\x83\xa3He\xc7\x03C\xc6\xef\x06\
h\x9648\xeeS\x09\x09E\x9b\xdf\xfd\xbd%\x96\xf2\
2\xed\x9eB!\xecQVM\xd2\xb6M7\x9d\xc0l\
u\xf1M\x19\x07\x95\x94\x08\x08{\xd1\x9a\x85\xa63\x97\
\xf0Y\xa8\x0d\x0e\x04Jd-\xd2]\x9b\xb5>(\x09\
\x93I\xd1g\xb1=(\x07\xa8I\x93\xd1\xa8\xb8$\x93\
<\xf1\xf9IN\x1aQZ\x1c6c\x9e\x13p\xfa\xce\
\xe0\x9c\x80(/\xbe\xf5\xed+|\xabgD\xc6/\xaf\
x\xf4t\x89\xeaf\x9f. L\x83\x1d\xaa\xc3\xedf\
@\xa8j\xcc\xa5\x02\xeeT=\x82\xa1k\xb69\x1d\xf7\
\x9c\x80\x9bm\xac\x093\xd2c\x95\x8b\xf3\xfc\xab[ \
\x0fQ\xf3\xddX\x0e\xc8\x14\xccX\xfc\x04\x99\xf1b\xf4\
\xf8\x9b\xdd9\xc67\x8e%P\x87\xc5\x08\xc7f\xa5\xaf\
\x91\x8e\xc1\xcf\xdf\xfcv\x93t$\xe3\x15|\x1bL?\
\x1e\x17\xef\xb5\x1fm\x93\x86\xf1\x8f\xe4\x0a\x16Eu\xdb\
\xd2\xb2\xc6\xce\xa2\x86:\xf8\x86\xf1Q\x83\xd4\x07&S\
4&\xd22\xa9\x9cI^\x91(\x14t\x92Ba\xac\
\xa4\x93RTJI\x85\xc2\x88N.\x11r{\xa1\x87\
\xd3jp\xba%\xe3\xadW\xb9\x19*\xd4\x17*\xcc\x07\
\xb0\xb4\xd6\xa7\xbeZ\xe5z\xdc[\xb0\x84L\xb2\xd3\xe4\
R/`\xfe\x9a\x8dg8\x9c\xbe\xed\x90\xc2\xe6\xe5\xdb\
\x0eF\xb7\xc3M\xbb\xcf\xbb7l<\xcb`\xcc\x94)\
\x164,Ye*\xa7\xa2j:sy\x15\xdd\xd4)\
\x1a\x83\x9f\x15bj\xd6S\x16sI\xf1\xe1\xe7\x18\x1d\
5\xc9\x88\xed\xc1\x9f\xb7\x18\xd5>\x82A2k\x90\xd5\
5f\xb2\x0a\x92\xa13\x9d\x94\xd0\x13&3I\x89d\
Z'e\x1aL\xa54\xba+M\xca^\x8f\xd7\x97|\
r\xfd\x16o\xd4$\xf4Z\x9d\xd7k\x12\xfd\xb5\x0eu\
\xbb\xc5k\xe5 6\x84\x12J\x8f3\x1b\x01\xed\xa5*\
K\x92\xc4\xf2\xf5\x16\xddT\xc0\xa5s-l\xb5\xcf\xb5\
\xaa\xc7\xc2\xd5:+\xa1L1\xa7\x91L\x18LZ\x02\
+mP\xd4%29\x93\x92.S\xc8(\xa4\xd2\x06\
\x13\xb9\x98\x9a5\x9d\xddye\xfb\xe6AA2\x97`\
\xd2\x18|\xa7$Mv\xa4\xc4\x87\xb7\x12*1\xe3\x92\
Uch\xb9\xd6\xa1\x1b7Uk\x10\xcb\x8b\xe7\x9b\xc4\
\x88\x9f\xcetJcrT'\xf1A6\xdc2\xd9\x9d\
\x19\xccF\x84\xa2\xb3{\xe4\xa3\xcc\xd6P5_mR\
\x8f\xeb\x08U\x89\xe5\xb1WW\xbd\xa1k\xbe\x1b'\x01\
\xb1\xf9)\xe2\x8d\xbf\xa2\xa5\xd2\x1b*#$L;\x1e\
?{q\x18_\xd0\xc9\xc5\xe6\xe2\xbd\xf6\x13Q\x0e\xa8\
Wl\xca\xe1 \x9dU\x9fopa\xcb%\xb5w\x8a\
\xa7\xf5:?\xb8\xd9\xa3\xbd]\x0e81\x0bW:\x19\
\x8eu\x1b(\xc7'H^\xb79\xf4t\x96\xb5\xd7{\
\x1c\x7f\xdc\xa2\xe9Zd\x97\xb7xkC\xe2\xc8~\x89\
\x8b[&\x07\xedu^\xd7\x0b\xe4n\xad\xb04U\x22\
y}\x8bn\x06\x96\xe4\x0c\xd3a\xccr@\xb5\xcc\x1f\
T\x92\xec\xaf7\xf0v\xa8\x9cy\xab\xc7\xc1\x1d.\x7f\
rY\xe6\x8b3\xbd\xff\x8f\xbd7\x0b\xd2\xe4\xba\xee;\
\x7f\xb9\xe7\xb7oU_\xed[wW\xef{\xa3\xd1\xe8\
\x8d\xc4\xce\x0d\xa0\xc6\xa2D\x896-\x99\xb4g\x86\x94\
)\x87#\xfc0\xa1\x89y\xf2\xf2\xa4\x99\x98\x98\x09[\
\x0e+\xa4\xb1,QA\xc5X\x14C\x90)\x80\x00\x09\
\x90 \x80^\xd0@\xef{uuU\xd7^\xf5\xedK\
~\xb9\xe7<T5\x00)Dfb\xf4\xd1\x00\xd9}\
_:\xba\x12\x81\xae\xff=\xe7\xfe\xf2\xe69\xe7\xde\xc3\
_,*\xf45mF6\xa7\xd9\xec5\x98.\x16P\
\xa7\x1dN<\x1e\xe7\xea\x8c\xc6o\xec\x0f\xf8\xeb\xb98\
\xbf\xb9\xc9\xa3\x94\x8f\xb1x\xa5\xc6T)\x82\xe6'\xd3\
\xac\x5c.s\xb5\xbd\x11\xf6*\xd5xw\xde\xa4\xb9\x11\
\xf6:u\xbd\xc1\xb2\xb3\x1e\xf6\xdaS\xc8\xb1\xb5\xdd\x22\
\xbbU\xe3r%\xc5oO\x98\xbc*\xf6\xf1\xa5D\x95\
\x1f\xeb\x83<\xe5[\xf4\x0f{\xbct\xb9AbK\x1e\
k\xc6fwo\x87?\x9e\xd3y\x9c\x12/X9N\
8k\x9cVujk2\x87\xd3A\xe4t\xc0w\xcf\
\xba\xec\xce\xb4\xb9\x12\xcb\x22_[\xc5\xdc\x1a\xe7\xf6\x0f\
\x1b\x0c\x1f\x8bq\xe5\xb4I\x8ffa\x8e$\xe9\xcb\xea\
\xb4\x16\xe1p\x7f\x87\x1b\x99\x11\x9ev\xcb\xd4\xb7\x8f2\
\xb9\xb0\x82\xb9{\x80lKbR\xac\xf2\xca\x9d6\xb3\
\x114\x0f/\xac\xf1\xfa\xaa\xf7^:\xe0\xccl\x9bE\
g=\x1d\xb0z\xbd\xc2\xb5\xe6F:`@\xe7X\xb6\
\xc3\xbd\xbe0\xbbT\xb9a\xc7y<\x1b\xae%\xadE\
K\x07\x5c:SB\x19\x0f\xf7\xc5\xc9t\x82\x9eZ\xb8\
\xfd^\xbe\xdebn\xd5\xc2\xba\x1f\x1a\x9fn0\xd5\xd8\
\x08\x8d/\x96xs\xd5E\xd8H\x07\x1c\x8a\xb5\x99\xed\
\x9a\xe6\x04r\xd4\xcb\x82n/p!\x93\xc1\x0c\xf1\xb1\
c\x13i\xe4\xa5F\xd74?\x98\xe9\x80 \x1a?\x9f\
\xcc2:\x92\xc6_\x0a_\x7f\xaf\xcetHv\x95\x11\
-\xbe7\xab2\x14\xc6\xcf\xd1\x18}\xfdp3\x94\xf1\
%\xde-u\xb8\x17\x85\x11\x0f\xd3\x01?\x1f\xe9\x80\xf7\
v\x14\x92\x80\xef\x05\xef\x17r\x11\xe0\x05\x7f\xc7\xb3\x9f\
\xfe\xed\xc5\x13\x9f\xdb\xc1W\xc7E<_@\xc5\xc7\x16\
Ed\xcf\xc7\x93D$\xcf'\x90\x04\xfc\xc0\xe5\xfcm\
\x8fG\xa3t\x11\x5c\xaa\xb3ZHS\xc4\x07Y\xc0u\
@\x91\xc1\xf2 &C\xc7\x03\x15\xf0W\x16\xf8\x97\xdf\
Y\xa3\xf2!f$\xaafQ\x14\xc0\x0f6B\x9e\x02\
\x92\x18\xe0ml\xc4\xff\xe6\xb3\x9f\xfe\xd50|h\x92\
\x7f\xfdX\x02\xd9\x0b\x90\xa5\x80\x8e'\x12\x13}LD\
t|lA@\xf0au\xaaN2R\x17\xc1&\x97\
\xfd\x04;\xb5\x00\x87\x8d\xf9\x95E|\xdbG\xd6D\x5c\
{\xe3\xda\xd9\xa0\xce\x7f\xf8\xfd\xbb\x9c\xfe\x10%\xdcQ\
5\x0b\xa2\x80\x18|`\xdeD\x01\xdf_\x9f\xb7\xbf\xfd\
\xec\xa7\x1b#\xc3\xd7\xbe2\xc1\xc9P-\x1df\xc4D\
\xa4t\xc0\x85%\x91\x9d\xfd\xe1\xbe\xf8\xfa\x0bW\xf9\xc3\
\xf9\x0f\xe18\x82\x80,\x04\xb8\x1b\xf3!l\xccG\xf0\
w<\xeb\x8e\xe6&o\xacD\xeb\x2283\xd3\xa1w\
$\x16\xeac+\xef\xde\xe4w\xcet\xa2W\xf5wK\
\xf3/\xea\x17YW\xf8\xf93`\x84\xdd\xa1\x8cN\xe6\
g\xc0\xcf\xeep\xf1\xe1\xf8\xd8l\x02\xfe\xbb\xff\xf2\x92\
\x88*B(\xd6\xfc\x00\xcb{\xc0\xca\x8d\x04\x01M\x16\
\xc2\xe7\x86\x00\xc7y\xd0\x16\x9a\x80\xa2\x08\xa1\x9bG\x00\
\xd7\xf5q\x7fA\x5cG\x92D\x94\x08qw\xdf\xf3\xb1\
\x1f\x92\xf7!#\x1ehF<8C\xfey\xfe\xe5\x03\
\xcf\xc7zx\xab\xd4O\x98\x9c\x00\xcb\x09\x1e\xce\xc3O\
\xc0\x9a\xe3\x04\x0f\x5c\xd7:\xcf\xf3\xf1\x1e\xae\x97\x87\xe3\
!#\x1e\x8e\x0f\x0c\xf1\xe1\x14<\x1c\x0f\xc7\xc3\xf1p\
<\x1c\x0f\xc7\xc3H\xc0\xcf\xdd\xc8\x8d\xf7\xf3K\xe3\xe1\
\x85\x81^\xa9\xc2\xb7\xae\xb4\xdf\xbb\x7f\xfb\x81\xd8\xdde\
s\xfc\xea\xbe\xe4{\x15\xd9?\xf1c\xc0i\xf3\xca[\
\x15\xe6\x1f\xa4\x0f\x021\xce\x13'\x0aLD)\x0c|\
w\x89s\xbf\x10}\xcd%\xb6\xef\x1b\xe0X.<\xf8\
\xbb:\xb5\xccw\xe7]\x1e~#>d\xc4\xcf\x0b#\
\xa2\xbe\x0b|\xc3\xc1\x8e)\xe8a\x9a]\x87\xba\xa8\x90\
}\x00\x18\xf11\xdd\x04\x08\xc44\x01\xe7\x03=\xdc\x15\
\xcf\xc5\x93e$\xd7[/\xc6B\xa2\xb7?\xc7\xb3{\
#\x14\x06\xdem\xf3\xed\x1b&r\xe0\x13(\x22\xce\xdf\
\xea\x87mx\xeb\xfd\xb0E\x09\x0c\xeb\xe3\xdf\xc8DQ\
%D/@\x91\xa0\xed\x09$D\x9f\xce\x07{\x85\xfb\
\x10\xcf\xa6x|oO\x84\xc2@\x91\x0bgkT\x85\
\x00\xfb\x03\xfd\xe8=\xd3G\x89\x89\xef\xf7\xa3\x97\x04<\
\xd3\xfb\xf8\x87\xd0E\x91\x84\x1c\xa2E\xd59\xb0\xa7\x97\
#\xa1\x85\x81\x16\xd6\x8d\x15\xae\xda\x84\xf8\xa2\x88\xe4\xb9\
t\xbc\x8f\xb1fYabs/\x9f\x8aP\x18x\xab\
\xb1\xc6\xcb\xab\x01B\x88\x8f\xa9\x82O\xeba8\xf9\x81\
`\xc4\xc5su*\xeeG\xc3\xcfp-\x02}\x03\x11\
\xdf\x05KMZ\xfd)rQ\xaeSWRl\xffE\
a\xc4\xcfz\x13p\xf0\xe4\x18\x99\x8b\xb3\xbc\xd6\x00!\
\x9e\xe3\x9f>\x06\x7f\xfej\x95\x9a\x18\xe7\xf3\xcf\xa4\xb9\
\xf1\xca2\xb7|\x10\xb3=\xfc\xe3M&\x97c=\xe4\
\xaf/#<\x92g\xe9\xb5&\xbb\x9eKq\xfdU\x93\
\xcd#\x1e\xc6`\x92\xd65\x97c'\xe2\xcc\xacj\x1c\
\xa6\xc4\x99d\x1f[\x96\x96Y\xdd<Hqz\x15k\
H\xa7\x19$H\xb6#\xba\x9b\xa8\xf2\xc8\xf1-|\xd2\
o`nJp\xe7\x1d\x9b\xc3\xbb\x03\xbe7\xa5\xf2\xc5\
I\x87\xef,h\x1c\x94l\xb2\x19\x83\xdf\xbb\xaaq\xc4\
\xaeaoOp\xe5M\x9bO\x1c\x0a\xf8\xceu\x8d\xaf\
\xee\xb4\xf9\xe6\xac\xc6\xe1\xc0\xa68\x06\xb7\xfc\x14J\x04\
\xcd\x85\xed\xa3<\xef,\xf0_\xeex\x04\x82\xce\xb3\xcf\
\x16X\xfd\xc1\x02\x17\x5c\x81\xddG\xc7\x18\xbe9\xcbK\
\x95\xf5\xab3\xf7\x1c\x1d\x225kqh\xdc\xe4\x0f\xe7\
S\xfc\x93t\x85\xef\xf8}|A\x5c\xe1U=\x8b^\
\x169\xdek\xb26\x5c$\xbdh\xb1s\xc4\xe6\xdb\x8b\
\x09\xbe\x90\xac\xf1R\xd0\xcbg\x845\xde\xd23$\x1b\
\x02\x93r\xd4\xd7\xb5\xc8\xc0\xceQ\xbe8jqM\xcd\
S\x98^#\xd8\x93e\xf5T\x8b\xadO%\x99z\xcb\
d\xd3P\x80\xd1+\xf3\xe6\xb7V\xe8=\x1a\xe7\xf6J\
\x8cc\xfe2\xaf\xa7\x87\xd89\xbf\xc0\xf2\xf6Q\x06n\
.\xd1\x19\xd1(\x05\x19\xb6\x8a\x01zy>T\xb3X\
(\xf2\xcf'\x0d~\xeft\x0b\x0f\x81-\x87\xc7\xd9;\
7\xc3_,\x07\xa4\xb6\x8c\xf0\xeb\xd22\x7fps\xfd\
\xc8Xfr\x98O\x85\xdaE\xe0\x5c%\xc5\x97\xc6\xc3\
\xb4\xc4\xc9F\x9c\x9dXO\x91o<\x11\x0b\xf5\xc5\xe0\
\xdc\x0d\xde\x1e\x19\x0c\xb5\xdfc\xc9\x0ek\x83\x0ao\xbf\
\xb2\xca\x8c\x0f\xca\xd8\x10_\xcf\x94\xf9\xf7\x97L\xc8\xf4\
\xf0\xf5=6\x7f\xf0F\x03\xab\xeb\x9aUZ\xad\x88\x1e\
\x11K\xf0\xcb\xcf\x85\xfb\xd8\x16c\x9e?\x13\xf3$\xba\
\xa8\xf9\xc1\x1b\x12\x07O\x0eG\xe2'b\x9c\xe7O\x84\
\xaf\xbf\x89j\x05y\xdf \x99n1B\x90\xd8vl\
\x0b\xcf\xbb\xe1\xfc\xfc\xdd\x1f\x05|n\x22\x8c\xf1\x09\x16\
^\xab1q\xb4{Zv\xe6>\xba{\x86#3\xe2\
\x9dY\xd6&b\xa1\x9aG\xea\x06\xa3\x85h\x5c\xec\x8a\
\x07v\xe3\x9e\x80\xa5{ufl\x8d\xfd\xdbt:+\
\x0dN\xdd5\x11\x8bYvH-^\xbf\xda\xa2\x8c\xc6\
\xfemi&\x12\x16gVd\x12\xcb\x15\xd6z\x13\xd4\
.7\x88mU\xb8\xfaF\x93\xd4\x18\xdc\xa9\x08\xd4n\
Vi\xf7\xe7ylDE\x0cd\x8a\x9a\x8f\x1d\x8b\xd1\
\x13\xb8H\xd9\x04Y\xd7EM)H\xb2\x8c\xd7\x09\xa2\
\xdd\x13\xd04XR\xe2\x8c\xa9\x01JF\x85\x8e@_\
A\xa2\xed\xcaLd\x05\x1a\x9eL\x9f*\x12W\x02*\
3\xab\xbc#\xaa\xac\x5c3\xe8\x1d\x83\xd37\x03\xf6\x16\
:\xbcp\x1bvk\x1d\xa6\x82\x80\x8b\x97\xeb\xdc\x9c\x8d\
\xa0y\xabN\xf9f\x893U\x81\xd1\xcd\x19r\xad\x16\
\xef\xdcj\xb2\xa2'x\xb47\xe0\xc2\xf5\x0aS\x1d\x91\
\xd1\xcd\x19\x86\x121\x94\xa5\x1a\xed\xa4\xc7\x8f\xe7d\x1e\
\xd3\x9b\xbc\xd4L\xb0\xdd,\xf3\x8a\x91\xa0\xaf\xdc\xc6\x95\
\x0d\xdeh\xc48\xbe9E6\x80|Z\xa4\x11\xa8L\
\xc4}\xdaj\x8cQ\xd5\xc3\xd45\x92\x88$<\x17-\
\xd2\x19`\x8bYCf<'\xe2\xa9\x1aY\xcfC/\
h(\x06\xf4\x0ch\xf8m\xc8\xa6$\xd48T\x1b6\
\x97\xa7,\xb248\xeb\xa5\x19,\xafq'\x9dA\x9c\
Zf6\x17\xa7\xbe\xe4\x22\xd7J\xfc`\xaa\xc6\x85\x08\
\x9a3\xabe^\xbeg\x93\xec\xcf\xb1[1\xb9z\xa7\
\xca\xf5\xb6\xca\xee\xcd\x1a\xb5;eN\x97}R\xfd9\
v\xa5\x15\x06\xdd\x06\x97\xc3\xecr\xd5bp[\x8e\xfd\
\xa1ZDP\xa2\xdc\x13\xe0\xb1P\xf6\xe9)F\xf0\xc5\
\x96\xcb\xe2t5\xd4~\x7f}\xbb\xc5\xd5;m\xea\x89\
\x14'\xfa`\xf6^\x8d3+\x1e\x83\xe3\x192\xe5*\
\xdf\x9f\xb1\xf0\x93)N\x8c%\xe85j]\xd4\x0c\x0d\
3\xda=\x01\xd5\xb2\x09\xb9D\xa8\x8f\xa5D\x9f\xab\x97\
\xcb\xb4\xba\xa4\xf9x\x11\xe6\x1b\x0fZ\xe5b\x10\x8d\x9f\
[\xe3\xe43\x0a\xf3w\xc2\xd7\xdfy!\xc5\x89n2\
\xc2s(\xd9\x0a\xc50~\x8a.kF\x9bS\xa1\x8c\
\xaf\xd0\x19\x89\xb3\xdaE-)I \x99\x96#\xb5\x95\
\xb7\x93Z\xc4\x16\xeb\x1a=]d\x84\xec\xb6\xf9\xd1\xe5\
p\xcd\xaf\xcf\xb78;\x1f\xce\xc5\x9d\xb2\xc5r\x17\x9a\
,u1\x1d\xe0\xd3h{\xef\x1d\xa7\xf2,\x87\xe6{\
g\xab|\x1am\x17_\xf0q\x1d\x0f\xc3\xf51M\x0f\
\xfc\x00\xd1\xf0p\x080:>\xb6\x13\xe0\xfb\x02\xbd\x19\
\x95\xb4*CR\x22\x86N\x9f\x22\x92\xca\xea\xc8\xaa@\
<\xa3\xe1\xe9\x12:\xb0\x189\x5c*\xd3\x9f\x14I\x04\
*\x9e,\xe3\xe5\x05t\x0d\x863\x22\x8a*2\x98\x92\
H\x09\x22\xaac\xd0\xb2\x03l\xd1C\xf4}Z\x1d\x0f\
\xc7\x83\x86\xe9\xe3y\x1eM\xdb\xc7\x82\x0f\x1c\x19\x0b\xd3\
\xecq\xff\x9e\x0b\xd3p\x11\xee\x9f\xb1\xf1<j\xd6\xfb\
\xfb8\xd3p\x10<\x11\xc7\x0dp-\x1f\xcfs\xa9\xdb\
\x01\x9e\xe3\xd2$\xc0\xc5\xa3\xed\xfa\xb8\xb6\x8f\x9c\xd6\xe9\
\xd1D\xf4\xb4\x8c\xa6\x89\x8c\xa4%4Ec0\x10Q\
\x05\x9d\xa2$\xaf7q\x89\xfcY%\x90\xc9*\xc4u\
\x91\x1eI$\x96\xd5\x09d\x19\xb5G%.H\x14s\
\x0a\xa9D\x80+\xd9\xb8\xa6\x8b\xed\xfb\xb4\x1d\x1fGp\
i\xb9\x01\xb6\xe5bx\x01\xb6\xe9\xe1\xbb\xfe\xdf8n\
\x14\xa6\xf9\xfeV\xd6\xb5\x1c\xea\xce\xfbs\xda2\xbc\xf7\
\xce\x9e\xbb\x96CC\x0ap\xc5\x00\xdb\x0b\xb3\x8bDO\
$-\x01QSxjR\x8b\xe4\x8bu\xd7\xa5\x1d\xc1\
~\xef\xcd\x80\xe7R1\xdf?tev\x5c\xc4\xe0\xfd\
g\xd5\x0eHN75GO\xe4\x88\xaa\x16\xc9\xc7h\
y\xb4\xdd\x00\xbb[\x9a\xcd\x07\xf9\x10Z\x04~\x12D\
Z\x7fj\xbc\xdb\x8c\x10\xc9'\x22\xf0\xd3\x0c\xe8\x98Q\
\x18\x0f\x9e\xe9\x22tU\xcbG\xe7;Q\x191g{\
\x1f\x8a\x9f\xa1\x5c\xec\xd2%J]\x89\x04\x1c<9\xc6\
\xf6j\x85\xf3k.n<\xc7?;\x19\xe3\xf6\x8d\x06\
\xcb^\x9c\xcf?[ \x98n0U\xb7Y\x13\xb3\xfc\
\xfa&\x97\xc6\xc8\x00\xa3\x0buz\x8f\x170/\xd8<\
\xf6\xf9<\xb5\x1b\xb0oH \xbf\xb7\x87\xc9\xac\xca\xdc\
\x956\x19\xa9\xca\x8bF\x96\xf1\xc5\x05\xceg\xf2\x08\x17\
f\xb9\xde\x93\xa6|\xc7\xc4][\xe6U7\xcd\x89\xa1\
\x08\x91\x80\xb6\x8b\xd8(\xf3\xaa\xa7\xb3t\xaeN\xefV\
x\xf1m\x97#}m\xfe\xe3\xbb\x01G\xe3MN\x9b\
>\xa7^_\xe2Za\x80\xa71\x19:\x9ca\xe9\x06\
|\xf6\xb0\xcc[\xcb\x09\xbe~P\xe0\xadV\x92G\x15\
\x91G\xf7\xc7I\x8c\x14\xd9\x1c\xa6\xb9\xe1\x92\xde>\xca\
\xafe\x9a\xbcu\xcf\xa2\x15\xe8<\xfb\xa9>Rw\xaa\
\x5cm\x07\xec>:\xceA\xa3\xc6\xc55\x9bz\xdba\
\xf8\x91A\x0au\x89\xe7\xb7\xf9\xbc\xd4\xce\xf1\x95\x9e\x16\
\xe7\x12\x83|9]\xe7n_\x8e\x84\x93\xe2Wv\xa6\
\xf0\xa6WYM\xfb\xbcx]\xe4\xc9x\x95?ZK\
r\xa8\xb5\xc87\x1b)FW\xaaT\x85\x16\x7f2%\
q|2\x1ea\xc7\xeb`\x0a\x1d^\xbe#\x93]X\
b\xba?\xcd\xda[%\xb4\xbd*\xa7^\xa8\x90\xde\x0e\
\xe7\xe7|J\x17\x16xqN\xe4\x13G\xe3T\x82<\
\x9f\xd6\xaaL\x0f\x0cs\xa0Z\xc1\xdf?\xce\x8eR\x83\
\xdc\x84\x86_\xe8\xe3\x89\x91\x0c\x87\xf4p\xcd\x9d\x5c\x91\
o\xec\x138=\xd5\xa2l\x0bl9<\xc1\xe3^\x95\
S\xcb.\xb1-#\xfcfo\x87\xb3\xf3&\x15\xc3\xc1\
\x1a\x1a\xe2\x99P\xbb\xa4\x19*8\xfc0L\xcb\xa5:\
\xf2\x96\x0cC\xa1\xbb|\x9f\x8a\xefs\xedb\x98/.\
\xf1gW[\xe4\x0f\x84\xdb\xef\x0b\xa32c\xfb\xd3\xb4\
o\xd5\xb9\xdd\xf6Q\xc6\x86\xf8\xc6\x98\xcd\xeb\xd3\x1d:\
\xe9\x1e~\xeb\xb0\xcc\xc5\xe96K\x0d\x1b\xb3\x9b\x9a/\
\xae\xb2\xda_`_\x84H@\xc3\x10h\xdd\x09\xf7\xb1\
?z\xb3Br\xdf@\xd74/\x1b\x0f\xe2&@\xe2\
\xe0\xc9\xd1p~6\x5cjm\x85\xa7\x22\xac\xbf\x13\xbd\
qb\xf3k\xddc\x84\xef\xc3\xea*\xaf\xb8!\xfc|\
c\x85sV\x9a/\x862>\x8f\x7f\xc5d\xf7\x91\xee\
iy\xb1\x12\xe3\xb1\x01\xe5#\x88\x04Dg\xc4\x9f^\
\x098\xfah\xb8\xe6\xc7\x92*\xcfL\x86s\xb1\xda\xa5\
J\xf7.^\x16$\x92I\x8a\x18-\x17\x07\x90T\x85\
dp\x7f'#\x92IJ\x04\xae\x87\xe1\x0a(\x81\x8f\
\xafH`\xfb\xc8\x9a\xb0\xde\xe4D\x17p=\x10<\x81\
\xed\x8fN\xf0\x95\xdd\x0aMC\xa2\x8f\x0eKJ\x82\x5c\
\xbb\x85\x91M\x11\xaf\x19\xb8\x09\x09\x0b\x91\xe5E\x9f#\
Qn\x0c\x5c(\xf3\xb6\x92f[`\xe3fe\xaa\xcb\
>\x03\xbd\x01w\xab\x12\xdb\xf3\x1e\xb7\x1a\x12E\xc1G\
\xb3\xcb\xfc\xbb\xef\xae\xb1\x1c\x88\x08n\x80\xa2\x09X6\
\xc4\xe4\x80\xb6+\x90\x90\x02l\x04\x5c\xfb\xfe\x8e,L\
\xb3H\xbb\xe5\xe2\x22\x10K\xc8\x08\x1d\x07\xc3\x07$\x99\
\x9c\xe2o|\xf9\xac?\x93\xdc\x00\xdf\xf5\x08d\x01{\
\xe3\xdfj\x07\x22q<\x0c$\xf4\xc0'\x10\x03\x12c\
C\xfc\xf6\x89\x1cz\xcb\xa3\x90\xf2\xb8\xd5R\xd8\xaaZ\
\xdc\x0dbl\x12:,H\x1a\xb2\x05R\xb9M*\xd2\
\x8d\x81u~\xb8\xa2q \xebQ\x12ubu\x03z\
5\x8c\x05\x87\xfc\x98Ju\xc1%\x95\x0c\xf0b\x16\xdf\
\xfe\xd3{\xbcm\x05\xc8\xe2z\xb3\x1a\xcd\xf7p%\x09\
\xd1\xf5\xf0d\x09\xc1\x0b\x10\xf1\xe8\xb8\xbc\xa7\xeb\xa7i\
\xbe\xffL\xd6\x15\x92\x9eCmc\xde\xd2\x09\x81v{\
}\x8ee]!\x11\xf8x\x81\x8fE\x88]\x5c\x9d\xcf\
>7\xc6s\xb90-\x01-5\xca\x8d\x81\x16\xa7\xaf\
\xdb\x8cM\x84\xfb\xe2\xd4\x8fn\xf2\xad\xb9p\xfb\x19\xf6\
\xc6r\x93e\x0a\x8aO\xb9\xb3\xfe\xe2\xd3\xe3\x0aB\xc7\
\xa1\x13l<\xd3\xc0r\xbc.jv\xb8Q\x8evc\
\xe0\xdd\x1b\x15\xec\xa1t\xa8\x8f\x89\xb33\xfc\xdb\xb3m\
\xdcni\xfe\xc0\xb3\x07o\x84\xb3\xc4q\x02<7|\
\xfd%'\x86\xbb\xcb\x08\xab\xcd\xd5\x86\xca\x80\x1f\xc2O\
\xab\xcc\xbfy\xa9\xc4\x8a\x13\xc6x\x8f@\x91\x10\xba\xa8\
E\xb7}\xfa\x86\xf5\x8f\xa400*#\xa6_\xbf\xc9\
\x1f\xdf\xf3#\xf23\x02\x17\xbd\x0fF\x0a>\xe2H\xc0\
\xba\x0f\xc7y\xfc`\x9c\xda\x82I\x1bH\x0f\xf7rX\
6\x98n\xdf\x7f\x96e\xcf\xb0LKHsHs\xc8\
\xef.\xd2_\xf3\xd9s<K0\x17p\xe8\xb1$\x8a\
\x9c`\xc42h\xc4\x93\xec\xee\x13(\xb7%2\xae\xc1\
\x02\x1aZ\xa3M#\x16C\xaa\x19\x98\x8a@\xcb\x93p\
\x8c\x885\x01\xf5\x16W\x1c\x8d\x1e\xdb\xc2\x8aK\x94V\
\x1c\xd2I\x9f\xe9\x8a\xc0P\xdc\xe5vS$\xe1\xbaH\
\xaaD\xd2\xb71\xfa\xf3\x14\xdb\x02G\x1fM\xd2l\xc6\
\xf8\xa5]2\xd3F\x82\x7f\xb0I\x22\xe8M \xaev\
hD\xd1| Fm\xc1\xc4@b\xc7\xde\x1ez\xab\
-\x96]\x10\xd3\x19\x9e\x19\xf6\xb9]\xf6\x08\x90\xd8\xb1\
\xb7\xc0D:\xcdv\xc9\xa5\x7f2N\xdbK\xf3\xa5\xcd\
p/\xd1\xc3sy\x8b\xc5l\x91O\xc6axDf\
\xbe)\xb1}8N\xd0\xf0Hh.\xb7\x9a\x12\x03\x98\
L\xbb\x1aE\xaf\xc3\x02\x12N\x07t'jM\x80\xc9\
\x95\x15\xe8\xd7\x5c\xd6P\x10*\x06vJ\xa1\xbed\xa3\
\x17%J\x8b.\xaa\xe2c\xa9`\x8a\x1a\x92%sh\
\x18\x8c\xde~>\xa9\x99\xc8\x93\x03\xec0\x0d\xe2;\x8a\
\x8c\x08*;R\x16w\xea\x01D\xd0\x5c\xa8\xb4Yq\
!7\xd6\xc7c\x8a\xc1T+\x00Q\xe7\xd8\x9e\x18\xd5\
e\x0b\x93\xf5gG\xf3*\xfb{\xc1\x1e\x08\xb1\xcb\x9a\
Ml0\xc56=L\x8bH\x10\xb1&\xe0\xee\x9c\x89\
\x9e\x0d\xf7E\xcf\x95\xc9y\xe1\xf6\xbb\xbb\xb2^\xd0#\
f\xb3<?\x12pc\xcd%@d\xcb\xce\x02\xf9J\
\x9b5o\xe3\xd9\xb64\xbb\xd2^\x175C=jM\
\xc0r\x83J\x5c\x0f\xf5\xb1\xa4*#\xb4l\xfa\xba\xa4\
\xf9\xb9a\x9f\x1b\xa5\x07\xf4hb(K\x12\xf4\xf5g\
\xc8DX\x7f\xf7\x5c\x8d\x1d\xddd\x84g1]\x13\x89\
\x87\xf1S\x0c #F`\xbcE~w\x91>\xbb{\
Z\x12\x22\x1fYM@TFh\xbaH\xab\x11\x95\x9f\
\xe1\x5c<\x22\xb7\x99j\xfd\xfd]\xaf+\x91\x80-\xbb\
\x8a\xc4\xef\xaer\xc9\x00AK\xf2\xecvx\xe3b\x8b\
\xb6\xa0q\xe4@\x9c\xf9\xf3U\x16\x02\x10\x12i\x9e\xea\
\xb7\x99Q\xd3$\xe7k\xb0%I\xf5R\x87\xb1G\xe3\
\xdc\xbbd1\xd0\xe3c\xe5\x13l\x1d\xcb\x13\x9f3\x99\
\xe839C/\xc7Z\xcb\xdc\x1c\x1c\xa4\xef\xd6\x1c+\
\x93\xfd\xe8\x0b&\x99\xa0\xc2\x0f\x82A\xfe\xd5#Q\x8e\
\x854X6Z\x9cU2\xc4n\xb7\xd8zD\xe3\xd4\
\x05xn\x9b\xc37o*\xfc\xda\x88\xc59_e\xf9\
\xcc<\xa7\xe4\x0c{\xdd6\xde\xb0\xc6\xcc5\x97\xdd[\
\xe0\xd4\xbc\xcc\xb3#.\xaf\xad*L\xe2\x92\xe9\x85\xa5\
 \x86\x18Asj\xb8\xc8\x11\xaf\xc4\xf7\x97|\x10\x14\
\x0e\x1eHS\xbbXf\xda\x13\x18\xdbQ\xa40\xbf\xc2\
\xbb\xcd\xf5/\xe7\xf1\xed\x05\xf45\x87\xc9\xa2\xcd\xcb\xa5\
8O\xc7\x1b\xbc\x15\xe48.\xd4\xb8\xa8&P\x1a\x22\
\xc7\xf6\x15\xd9\xd4\xac\xd0\x1c\xd6\xb9|O\xe5\x1f\x0e\xb5\
\xf8V3\xcf\xf3\xc2\x0a/\x04EN\x9au\x8c\xac\xc7\
\x0b7U\xfe\xc5\xa7z\x22\xf5\x0e\xb8\xd1q8?\xab\
\xb1\xdb.S\xdaRD\xb8P\xa5\xefd\x8a\xeb\xdfk\
\xb2\xed\xa4\xce\xf4\xbcHla\x91\xff\xf7\x96\xcf\xf6\x9d\
\x1a\x8b5\x8d\x1d~\x95\xab\xf1<#\xa52\xd5\xe1\xef\
9\x0bz\x00\x00 \x00IDAT\x22\xf9\x85\x0aV\
\x8fB\x838#\x12\xc8\xf5p\xcdB*\xc3\xf3C6\
\xdf\xbd\xd1\xc1C`p\xb2\xc8xi\x95\xb7\xaa\x01\xb1\
\x81^>)U\xf9\xde\xc6y\xf5\xf8`\x0f\x07\xc3\xec\
\xd2\x97d\xcf^\x8d;\xf7B\xb4,\xb5\xc8=1\xc4\
#\x11z\x07\x5cZuY\xba\xd3\x09\xf1\xc52\x7fr\
\xae\x896\x11n\xbf\x1d1\x8bz^\xe6\xf6\xf9\x1a+\
\x01H\xc5\x02\x9fK4\xf8\xab\xbb\x0e$\xd2|n\xdc\
\xe5{W\x0d\x9cnk^\x5ceu\xc7\x16\xfeQ\x84\
H\xc0\xec=\x93\xd6J\xb8\x8f}\xe7Gk8\x839\
\xb4.j~\x10#\x00[v\xf5D\xe2'\x82\xc6\xa3\
\xbb\xc2\xd7\xdf\x8e\xc1<\x07\xec*\xadn1\xc26Y\
\x9b\xaf\xf0c9\x9c\x9f\xaf\xb6c|2\x94\xf1:\xe5\
Km\xfavtO\xcb\xa9z\x8e\xaf\xed\xff(\x8e\x08\
~\x08F\xbcc1\xb2%\x5cs\xafaSLY\x91\
\xb8\xf8\xb1I\x07$\xd2\x1ar\xdb\xa2\xee\xad\x17\xe1\xf5\
\xa5\xa0Tw\xf1\x10\xc9g%:5g\xbdu\xab\xac\
0\x18\xf3iJ*j\xdb\x82\xb4\x82UqI\xf6\xca\
\xb4+>1=\xc0\xd34\x0e<2\xce\x17\xc7D\xdc\
\x0f\x9c\xbb\x94]\x0f_\x91\x90\x9c\xf5\x90\xab\x17x\x5c\
\x9d\x098\xb63\x82\xe1\x17k\xdcK')\xe2\xe3+\
\x22\xee\xdf:\xe7\xdav\xd7\xcf\xb9RZ\xe2\x7f\xfd~\
\x0b\xc9w\x08\x12\x12\xcdZ@>\x0d\xabm\x81\xc1d\
\xc0RG C\x80\xaa\x0b4=\x01!\x82f9\xa6\
\x91\x0flV\xcd\xf5\xbe\xd9\xd9\xac\x8cS\xb7i\x07\x10\
Oi\xa8\x1d\x8b\xdaF\xf8'\x99\xd5\x91:>\xe9\x98\
\xcf\x82)1$;\xac\x06\x1aE\xc1\xa2\x22\xca\x88\x8e\
\xc8\xe4\x9ea\xbe\xba/\x8e\xec\x06\xa82\xb4<\x81\xa4\
\xe8c|\xf0\xdc\xac\x17P\xbe\x17\xb1W\xb8\xd9\xe0]\
3\xc6V-\xc0\xf9\xc09s\xd7\x0cPc\xc2\xfb\xe7\
\xcci\xf2\x07\xffy\x8e\xbbi\x11\xc3\x96\xc8\x06\x16U\
Y'a\x9a\xd8\x09\x1d\xb5m\xe3\xeb\x2262\x09\xc1\
\xc7\xb7\x22h\x96\x15\x06b>\xcbM\x8f\x00\xd0\x93\x1a\
\x09\xcb\xa2\xec\x80\xa4k\xf4\x086+\x9du\xf7\x94\xe2\
:=av\x89\xa7\xf8\xf4\xe7\x868\x1a\xaa\xc5bE\
KFj \xf4\xee\x5c\xc0\xe6\xbep_<\xf5\xe2u\
\xfe\xa2\xad\x85\xd8O +y\x18\xb2@\xab\xe6`\x01\
\x82\xa6\xd2/\xb9,\x19>H\x0a\x03\x09\x9f\xe5\xc6\xfa\
|tWs\x9bs\x95\x0cOEi 4\xdd\x229\
\x10C\x0a\xf1\xb1\xd2\xe5)~\xf7v\x80\xd0E\xcd\x0f\
\xde\x10H\xa4\xd5h\xfcD\xa27\x17\xbe\xfe\xc6&\x07\
\xf9\xda\xc1D\xf7\x18awX\xb4\x15\xd2\x11\xf8\xf9\xbf\
\xfcu\x9dX(\xe3%\xac\xb2K\xac\x8bZ\x9aU\x8f\
\xe1\x11\xfd#\xd9\x04Dg\xc4-^4\x84P\xcd\xba\
\xeb\x22K\xd1\xb8\xf8\xb1)\x0ct,\x0fKL\xf1\xc5\
\xa73\xd4\xa6[,\x99>\xb9\xad\xc3|Vo\xf0\xee\
\x9a\x87+\xa5\xf8\xe23E\x8e\x8c\xc9,{Y\x8e\x8a\
\x06\x99\xc3\x83\x14\x17\x1c\x0e~\xba\x80q\xd9\xe5\xd8\x93\
)\x021\xc9`\xad\xc6\x8d\x96\xc4x\x7f\xc0\xb5e\x81\
L\xa3\xccY7\x860\xbb\xca\xddx\x12g\xba\xcc\xaa\
\xe81\xdbQP\xed\x88\xad\x84\xabU^XS\xc8W\
\x1aTRp\xe9R\x87L\xda\xe2\xfbS>[\x92\x1d\
^\x9e\x0fP\xea&BZgL0(\x0f\xf7PX\
\x83'\x9eH\xb2\xb8\x16\xe77\x0fH\x9c\xad$\xf9\xca\
V\x11\xb3/\x81q\xb7\xc9\x8a\x19A\xf3\xd3iJ\xb7\
\x9a\xac\xb82G>1\xc4X\xa9\xce\xed\xa6\x87\x97\xef\
\xe57\xb6\x06\x9c\xbfg\xd2\xf1e\x8e|b\x90=\xf9\
\x1c\xbb|\x93\xc1\x9dq\x16:\x19~{\x9b\xc7\xc5X\
?\xff(\xd7\xe2Zf\x90\xcfh\x1e\xe3c\x22o\xdf\
5I\xf7\xc7i\xccuH\xa9\x06\xffm^d\xdc\xaa\
\xf2\x83\x86\xcep\xbb\xc2Y[\xa4\xb4\xe2S\x10\xbd\xc8\
\xad\x84\x7fx\xc9\xa6W6\xb8\xecjt\xa6\xca\x94\xb3\
2S\xef4PFE\xae^0\x08\x02\x93\x92.\xa1\
\xa5\xe3\x04u\x99\xe3#.+\xc5\x11>-5\xf1w\
\x8d\xb1\xbbVE\xd97\xc8\x90\xa7\xb0'\xde\xe6\xdc\xb2\
C;\x82\xe6\x91\x95\x1a7\xda\xd0\xbfk\x8c\xe7\xe3M\
.\xac\xb9tH\xf0?\x9cLQ\x9an\xb1\xea\x08\xf4\
\xef\x1a\xe3\xb9\xfe\x18\xc7\x8a\x0e\xb5(v\x11u\xb6)\
aZ\x14T5Z+\xe1\xeb\x97\xabX\x99p_\x8c\
\xabq\x06\xccp\xfb\x9d\x9b1i\x9b>\x14\xfb\xf8\xad\
\x1d\xf0\xce\x9cI\xc3\x11\xd8\x7fl\x90\xe1\x95\x1a\xb7\x8c\
\x00\xa9\xd8\xc7\xd7\x0f\xe58\x94\xb2\xa8vM\xb3\x84\x15\
\xb5\x95\xf0\xcc\x0a\x97$=\xd4\xc7\xfa\xb3q\xe25\x83\
\x81.i\xfe\xda\xb6\x80\xf3K\xce\x03\xb7\x19\x88\xc4\xcf\
\xa7\xb3\x8c\x0cg\x897\xc2\xd7\xdf;\xab\x1e\x99.3\
\xe2\x8dYP\xc3\xf8\x19\x93\xc8\x0dJ\xac\x862\xbeE\
\xfe\xc8\x00\xf9.j\xe9\xd5ER\x1fI: *#\
T\xfaz\x14\xea\xa5(\x9a]\x9av8\x17?\xa77\
\xb9\xda\xf8\xfb\xaf\x96\xaeD\x02F6\xe7\xd1\x17*\xdc\
6AP\xe3\x1c\x1d\x87\xf3\xb7\x0c:\x82\xca\x9e\xed:\
\xcb7\x1a\xac\x05 \xc4\x92\x1c\xedu\x98W\x93$\x16\
\x1b\x08\xe3\x09\xea7M\x06\xf7\xea,\xddp\xe8\xcd\xf9\
X\xb9\x04\xbb\xb7\x16\x19\xaeY\x0c\xe4l\xae\x91e\x8f\
Qa\xae\xb7@nn\x8d\xcap\x1eu\xcd&\x19\xd4\
x\xad\xd3\xc3\xffx Z\x08h\xcd\xb7\xb8%'P\
\xe7LFw)\x5c\xb9\x0d\xc7G]\xbe7+\xf3T\
\x9f\xcd\x8d@\xa6t~\x81\xbfj\xe8Lz\x06n\xbf\
\xc6\xe2\x94\xcb\xd61xwI\xe6\xc4\xa0\xcb\xe9\xb2\xc2\
x\xe0\x92.\xc0\x8a\xa7A\x04\xcd\x89\xbe\x1c\xbb\xbd:\
gJ> \xb3}G\x82\xe6\xcd:\x0b\xbe\xc0\xc0D\
\x9e\xecJ\x99\xeb\xc6\xfa\x17\xc1\xd0\xe6,z\xd9e\xac\
\xe0\xf0\xe3\xaa\xce\xf1X\x9b\xf3~\x9aCb\x83\xebr\
\x1c\xa5-rx\x7f?\x8f\x08-:E\x95;\xcb\x0a\
\xcf\xf4v\xf8\xbe\x91\xe2\x98P\xe5\xcd \xc7~\xbbE\
'\xe5\xf3\xea\x0d\x81_{\xbc\x10-\x1d`\x07\xcc\xad\
(lr\x1a\xd4\x87s\x08\xb7\x9b\xe4\xf7\xc5\x999c\
0\xba_eqU@[]\xe1O\xde\xee\xd0\xb7E\
e\xad\xa1\xb2\xc9\xafs;\x96e\xa0Z\xa3\xde\x9f'\
\xbbR\xc7\xce\xc9\xb4\x82\x18\x03\x92\x0f\x8dp\xcdB\x22\
\xc5'zm~<c\xe1\x03\xbd\xa3\x05\x06je.\
5@\xeb\xcdqHhpju}7\x1c+\xe6\xd8\
\x15f\x97\xde$\x8f\x1eIQ_\x0d\xd1Rj#\x1f\
\xec\xe3@\xa4P\x9fOg-\xdc\x17\xff\xec\xad\x12\xf5\
\xbe0\xfb\x09l\xd2m\xea)\x89\xd9\x1bM*\x01H\
\xb9\x0c'c\x06?Zt \x96\xe0\xe4\xa0\xc7\x9bw\
L\xbcnk^-334\xca\xafFL\x07x\xed\
p\x1f{\xe5\xf5%\xee&\x93h]\xd4\xfc F\x02\
F6\xe7\x22\xf1\x13Ae\xefd\xf8\xfa\xdb6\xda\xcb\
\x93z\xbb{\x8c\xb0M\xca\xa5\x16W\xa4p~\xfe\xf9\
\x82\xc4\xc10\xc6g5\xea7\x0c\x0a[\xba\xa7\xe5\xdd\
r\x92/\xee\xd6?\xa2t@DF\x9c\xaa#\x0f\x84\
k\xce\x9b6\x99X4.~l\x22\x01\xb2\x22\xe2\x1a\
\x0em\x7f\xdd\xa95\xd9\xa7\xda\xf2\xf0\x11PUh7\
]l@\x10@\x0a|\x1aV\x80m\xbat\x020\xda\
.\x8e\x18\xd0l\xba8\x81O\xdb\x15\x18\x18)\xf0H\
\x8fB&\xa5\x90\x89)d\xe32\xa9\xb8J&&\x93\
N(\xe4u\x89tR\xa2\xde\x96\xd8R\x8cv,\xc4\
\xcd\xc4\xc8\xeb*\x85\xa4L:!\x93\xd1e2\x09\x85\
TL&\x9fT\x88k*\x05\xb7\xcd[\xb3\x16\x96\xe3\
\xd2\xf6\x03Zm\x17\x17\x9f\x9a\xe1#\xf8\x1e\xe5\x8e\xbf\
~\xc2\xc1\xf3\xd7\xef\x13\x88\xa0Y\x94%d\xd7\xd98\
\xce!\xa0\xa8\x02\x9d\xa6\x83\x09\xc8\x8a\x84\xdf\xb1in\
\xd0O\x14\x05l\xd3\xc5\xf6<\xaaf\x80\xe8\xb9T\xed\
\x80\xc0Y\xff\xd3\xb5|b}Y\x8e\x8dh$\x13*\
\x85\x98L6\xa1\x90\xd0\x15rq\x99t\x5c\xa5\x90\x90\
\x88'T\x84\xa6K\xef@,\xe2\x8e7\xc6pL\xa6\
\x90\x5c\x9f\xe7lL&\x15\x97I\xc7\x14r)\x85\xb4\
*\x93O\xb8\x5c\xbb\xde\xa4$\x04\xb4:>\xae\xe3R\
w\x05<\xd3\xa6\x15\x08\xd8\x86M\xdb\x83\x8e\x15\xe0\xba\
\x1e\xa6\x15\xaeY\x10Et\xc1\xa7\xb4q4L\x92%\
\xb0l\x1a.\x88\x92\x88\xe2\xb9T6\xee\x16\x10\x04\x01\
\xc2\xec\xe2\xab\xec\xd8\x95cK\xa8\x16\x1f+\xae\xd3\x1b\
\xa1\xe8g\xc5\x90\x18\xcd\x85\xfbbi\xb6\xca\xed\x0e!\
\xf6\xf3p<\x8f\xb6\xbf\xe1\xef\x00\x92\x84\x1e\xb8\x94\xcd\
\x00\x04\x11]\xf4)\xb7\xd7\xcf\xd6wW\xb3G\xc9\x8f\
3\x19!\x12P\xaf{\x14z\xc2}L,\xd78W\
\xf2\xba\xaa\xf9A\xdc\x04D\xe5\xe7:#\xc2\xd6\x1f\xc4\
\x0a\x19N\x8eu\x91\x11\x9e\x8b\xa3\xaad#\xf1\xd3\xc4\
\x0dc\xbc\x13\xbc\xf7\xb3ni\x91,\xe8\xcb}4\x85\
\x81\x1f\x8e\x11~(?\x1d\xcb\xc5\xf1\xa3q\xf1c\xb3\
\x09\xe8\xb4\x1d\xda\xc2F8\xebN\x93\xd9\x96Gv\xeb\
0\x9f\xd5\xeb\x9cYt\xb07\xd2\x01G\xc7%\xe6\xdd\
,Gi\x93:<Dq\xde\xe6\xe0\xa7\xf34/8\
\x1c{*\x85'$\x19,Wx\xe3\xae\xc3\xd0\x88\xcf\
\x8f\xeeJ\x0c\xae\xce\xf1\x82\x9bF\xbc8\xc3\x85\x5c\x0e\
\xfb\xddE\x16\x15\x9bK\xed8}DL\x07\x94W\xf9\
\xbf\xa7U\xfa\x17WY\xee\x15x\xf5\x95&\x83}\x06\
\xff\xe9\xac\xcf\xb1B\x93\xdf\xbf\x01\xdaJ\x8b\xf8p\x8a\
I\xd1`u\xa8\x97\xdc\xb2\xcf\x13O\xa4\x98[\x8e\xf1\
\x95C\x22o\x95\x92|u\xab\x80QL\xd0\x9aj\xb0\
\xd0\x8a\xa0\xf9\xe94k\xd7\xeb\xdc\xb3\xee\x87\xc6k\x5c\
\xaf8\xd8\x1b\xa1\xf1s\xd3\x06\x0do#\x1dP\xc8\xb1\
\xdb3\xe9\xdf\x11\xe7\x9e\x91\xe1_L\xba\xbc\xa3\xf7\xf3\
\xe5l\x93K\xe9!>\xa3\xb8\x8c\x8e\xc3\x8f\xce\x971\
\x06R\xac\x5ci1\x10o\xf0\x7f^\x978h,\xf2\
\xffTR\xec\xae.\xf0W\x8e\xcc\xcc\xb4\xcf\xf6T\x10\
1\xd4\xd7\xe6\xbf~\xdf`P\xad\xf2C7I\xf3\xec\
\x1c\x8bC*o\xff\xb72\xf1\xfd2?~\xa5\x89\xe4\
\xb5\x98\xcf\xc6\xe8\xc9\xc5\xf1\xab\x12\xc7G\x1c\x16zF\
\xf8\x8cT\xc7\xdd=\xc6\xeer\x05i\xdf \x83\x8e\xc2\
\xaeX\x93S\xf3\x16\x15;\x5c\xf3\xf0r\x85\x0b\xf5\xe0\
\xbd\xb0\xd7;K\x16\x0d\x7f=\xec\xb56\xd5`\xdeZ\
\x0f\x89=7\x10\xe3x\xafC%\xcc.\xb7+\x9c-\
\xc9\xec\xd7B\xb4\xe4\xe2\xeb@\x8b\x10\xea{\xf7\xf5%\
j\x05/\xd4\x17\x87S\x09\x06\xcd0\xfb\x09\x9c\xbe\xd3\
\xa1\xdat\xf1\xef\x87\xc6g\x0d\xd6\xcc\x8d\xd0\xf8r\x95\
\xcb\x0d\x1fq#\x1d\xf0H\xca\xa2\xdc-\xcd\xd9\x18\xb2\
\x1b-\x1d\xb0vc\x96\xef\x89\xf1P\x1f\xdb=\x92&\
Q5\xba\xa6\xf9AM\x07D\xe2\xe7\xd3YFF\xb2\
\xc4\x22\xac\xbf\xd7o70\xbb\xc9\x08\xa7\xc9\x7f\xbd\x0c\
\xb1\x85\x9f\xce\xcfX\x9fN\xdf\xa0\xc4b\x18\xe3+M\
rG\x06\xc8uSK^\xfa\xc8\xd2\x01\xd1\x18\x91`\
\xc7\xb0Jm%\x5c\xf3\xd9e\x9b\x92\x11\xce\xc5\x8fU\
:\xa08\x94F]k0o\x03\xb2\xc6\xee\x01\x81\xdb\
s&\x96 \xb3iT\xa3z\xafM5\x00A\x8f\xb3\
'\xeb\xb2\xa6\xc4\xd0Km\x84\x81\x18\xadY\x8b\xdeI\
\x8d\xd2]\x97l\xda\xc7I\xc79\xb0w\x98\xe3\x9aO\
R\xf7(\x09:E\xa7C#\x1eCo\x18tR:\
\x92\xe1\xa3\x06m~\xbc\xa4\xf3\xfc\x9eh\xe9\x80ZR\
\xc2\x10U\xa4\x86K\xbaG\xa4T\x85\xe1\xb4\xcftC\
d<\xeeQ\x0aD\xda\xb7\xe7\xf9\xbf\xae\x05\xf4y&\
^\x8f\xc2\xea\x9c\xc7\xd8\x00\xdcX\x93\xd8\xdf\xebq\xb9\
.3\x88G\x22\x03%W\x81\x08\x9a\xf5|\x8aM^\
\x8bk\x1b\xc7\xe6F\xc7bt\xe6Z\xac\xf9P\x18H\
\x93\xac6\x985\xd7\xbf\x00\x8a\xc3)\xd4\xba\xcb@\xc6\
\xe5BSc\x9f\xd6\xe1F\x90`\x87\xd0\xe6\xae\xa4#\
wD\x0e\x1c\x1c\xe2\xf3\xfd\x01^B\xa2\xda\x12\x99\x88\
\xbb\xcc8*\xc3\x82\xc9\x5c\xa0\xd3\xe7\xd9\xb8j\xc0\xc5\
\x9b&\xfb\x0f\xe5#\xa5\x03n\x06*jG\x22\xe7[\
\x98)\x1d*6\xb1>\x99\xfa\xa2K\xba(\xd12@\
j\x95\xf8O\x7fY\xc6\x1fR\xa8\xb4e\x86\x836\xf7\
\xb4$=\x8d&\xad\x9e\x0c\xc9r\x0b7%\xd1A\xa3\
 \xfa\xf8\xadp\xcd\x82\x1eg_\xce\xe1\xe2\x06\xf8\xb3\
}\x19z\x9au\xa6\x0cP\xb2)\xb6\x09m\xaeT\xd7\
w\xc3Z>\xcd\xe60\xbb\xe4R<\xf9t/\xbda\
Z\xdam\xaa\xfd9vE\x09\xf5\xad\x09\x14\x84p_\
\xfc\xcb\x97g9\xaf'C\xec'0\xac\xb94t\x81\
\xe5Y\x83\x06 \xa6\x92\xec\xd5:\x5c,y\xa0\xc6\xd8\
\xdb\xe3qe\xd1\xc6\xeb\xb6\xe6V\x95\xf3\x14\xf9\x5c\xa4\
t\x80E*\xee\x87\xfa\xd8\xf9Swy\xa1\xa5\xa1t\
Q\xf3\x83\x18\x09(\x0e\xa5\x22\xf1\x13Aa\xebH\xd8\
\xfa\xd3\x99\xdc\xdc\xcf\x97F\xe9\x1e#l\x93\xba\xe5S\
\x8f\xc0\xcf\xff\xfd\x9c\xc3x\x18\xe3S*\xad\x19\x93\xec\
p\xf7\xb4\xdc^\x159\xbc\xf9#J\x07De\xc4+\
\x0b\xdc\x8d\xc9\xa1\xfcL[\x0e1-\x1a\x17\xbb1\xba\
rm\xb0\xa2J\xa8\xf7'U\x10\x89\xabl\xec\xc8\x04\
tM\xfc\x1b\x86\x91E\x10\xc5\x8d\x9fI\x02\x02\x02\x92\
$ \x0a \x89\x02\xbe$ \xe02\xb7d3\x98\xb7\
\xb8)(hF\x93{\xbd\x1a\xf9\xa5\x06eYA[\
\xb3I\x06-\x16\x1d=z\xf1M\xbd\xcd\x1dY@\x9b\
\xef0\x9aU\xb8\xb9$\xd0\xab:\x5cZ\x94\xe9\xebs\
\x98\x0ddJK\x16\x8e\xa0!\x09\xeb\xbf\x9b\x88\x80,\
\xae\x87e\x15I@\x10\x04$@\x16\x05\x14UB\x88\
\xa0Y\x94%\xe2\x82\xc0\xfa\x1d\xb9\x02\xba&m\x1c\x85\
\x12\x90U\x09\xed\x03\xce(\x8a\x02\xa2  \x8b\x02\x08\
\xc2\xfau\x98\xac\xff)J\xeb\xcf$\xa0\xba\xba\x9e#\
\x9bZ\x91\x19)v\xb8\xd6\x96\xc8\x8b-\xae\xf9\x0a\x9a\
\xdd\xa1\x93\xf2\xb8\xde\x10\xd9\x1fqn\x02\xdb\xe2VI\
a\x8b\xd3\xa4\xa6*\xb0`\x90\xef\x8d13c0\x9e\
\xd5\x98\xaf\x08\xe8+\x06\xd5\x00r\x12\x08\xa2\x80\xec\xaf\
\x87\xf3%a\xfd\xf7\x96\x05\xf0%\x01\x11\x11E\x12\x90\
\xe4\x08\x9aE\x91\x84\x22r\xff\xbf\x94\x14\x09}c\xe2\
DI$.\x0a\xef=C\x10\x22\xd9\x85(Z\xd6,\
\x94\xfe\xa8\x93\xe31\xb7l\x85\xfa\xe2l'@\x8c\x87\
\xdbO\x166\xfccC\x98 I$\x14\xe1\xfd\xf9P\
?\xb0'\xef\xa6\xe6\x95\x0e\xc6H\xd4\xd5\x12D\xf2\xb1\
k\x15\x1fQ\xef\xb2\xe6\x07p|\x18~\x8a\x11\xd6\x9f\
(t\x9f\x11n\xa3\xcd\x1d)\x9c\x9f6bD\xc6w\
W\xcbt'\xc5\xe1\x8f\xca\x80\x1f\x86\x11\xc9p\xcd\x92\
\xf4!\xb8\xf8qI\x074k&UR\xfc\xeaSi\
\xeaw\x1a\xdc\xa8\xb8\xa4\xb7\x0e\xf3i\xad\xce\x8fg,\
\x0c)\xc5\xaf>U\xe4\xd1a\x98\xead8`7P\
\x0f\xf4\x93\xba\xd3a\xd73Y\xd6\xceX\x1c\xfcD\x9c\
\xb6\x1b'\xb7X\xe6rC\xe5\xf0.\x99\xe9F\x82\xbd\
N\x99\x8b\xf1\x02}\x8b\xab\x94F\xfa\xc8\xcfU!/\
P\xd63\x0cyQO\x07Tx\xa1\x9dfw\xbb\x85\
\xb2Y\xe7\xd6E\x87=\x9b<^\x99Q\xf8\xcc\x98\xc3\
\xf7\xcb*\xc3\x96\xc7\xc4\xa6\x14\xe3n\x93\xd9b\x1e\xfd\
\x9e\xc7\xf1\x93qn\xcei|yo\xc0\xf7\x17\xe3|\
y\x93O5\x1fc\xf5z\x9d\x99j\x04\xcdO\xa6Y\
\xbdZ\xe1\x96!\xf1\xe8\xc9AF\xcb5..[\x18\
\xb9\x1e\xbe<\x19p\xe6V\x93\x92+\xf3\xe8\xc9Av\
\xe7\xb2Lv\xda\xe4\xb6j\xdc\xa8\xa5\xf8\xda\x84\xcd\x1b\
R\x1f_L\xd69\x1d\xeb\xe7\xc9\xc0f`\xd8\xe3\x87\
\xb7;\xf4o\xcf\xc3\xb2\xc7\xfe~\x8b\xbf\x5c\x8d\xf3\x84\
R\xe5G~\x9e\x93T\xb8\x92\x88\xd1\xa9k\x1cN\xf9\
\x91+\x7f\x7fp\x15\x0e\x16L\xee\xa6r\xc4\xa6+\x08\
\xdb\x12,\x9c5\x18?\x9a\xe0\xeee\x87\x81\xb8\x0b\xe3\
IzR:\xed\x15\x81G\xfa-\xa6rC<\xe9U\
in\x1bary\x0d{W?9CbR\xac\xf3\
\xc3\x19\x83\xc5N\xb8\xe6\xe1\xc5\x12\xa7\xca>\xc5\x9d\xa3\
<\x17k\xf2\xf6\x9c\xc1\xaa\x9b\xe0\xf3'R\xac\xdd\xac\
q\xbb\x0d};G\xf9\x5c\xbf\xce\x91\xac\xc9B\xa8]\
j,\xc8)\x9e\xee\x09\xd12\x96 \x1e\xf1t\xc0\xb5\
\x0bu2\x9b\xc3}qs2F\xbe\x1ef?\x9fW\
o\xb5Y.\xdb8\xc5\x22_\xdb\x06\xef\xdcm2\xdb\
\x82\xfdG\x07\x19Z*s\xb6\xec\x22\x16\x8b\xfc\xcf\x07\
s\xec\xd7\x0d\xe6\xbb\xa5y<\x01V\xb4t@\xf9\xee\
\x0awz\xb2\x04!>vl,\x89\xb4\xdc\xec\x9a\xe6\
\xffik\xc0\x85\xe5\x07/\x1d\x10\x89\x9fOf\x19\x19\
JC\xe8\xfa\xab\xf1\xe6\x92\xc3@W\x19\xd1\xe6\x8d\xd5\
\x18\x13a\xfc\x1c\xd1(\x14a:\x8c\xf1Ku\x92\x8f\
\xf4\xa1\xafvO\xcb\x81\x8c\xf0\x91\xa5\x03\xa21\x22\xcb\
\xfe\x01\x99\xa59B\xf9\xf9\xc6\x82\xc9\xbdz8\x17?\
\xab7\xb8\xd6\xe8B,\xaa\x1b\xe9\x80L!\x8eR7\
(\xb9\x80\xa40\x9a\x83\xa5\x92\x83\x83D\x7fQ\xa6\xb9\
j\xd1\x06\x04Ee,\xe1S\x97T\xd4\xa6\x059\x15\
s\xcd!=\xa0\xd0X\xf5H\xc6\x02\xdc\x98\xce\xde}\
\xa3\xfc\xca\x98\x88\xe3\x09\xe8x\x98\xa2\x8c\xea\xba\xb8\x8a\
\x8c\xecx\xf8\xb2\x80\x8f\xc7\xb5\x0fqO\xc0L*I\
\x1f>\x81*`w@\xd7\xa1mCJ\x85\x96\x03\x1a\
@y\x89\xff\xed\xd56\x9a\xef\x10\xa4e\xea%\x8f\x9e\
\x1c,4D&\xd2>\xb3\x86D\x1e\x1f-\x0e-_\
\x86\x08\x9a\x95d\x8c~\xdfd\xceX?3\xdf[T\
\xb1\xd7L\xea\x01\xa4\xf2qbM\x83U\xe7\xfe<\xc6\
\x90\x0d\x9f\x5c\xdc\xe3nGa\x5c\xb1Y\x084\x86\x05\
\x8b\x15QA\xb6\x05\xb6\xee\x1e\xe4\xcb{\xd7\xcf\xcdj\
r@\xc3\x15I\x8b\x1e-$\x92xtD\x11\xc1\x85\
\xca\x5c\xf4{\x02\xde\xe9\xc4\xd8\xa6\xad_e)\xd9.\
\xe8\x12^\xc7G\x8d\x8b\xeb\xd7}\xca\x01\x81\xd0\xe2\x0f\
\xff\xf3\x1csy\x89\x96)S\x08LJJ\x8c\xb4a\
\xd0I'\x885;x1\x09\x1b\x85\x94\xe0\x13\x98\xe1\
\x9a\x05Uc<\xe11S]\xbf\xf8\x22\x91\x8d\x93\xee\
\x18,Y 'b\x0c\x09\x16\xb3\xad\xf5\xb0\x97\x92\x8c\
\xd1\x17f\x97d\x92'\x9f\x19\xe2\x98\x1e\xa6\xc5f5\
\xe2=\x01\xef\xdc[?\x03\x1c\xe6\x8b\xa7_\xbc\xce_\
\x9az\xa8\xfd\xf2\xb2\x8b\xa9\x89TV-:\x80\x10\xd3\
\x99Pl\xee6|\x02Ee<\xe5s\xaf\xe2\xe2w\
]\xb3\xc1;Q\xef\x09\xb8\xd3\x22>\x18\x0b\xf5\xb1\xf2\
\x95)\xfe\x8fi\x90\xba\xa8\xf9AL\x07d\x0a\xb1H\
\xfc\x04\x89\x81\xde\xf0\xf57\xb6\xa9\x9f\xaf\x1eL\xa0t\
\x8b\x11\xb6\xc1\x82\xa5\x92\x8e\xc0\xcf\xdfy\xb1A:\x94\
\xf12\xe6\xaaM\xbc\xa7{ZZ\xb5\x8f\xee\x9e\x80\xe8\
\x8c\xb8\xc5+\xb6\x18\xaa9\xee\xb8\xa8J4.vc\
\x88\xdd\xf8\x9f\xe4\x0aqz\x95\x0d\x97\x96T6\xf5\xaa\
(\xeb\x7fa\xa0O'u\x7f\xc2e\x95\xc1\xb4D*\
\x17#/\x8b\x14\x0a\x1aIA\xa6\xbf\xa8\x91\x92\x15\x8a\
I\x99B\x8fF.\x11pw\xc6\xc4n\xd6y\xa7)\
\xe1.W\xb8\x13\xc8\xd4f\xcaL\xf90\xb7dQ[\
\xacp+j\x17,A\x22\xd9np\xd5\xf4\x99\xbai\
\xe0\xea6\xef\xdc\xb5Ia\xf0\xc3\xbb6z\xa7\xcd\x1d\
\xc3\xe2\xed\xdb\x06n\x5c\xa7?&\xd1[P\x89K\x0a\
\xc39\x05E\xd5\x18\xcf+h1\x8d^}\xfdg\x85\
\x88\x9a\xb5T\x9c\xf1\xa4\xf0\xde\xef\xd1\xd7\x17##l\
,\xfe|\x9c>\xf5}\x18$\xb3:YMe4+\
#\xea\x1a#I\x11-\x11c4)\x92Lk\xa4b\
:\xc3)\x95\xceB\x83\x92k\xf2\xe6\x9cG\xcej\xf2\
VUD\xab\xd6x\xb3*b-\xb5\xa9\x19M\xde(\
\xf9\x91!\x94\x90M\xce\xaf\xf8\xb4\xe6*\xcc\x89\x22\xf3\
\xb7\x9atR>W/61\x14\x8b\x9b\x15\x97\x99\x1b\
5\x16\x02\x89\xde\x9cJ2\xa13\x14\x17\x88\xa7uz\
5\x91L.FQ\x93(ddRi\x9d\xc1\x5cD\
\xcd\xaa\xc6\x96\xbc\xbc\xd19K \x99K0\xa4\xaf\xff\
MN\xc6\x98H\x09\xefu\xd5\x92#\xda%\xabD\xd0\
r\xb3M'j\xa8V'\x92/^j\x10\xc1~\x1a\
#)\x95\xa1>\x8d\xc4\xfdhx<\xc6\x96\xcc:i\
\x04YcK\xcf\xfb\x91\xad\xaej\xbe\xd1\xa0\x16\xd5#\
\x149\x92\x8f\xfdx\xd1\xed\xba\xe6\x07q\x13\x10\x99\x9f\
B\xb4\xf5\xd7\x1bW0\xbb\xca\x08\x91\x98\x11\x8d\x9ff\
\x14\xc6\x174\x92]\xd6\xf2n\xf3\xa3\xb3`dF4\
\xc5h\x9a\x93\xd1\xb9\xf8\xb1I\x07\xd4\xca\x06\xa5`=\
\x9cU\x9b\xaasy\xcd!\xb5u\x98Ok5^\xbb\
c\xd2\xdaH\x07\x1c\x1d\x83\xeb\xed\x0c\x07;u\xe4C\
\x83$o\x19\xec\xfet\x96\xa57M\x0e=\x11\xa7\xe1\
\xc4\xc9\xce\xafqzEd\xefv\x91+k1v\x19\
\xcb\xbc\xa9\x15\xc8M/07\x5c$yk\x8dN\x06\
\xe6\xa4\x0c#A\xc4t@\xa5\xc47\xcbI\xb6\xd7\xea\
\xb8\x13\x0a\xe7O\x9b\xec\x9ap\xf8\xf3k\x12\x9f\x195\
\xf9\x8bE\x85\xbe\xa6\xcd\xc8\xe64\x9b\xbd\x06\xd3\xc5\x02\
\xea\xb4\xc3\x89\xc7\xe3\x5c\x9d\xd1\xf8\x8d\xfd\x01\x7f=\x17\
\xe777y\x94\xf21\x16\xaf\xd4\x98*E\xd0\xfcd\
\x9a\x95\xcbe\xae\xb67B\xe3\xa5\x1a\xef\xce\x9b47\
B\xe3\xa7\xae7Xv\xd6C\xe3{\x0a9\xb6\xb6[\
d\xb7j\x5c\xae\xa4\xf8\xed\x09\x93W\xc5>\xbe\x94\xa8\
\xf2c}\x90\xa7|\x8b\xfea\x8f\x97.7Hl\xc9\
c\xcd\xd8\xec\xee\xed\xf0\xc7s:\x8fS\xe2\x05+\xc7\
\x09g\x8d\xd3\xaaNmM\xe6p:\x88\x9c\x0e\xf8\xee\
Y\x97\xdd\x996WbY\xe4k\xab\x98[\xe3\xdc\xfe\
a\x83\xe1c1\xae\x9c6\xe9\xd1,\xcc\x91$}Y\
\x9d\xd6\x22\x1c\xee\xefp#3\xc2\xd3n\x99\xfa\xf6Q\
&\x17V0w\x0f\x90mIL\x8aU^\xb9\xd3f\
6\x82\xe6\xe1\x855^_\xf5\xde\x0b{\x9d\x99m\xb3\
\xe8\xac\x87\xbdV\xafW\xb8\xd6\xdcH\x07\x0c\xe8\x1c\xcb\
v\xb8\xd7\x17f\x97*7\xec8\x8fg\xc3\xb5\xa4\xb5\
h\xe9\x80KgJ(\xe3\xe1\xbe8\x99N\xd0S\x0b\
\xb7\xdf\xcb\xd7[\xcc\xadZX\xf7C\xe3\xd3\x0d\xa6\x1a\
\x1b\xa1\xf1\xc5\x12o\xae\xba\x08\x1b\xe9\x80C\xb16\xb3\
]\xd3\x9c@\x8ezY\xd0\xed\x05.d2\x98!>\
vl\x22\x8d\xbc\xd4\xe8\x9a\xe6\x073\x1d\x10D\xe3\xe7\
\x93YFG\xd2\xf8K\xe1\xeb\xef\xd5\x99\x0e\xc9\xae2\
\xa2\xc5\xf7fU\x86\xc2\xf89\x1a\xa3\xaf\x1fn\x862\
\xbeF\xe2H\x1fj\x17\xb5\x1c\xcc}t\x97\x05Ec\
D\x96\x83#\x0a\x8b\xb3\xe1\x9a_\x9b\xebp\xa7\x1a\xce\
\xc5\x8fU:\xe0\xbd\x1d\x85$\xe0{\xc1\xfb\x85\x5c\x04\
x\xc1\xdf\xf1\xec\xa7\xef\xabx\xe2s;\xf8\xea\xb8\x88\
\xe7\x0b\xa8\xf8\xd8\xa2\x88\xec\xf9x\x92\x88\xe4\xf9\x04\x92\
\x80\x1f\xb8\x9c\xbf\xed\xf1h\x94.\x82KuV\x0bi\
\x8a\xf8 \x0b\xb8\x0e(2X\x1e\xc4d\xe8x\xa0\x02\
\xfe\xca\x02\xff\xf2;kT>\xc4\x8cD\xd5,\x8a\x02\
\xf8\xc1F\xc8S@\x12\x03<\xff\xfd\x82\xc0\xf7\x9f\xfd\
\xf4\xaf\x86\xe1C\x93\xfc\xeb\xc7\x12\xc8^\x80,\x05t\
<\x91\x98\xe8c\x22\xa2\xe3c\x0b\x02\x82\x0f\xabSu\
\x92\x91\xba\x086\xb9\xec'\xd8\xa9\x058l\xcc\xaf,\
\xe2\xdb>\xb2&\xe2\xda\x1b\xd7\xce\x06u\xfe\xc3\xef\xdf\
\xe5\xf4\x87(\xe1\x8e\xaaY\x10\x05\xc4\xe0\x03\xf3&\x0a\
\xf8\xfe\xfa\xbc\xfd\xedg?\xdd\x18\x19\xbe\xf6\x95\x09N\
\x86j\xe90#&\x22\xa5\x03.,\x89\xec\xec\x0f\xf7\
\xc5\xd7_\xb8\xca\x1f\xce\x7f\x08\xc7\x11\x04d!\xc0\xf5\
\xef\xd7\x83\xad\xcfG\xf0w<\xeb\x8e\xe6&o\xacD\
\xeb\x2283\xd3\xa1w$\x16\xeac+\xef\xde\xe4w\
\xcet\xa2W\xf5wK\xf3/\xe8\xe8\x0e?\x7f\x06\x8c\
\xb0;\x94\xd1\xc9\xfc\x0c\xf8\xd9--\xd5\x15\x9b\xe2\xf0\
G\x93\x0e\xf8Y1\xa2k\x5c\xfc\xef\xb9\x09\xf8\xef\x1e\
H\x93DT\x91\xd0\xd0H\xe0\x07X\xde\x03Vn$\
\x08hrx\xd8( \xc0q\x82\x07,\x1f+\xa0(\
B(0\x00\x5c\xd7\xc7\xfd\x05q\x1dI\x12Q\x22\xc4\
\xdd}\xcf\xc7~\x80_\xc6\x0f\x19\xf1\xf3\xc7\x88\xc8\xef\
\x82\xf5\x03K\x114\xdf'\xc5/>#\xe4\x9fg\x1f\
\x0e<\x1f\xcb{\xb8\x96\x7f\x92\xb7[N\xf0p\x1e~\
\xc2\x12w\x9c\xe0\x81\xebZ\xe7y>\xde\xc3\xf5\xf2p\
\xfc\x022\xe2\xe1\xbb\xe0\xff\xff\x10\x1fN\xc1\xc3\xf1p\
<\x1c\x0f\xc7\xc3\xf1p<\x98\xe3\xe7:\x12\x90\x1b\xef\
\xe7\x97\xc6\xc3\x0b\x03\xbdR\x85o]i\xbfw\xff\xf6\
\x03\xb1\xbb\xcb\xe6\xf8\xd5}\xc9\xf7*\xb2\x7f\xe2\x0e\xda\
i\xf3\xca[\x15\xe6\x1f\xa4\xa0\x81\x18\xe7\x89\x13\x05&\
\xa2\x14\xfd\xbc\xbb\xc4\xb9\xe6/\x82h\x89\xed\xfb\x068\
\x96\x0b\x0f\x84\xaeN-\xf3\xdd.\xf6+\x7f8\x1e2\
\xe2!#\x1en\x02>\xe4\x10\x88i\x02\xce\x07\xfa3\
+\x9e\x8b'\xcbH\xae\xb7^h\x81Do\x7f\x8eg\
\xf7F(\x0c\xbc\xdb\xe6\xdb7L\xe4\xc0'PD\x9c\
\xbf\xd5\x0f\xdb\xf0\xd6\xfba\x8b\x12\x18\xd6\xc7\xbf\x91\x89\
\xa2J\x88^\x80\x22A\xdb\x13H\x88>\x9d\x0f\xf6\xd7\
\xf6!\x9eM\xf1\xf8\xde\x9e\x08\x85\x81\x22\x17\xce\xd6\xa8\
\x0a\x01\xf6\x07\xfa\xd1{\xa6\x8f\x12\x13\xdf\xefG/\x09\
x\xa6\xf7\xf1\x0f\xa1\x8b\x22\x099D\x8b\xaas`O\
/GB\x8b~,\xac\x1b+\x5c\xb5\x09\xf1E\x11\xc9\
s\xe9x\x1fc\xcd\xb2\xc2\xc4\xe6^>\x15\xa10\xf0\
Vc\x8d\x97W\x03\x84\x10\x1fS\x05\x9f\xd6\xc3\x94\xd3\
\x03\xc1\x88\x8b\xe7\xeaT\xdc_\x0c~\x0a\xb2D,\xec\
]\xa0\xea\xec\xdf\xd3\xcbc\xbf(\x8c\xf8Yo\x02\x0e\
\x9e\x1c#sq\x96\xd7\x1a \xc4s\xfc\xd3\xc7\xe0\xcf\
_\xadR\x13\xe3|\xfe\x9947^Y\xe6\x96\x0fb\
\xb6\x87\x7f\xbc\xc9\xe4r\xac\x87\xfc\xf5e\x84G\xf2,\
\xbd\xd6d\xd7s)\xae\xbfj\xb2y\xc4\xc3\x18L\xd2\
\xba\xe6r\xecD\x9c\x99U\x8d\xc3\x948\x93\xecc\xcb\
\xd22\xab\x9b\x07)N\xafb\x0d\xe94\x83\x04\xc9v\
Dw\x13U\x1e9\xbe\x85O\xfa\x0d\xccM\x09\xee\xbc\
csxw\xc0\xf7\xa6T\xbe8\xe9\xf0\x9d\x05\x8d\x83\
\x92M6c\xf0{W5\x8e\xd85\xec\xed\x09\xae\xbc\
i\xf3\x89C\x01\xdf\xb9\xae\xf1\xd5\x9d6\xdf\x9c\xd58\
\x1c\xd8\x14\xc7\xe0\x96\x9fB\x89\xa0\xb9\xb0}\x94\xe7\x9d\
\x05\xfe\xcb\x1d\x8f@\xd0y\xf6\xd9\x02\xab?X\xe0\x82\
+\xb0\xfb\xe8\x18\xc37gy\xa9\xb2^\xad\xb2\xe7\xe8\
\x10\xa9Y\x8bC\xe3&\x7f8\x9f\xe2\x9f\xa4+|\xc7\
\xef\xe3\x0b\xe2\x0a\xaf\xeaY\xf4\xb2\xc8\xf1^\x93\xb5\xe1\
\x22\xe9E\x8b\x9d#6\xdf^L\xf0\x85d\x8d\x97\x82\
^>#\xac\xf1\x96\x9e!\xd9\x10\x98\x94\xa3\xbe\xaeE\
\x06v\x8e\xf2\xc5Q\x8bkj\x9e\xc2\xf4\x1a\xc1\x9e,\
\xab\xa7Zl}*\xc9\xd4[&\x9b\x86\x02\x8c^\x99\
7\xbf\xb5B\xef\xd18\xb7Wb\x1c\xf3\x97y==\
\xc4\xce\xf9\x05\x96\xb7\x8f2ps\x89\xce\x88F)\xc8\
\xb0U\x0c\xd0\xcb\xf3\xa1\x9a\xc5B\x91\x7f>i\xf0{\
\xa7[x\x08l9<\xce\xde\xb9\x19\xfeb9 \xb5\
e\x84_\x97\x96\xf9\x83\x9b\xebG\xc62\x93\xc3|*\
\xd4.\x02\xe7*)\xbe4\x1e\xa6%N6\xe2\xec\xc4\
z\x8a|\xe3\x89X\xa8/\x06\xe7n\xf0\xf6\xc8`\xa8\
\xfd\x1eKvX\x1bTx\xfb\x95Uf|P\xc6\x86\
\xf8z\xa6\xcc\xbf\xbfdB\xa6\x87\xaf\xef\xb1\xf9\x837\
\x1aX]\xd7\xac\xd2jE\xf4\x88X\x82_~.\xdc\
\xc7\xb6\x18\xf3\xfc\x99\x98'\xd1E\xcd\x0f\xde\x908x\
r8\x12?\x11\xe3<\x7f\x22|\xfdMT+\xc8\xfb\
\x06\xc9t\x8b\x11\x82\xc4\xb6c[x\xde\x0d\xe7\xe7\xef\
\xfe(\xe0s\x13a\x8cO\xd0\x9c\x97\xd9j-t\x91\
\x11\xd1\xf8\xf9X\xb6\xcd\x85t?\xcf\x84\xbd\x0b\xb2P\
\xe96#\xde\x99em\x22\x16j\xbf\x91\xba\xc1h!\
\x1a\x17\xbb\xe2\x81\xdd\xb8'`\xe9^\x9d\x19[c\xff\
6\x9d\xceJ\x83SwM\xc4b\x96\x1dR\x8b\xd7\xaf\
\xb6(\xa3\xb1\x7f[\x9a\x89\x84\xc5\x99\x15\x99\xc4r\x85\
\xb5\xde\x04\xb5\xcb\x0db[\x15\xae\xbe\xd1$5\x06w\
*\x02\xb5\x9bU\xda\xfdy\x1e\x1bQ\x11\x03\x99\xa2\xe6\
c\xc7b\xf4\x04.R6A\xd6uQS\x0a\x92,\
\xe3u\x82h\xf7\x044\x0d\x96\x948cj\x80\x92Q\
\xa1#\xd0W\x90h\xbb2\x13Y\x81\x86'\xd3\xa7\x8a\
\xc4\x95\x80\xca\xcc*\xef\x88*+\xd7\x0cz\xc7\xe0\xf4\
\xcd\x80\xbd\x85\x0e/\xdc\x86\xddZ\x87\xa9 \xe0\xe2\xe5\
:7g#h\xde\xaaS\xbeY\xe2LU`ts\
\x86\x5c\xab\xc5;\xb7\x9a\xac\xe8\x09\x1e\xed\x0d\xb8p\xbd\
\xc2TGdts\x86\xa1D\x0ce\xa9F;\xe9\xf1\
\xe39\x99\xc7\xf4&/5\x13l7\xcb\xbcb$\xe8\
+\xb7qe\x837\x1a1\x8eoN\x91\x0d \x9f\x16\
i\x04*\x13q\x9f\xb6\x1acT\xf50u\x8d$\x22\
\x09\xcfE\x8bt\x06\xd8b\xd6\x90\x19\xcf\x89x\xaaF\
\xd6\xf3\xd0\x0b\x1a\x8a\x01=\x03\x1a~\x1b\xb2)\x095\
\x0e\xd5\x86\xcd\xe5)\x8b,\x0d\xcezi\x06\xcbk\xdc\
Ig\x10\xa7\x96\x99\xcd\xc5\xa9/\xb9\xc8\xb5\x12?\x98\
\xaaq!\x82\xe6\xccj\x99\x97\xef\xd9$\xfbs\xecV\
L\xae\xde\xa9r\xbd\xad\xb2{\xb3F\xedN\x99\xd3e\
\x9fT\x7f\x8e]i\x85A\xb7\xc1\xe50\xbb\x5c\xb5\x18\
\xdc\x96c\x7f\xa8\x16\x11\x94(\xf7\x04x,\x94}z\
\x8a\x11|\xb1\xe5\xb28]\x0d\xb5\xdf_\xdfnq\xf5\
N\x9bz\x22\xc5\x89>\x98\xbdW\xe3\xcc\x8a\xc7\xe0x\
\x86L\xb9\xca\xf7g,\xfcd\x8a\x13c\x09z\x8dZ\
\x175C\xc3\x8cvO@\xb5lB.\x11\xeac)\
\xd1\xe7\xea\xe52\xad.i>^\x84\xf9\xc6\x83V\xdd\
\x15D\xe3\xe7\xd68\xf9\x8c\xc2\xfc\x9d\xf0\xf5w^H\
q\xa2\x9b\x8c\xf0\x1cJ\xb6B1\x8c\x9f\xa2\xcb\x9a\xd1\
\xe6T(\xe3K\x5cZ\xaaw\x95\x11\x87\xfacxs\
\xe1\xeb\xef\xa5%\x99\xc3\xdb\xb2l\x0a\xd3\x22y4S\
q\x06\xba\xc8\x08\xd9m\xf3\xa3\xcb\xe1\xf6{}\xbe\xc5\
\xd9\xf9p\xcd;e\x8be\xf3c\x95\x0e\xf0i\xb4\xbd\
\xf7\x8eJx\x96C\xf3\xbds\x13>\x8d\xb6\x8b/\xf8\
\xb8\x8e\x87\xe1\xfa\x98\xa6\x07~\x80hx8\x04\x18\x1d\
\x1f\xdb\x09\xf0}\x81\xde\x8cJZ\x95!)\x11C\xa7\
O\x11IeudU \x9e\xd1\xf0t\x09\x1dX\x8c\
\x1c.\x95\xe9O\x8a$\x02\x15O\x96\xf1\xf2\x02\xba\x06\
\xc3\x19\x11E\x15\x19LI\xa4\x04\x11\xd51h\xd9\x01\
\xb6\xe8!\xfa>\xad\x8e\x87\xe3A\xc3\xf4\xf1<\x8f\xa6\
\xedc\xc1\x07\x8e\x83\x84i\xf6p7\xfef\x1a.\xc2\
\xfd36\x9eG\xed\x03\xfd\xa0M\xc3A\xf0D\x1c7\
\xc0\xb5|<\xcf\xa5n\x07x\x8eK\x93\x00\x17\x8f\xb6\
\xeb\xe3\xda>rZ\xa7G\x13\xd1\xd32\x9a&2\x92\
\x96\xd0\x14\x8d\xc1@D\x15t\x8a\x92\xbc\xde\xc4%\xf2\
g\x95@&\xab\x10\xd7Ez$\x91XV'\x90e\
\xd4\x1e\x95\xb8 Q\xcc)\xa4\x12\x01\xaed\xe3\x9a.\
\xb6\xef\xd3v|\x1c\xc1\xa5\xe5\x06\xd8\x96\x8b\xe1\x05\xd8\
\xa6\x87\xef\xfa\x7f\xe3HM\x98\xe6\xfb[Y\xd7r\xa8\
;\xef\xcfi\xcb\xf0\xde;{\xeeZ\x0e\x0d)\xc0\x15\
\x03l/\xcc.\x12=\x91\xb4\x04DM\xe1\xa9I-\
\x92/\xd6]\x97v\x04\xfb\xbd7\x03\x9eK\xc5|\xff\
\xd0\x95\xd9q\x11\x83\xf7\x9fU; 9\xdd\xd4\x1c=\
\x91#\xaaZ$\x1f\xa3\xe5\xd1v\x03\xecni6\x1f\
\xe4s\x89\x11\xf8I\x10i\xfd\xa9\xf1n3B$\x9f\
\x88\xc0O3\xa0cFa|\xf7\x19QW\xa2\xf1\x13\
Ea \xca\xbb\xc0\x8a^A\x16\x95\x11s\xb6\xf7\xa1\
\xf8\x19\xcaE\xf7c\x14\x098xr\x8c\xed\xd5\x0a\xe7\
\xd7\x5c\xdcx\x8e\x7fv2\xc6\xed\x1b\x0d\x96\xbd8\x9f\
\x7f\xb6@0\xdd`\xaan\xb3&f\xf9\xf5M.\x8d\
\x91\x01F\x17\xea\xf4\x1e/`^\xb0y\xec\xf3yj\
7`\xdf\x90@~o\x0f\x93Y\x95\xb9+m2R\
\x95\x17\x8d,\xe3\x8b\x0b\x9c\xcf\xe4\x11.\xccr\xbd'\
M\xf9\x8e\x89\xbb\xb6\xcc\xabn\x9a\x13C\x11\x22\x01m\
\x17\xb1Q\xe6UOg\xe9\x5c\x9d\xde\xad\xf0\xe2\xdb.\
G\xfa\xda\xfc\xc7w\x03\x8e\xc6\x9b\x9c6}N\xbd\xbe\
\xc4\xb5\xc2\x00Oc2t8\xc3\xd2\x0d\xf8\xeca\x99\
\xb7\x96\x13|\xfd\xa0\xc0[\xad$\x8f*\x22\x8f\xee\x8f\
\x93\x18)\xb29Ls\xc3%\xbd}\x94_\xcb4y\
\xeb\x9eE+\xd0y\xf6S}\xa4\xeeT\xb9\xda\x0e\xd8\
}t\x9c\x83F\x8d\x8bk6\xf5\xb6\xc3\xf0#\x83\x14\
\xea\x12\xcfo\xf3y\xa9\x9d\xe3+=-\xce%\x06\xf9\
r\xba\xce\xdd\xbe\x1c\x09'\xc5\xaf\xecL\xe1M\xaf\xb2\
\x9a\xf6y\xf1\xba\xc8\x93\xf1*\x7f\xb4\x96\xe4Pk\x91\
o6R\x8c\xaeT\xa9\x0a-\xfedJ\xe2\xf8d<\
B$\xc0\xc1\x14:\xbc|G&\xbb;}rJ\x00\
\x00 \x00IDAT\xb0\xc4t\x7f\x9a\xb5\xb7Jh\
{UN\xbdP!\xbd\x1d\xce\xcf\xf9\x94.,\xf0\xe2\
\x9c\xc8'\x8e\xc6\xa9\x04y>\xadU\x99\x1e\x18\xe6@\
\xb5\x82\xbf\x7f\x9c\x1d\xa5\x06\xb9\x09\x0d\xbf\xd0\xc7\x13#\
\x19\x0e\xe9\xe1\x9a;\xb9\x22\xdf\xd8'pz\xaaE\xd9\
\x16\xd8rx\x82\xc7\xbd*\xa7\x96]b[F\xf8\xcd\
\xde\x0eg\xe7M*\x86\x8354\xc43\xa1vI3\
Tp\xf8a\x98\x96Ku\xe4-\x19\x86Bw\xf9>\
\x15\xdf\xe7\xda\xc50_\x5c\xe2\xcf\xae\xb6\xc8\x1f\x08\xb7\
\xdf\x17Fe\xc6\xf6\xa7i\xdf\xaas\xbb\xed\xa3\x8c\x0d\
\xf1\x8d1\x9b\xd7\xa7;t\xd2=\xfc\xd6a\x99\x8b\xd3\
m\x96\x1a6f75_\x5ce\xb5\xbf\xc0\xbe\x08\x91\
\x80\x86!\xd0\xba\x13\xeec\x7f\xf4f\x85\xe4\xbe\x81\xae\
i^6\x1e\xc4M\x80\xc4\xc1\x93\xa3\xe1\xfcl\xb8\xd4\
\xda\x0aOEX\x7f'z\xe3\xc4\xe6\xd7\xba\xc7\x08\xdf\
\x87\xd5U^qC\xf8\xf9\xc6\x0a\xe7\xac4_\x0ce\
|\x81~-\xc7\x93\xe9\xee1b\xadaG\xe2\xe7/\
o\x891\xe2Wy-\xec]\xf0V\x8b\xbe\xddY\x86\
\xbb\xc8\x88?\xbd\x12p\xf4\xd1p\xfb=\x96Tyf\
2\x5cs\xb5K\x95\xee]\xbc,H$\x93\x141Z\
.\x0e \xa9\x0a\xc9\xe0\xfeNF$\x93\x94\x08\x5c\x0f\
\xc3\x15P\x02\x1f_\x91\xc0\xf6\x915a\xbd\xc9\x89.\
\xe0z x\x02\xdb\x1f\x9d\xe0+\xbb\x15\x9a\x86D\x1f\
\x1d\x96\x94\x04\xb9v\x0b#\x9b\x22^3p\x13\x12\x16\
\x22\xcb\x8b>G\xa2\xdc\x18\xb8P\xe6m%\xcd\xb6\xc0\
\xc6\xcd\xcaT\x97}\x06z\x03\xeeV%\xb6\xe7=n\
5$\x8a\x82\x8ff\x97\xf9w\xdf]c9\x10\x11\xdc\
\x00E\x13\xb0l\x88\xc9\x01mW !\x05\xd8\x08\xb8\
\xf6\xfd\x1dY\x98f\x91v\xcb\xc5E \x96\x90\x11:\
\x0e\x86\x0fH29\xc5\xdf\xf8\xf2Y\x7f&\xb9\x01\xbe\
\xeb\x11\xc8\x02\xf6\xc6\xbf\xd5\x0eD\xe2x\x18H\xe8\x81\
O \x06$\xc6\x86\xf8\xed\x139\xf4\x96G!\xe5q\
\xab\xa5\xb0U\xb5\xb8\x1b\xc4\xd8$tX\x904d\x0b\
\xa4r\x9bT\xa4\x1b\x03\xeb\xfcpE\xe3@\xd6\xa3$\
\xea\xc4\xea\x06\xf4j\x18\x0b\x0e\xf91\x95\xea\x82K*\
\x19\xe0\xc5,\xbe\xfd\xa7\xf7x\xdb\x0a\x90\xc5\xf5f5\
\x9a\xef\xe1J\x12\xa2\xeb\xe1\xc9\x12\x82\x17 \xe2\xd1q\
yO\xd7O\xd3|\xff\x99\xac+$=\x87\xda\xc6\xbc\
\xa5\x13\x02\xed\xf6\xfa\x1c\xcb\xbaB\x22\xf0\xf1\x02\x1f\x8b\
\x10\xbb\xb8:\x9f}n\x8c\xe7raZ\x02Zj\x94\
\x1b\x03-N_\xb7\x19\x9b\x08\xf7\xc5\xa9\x1f\xdd\xe4[\
s\xe1\xf63\xec\x8d\xe5&\xcb\x14\x14\x9frg\xfd\xc5\
\xa7\xc7\x15\x84\x8eC'\xd8x\xa6\x81\xe5x]\xd4\xec\
p\xa3\x1c\xed\xc6\xc0\xbb7*\xd8C\xe9P\x1f\x13g\
g\xf8\xb7g\xdb\xb8\xdd\xd2\xfc\x81g\x0f\xde\x08g\x89\
\xe3\x04xn\xf8\xfaKN\x0cw\x97\x11V\x9b\xab\x0d\
\x95\x01?\x84\x9fV\x99\x7f\xf3R\x89\x15'\x8c\xf1\x1e\
\x96\xdf]F\xa4\xc4\x00\xcb\x0a_\x7fV\xaa\xc0\xd7\x9e\
\x19`W\xe8\xbb\xc0\xe0\xee@\x81\x83]d\xc4\xf4\xeb\
7\xf9\xe3{~D~F\xe0\xa2\xf7\xc1H\xc1G\x1c\
\x09X\xf7\xe18\x8f\x1f\x8cS[0i\x03\xe9\xe1^\
\x0e\xcb\x06\xd3\xed\xfb\xcf\xb2\xec\x19\x96i\x09i\x0ei\
\x0e\xf9\xddE\xfak>{\x8eg\x09\xe6\x02\x0e=\x96\
D\x91\x13\x8cX\x06\x8dx\x92\xdd}\x02\xe5\xb6D\xc6\
5X@Ck\xb4i\xc4bH5\x03S\x11hy\
\x12\x8e\x11\xb1&\xa0\xde\xe2\x8a\xa3\xd1c[Xq\x89\
\xd2\x8aC:\xe93]\x11\x18\x8a\xbb\xdcn\x8a$\x5c\
\x17I\x95H\xfa6F\x7f\x9eb[\xe0\xe8\xa3I\x9a\
\xcd\x18\xbf\xb4Kf\xdaH\xf0\x0f6I\x04\xbd\x09\xc4\
\xd5\x0e\x8d(\x9a\x0f\xc4\xa8-\x98\x18H\xec\xd8\xdbC\
o\xb5\xc5\xb2\x0bb:\xc33\xc3>\xb7\xcb\x1e\x01\x12\
;\xf6\x16\x98H\xa7\xd9.\xb9\xf4O\xc6i{i\xbe\
\xb4\x19\xee%zx.o\xb1\x98-\xf2\xc98\x0c\x8f\
\xc8\xcc7%\xb6\x0f\xc7\x09\x1a\x1e\x09\xcd\xe5VSb\
\x00\x93iW\xa3\xe8uX@\xc2\xe9\x80\xeeD\xad\x09\
0\xb9\xb2\x02\xfd\x9a\xcb\x1a\x0aB\xc5\xc0N)\xd4\x97\
l\xf4\xa2Di\xd1EU|,\x15LQC\xb2d\
\x0e\x0d\x83\xd1\xdb\xcf'5\x13yr\x80\x1d\xa6A|\
G\x91\x11AeG\xca\xe2N=\x80\x08\x9a\x0b\x956\
+.\xe4\xc6\xfaxL1\x98j\x05 \xea\x1c\xdb\x13\
\xa3\xbala\xb2\xfe\xech^e\x7f/\xd8\x03!v\
Y\xb3\x89\x0d\xa6\xd8\xa6\x87i\x11\x09\x22\xd6\x04\xdc\x9d\
3\xd1\xb3\xe1\xbe\xe8\xb929/\xdc~wW\xd6\x0b\
z\xc4l\x96\xe7G\x02n\xac\xb9\x04\x88l\xd9Y \
_i\xb3\xe6m<\xdb\x96fW\xda\xeb\xa2f\xa8G\
\xad\x09XnP\x89\xeb\xa1>\x96Te\x84\x96M_\
\x974?7\xecs\xa3\xf4\x80\x1eM\x0ceI\x82\xbe\
\xfe\x0c\x99\x08\xeb\xef\x9e\xab\xb1\xa3\x9b\x8c\xf0,\xa6k\
\x22\xf10~\x8a\x01d\xc4\x08\x8co\xb3`\xd3UF\
<9\x96b\xd8\x8f\xb0\xfe*\x02\xe3\xc3)\x8a\xa1Z\
\xa2\xd7\x04De\x84\xa6\x8b\xb4\x1aQ\xf9\x19\xae\xf9\x88\
\xdcf\xaa\xf5\xf7w\xbd\xaeD\x02\xb6\xec*\x12\xbf\xbb\
\xca%\x03\x04-\xc9\xb3\xdb\xe1\x8d\x8b-\xda\x82\xc6\x91\
\x03q\xe6\xcfWY\x08@H\xa4y\xaa\xdffFM\
\x93\x9c\xaf\xc1\x96$\xd5K\x1d\xc6\x1e\x8ds\xef\x92\xc5\
@\x8f\x8f\x95O\xb0u,O|\xced\xa2\xcf\xe4\x0c\
\xbd\x1ck-ssp\x90\xbe[s\xacL\xf6\xa3/\
\x98d\x82\x0a?\x08\x06\xf9W\x8fD\xe9\x1d\xd0`\xd9\
hqV\xc9\x10\xbb\xddb\xeb\x11\x8dS\x17\xe0\xb9m\
\x0e\xdf\xbc\xa9\xf0k#\x16\xe7|\x95\xe53\xf3\x9c\x92\
3\xecu\xdbx\xc3\x1a3\xd7\x5cvo\x81S\xf32\
\xcf\x8e\xb8\xbc\xb6\xaa0\x89K\xa6\x17\x96\x82\x18b\x04\
\xcd\xa9\xe1\x22G\xbc\x12\xdf_\xf2AP8x M\
\xedb\x99iO`lG\x91\xc2\xfc\xcaF\x07,\x81\
\xf1\xed\x05\xf45\x87\xc9\xa2\xcd\xcb\xa58O\xc7\x1b\xbc\
\x15\xe48.\xd4\xb8\xa8&P\x1a\x22\xc7\xf6\x15\xd9\xd4\
\xac\xd0\x1c\xd6\xb9|O\xe5\x1f\x0e\xb5\xf8V3\xcf\xf3\
\xc2\x0a/\x04EN\x9au\x8c\xac\xc7\x0b7\xff?\xf6\
\xde3\xc8\xb2\xf3<\xcc|\xbe\x93\xcf\xb9\xf9\xde\xbe\xb7\
\xd3\xed0y\x06\x130\x01\x81\x18`@\x22Q \x01\
\xd0Z\xcb\x04\xad\x15WZR\xeb]J+\xa9\xb6j\
\x7f\xb8\xec\xda_\x1b~l\xc9[.\xbb\xbc\xde\x92J\
\xb2\xbc\x96\x5cRY\x81EP\x12\x09\x02\x04\x89\x9c1\
9\xf7\xcctO\xe7\xee\x9b\xf3\xc9\xfb\xa3\x1bA*Y\
\xe7\xb0\xf6R\x80\x05\x9c?]\xddg\x0a\xe8\xe7{\xdf\
\xef\xb9_\xbf_\xd2\xf8\x8d\x9f\x19\x89uw\xc0\x95\xbe\
\xcb\xe9\x05\x9dCN\x95\xca\xee\x12\xe2L\x9d\xd1S)\
.?\xdbf\xdf)\x83\x9bK\x12\xe6\xf2\x0a\xff\xe9Z\
\xc0\xfe;tV\x1a:\x07\x82:\x17\xad<S\x95*\
\xf5r\x89\xfcr\x0d{D\xa5\x85\xc5\x94\x0cJ3\x9a\
Y\xa42<5\xe9\xf0\x17W\xfa\xf8\x08&\xf6\x94\x98\
\xadl\xf0Z=\xc4\x1c/\xf2y\xb9\xce\xb3\xdb\xfb\xd5\
\xad\x89\x11\x8eG\xc5e4\xc9\xe1#:7nG\xb0\
\xacv\xc8=4\xc9]1\xce\x05?\xb7\xe1\xb1z\xa3\
\x1f\x91\x8bU~\xff\x9d6\xfa\x8e\xe8\xf8\x1d0m\x9a\
y\x85\xeb\xa7\x1b\xac\x87 \x97\x0a<\x91h\xf1\xdd[\
.$\xd2<1\xeb\xf1\xec\xc5\x1e\xee\xb0\x99W6\xd8\
8\xb0\x9b_\x88Q\x09X\xb8=\xa0\xb3\x1e\x9dc\xdf\
~q\x13w\x22\x87>D\xe6Oc\x05`\xf7\xc1\x91\
X\xfeD\xe8\xdcs0\xba\xff\x1d\x98\xc8s\xcc\xa9\xd3\
\x19\x96#\x9c\x01\x9bK5^V\xa2\xfd\xf9B\xd7\xe4\
\xf3\x91\x8e7\x18T\x15&\xdca:\x22\x9e?\x0f\x96\
\x93<8f\xf3v\xd4g\xc1\xdbm\x0e\xfe\xdct\x8c\
m\xc4?\x81#\xde\xb5\x99\xda\x1d\x1d\xbfb\xcf\xa1\x94\
\xb2cy\xf1\x133\x1d\x90H\xeb(]\x9b\xa6\xbf\xb5\
\x08o4\x05\x95\xa6\x87\x8fD>+\xd3o\xb8[W\
\xb7**\x13f@[\xd6\xd0\xba6\xa4U\xec\x9aG\
\xb2\xa8\xd0\xad\x05\x98F\x88\xaf\xeb\x1c\xbbk\x96\xa7g\
$\xbc\x8f\xec\xbbT<\x9f@\x95\x91\xdd\xad\x92\x8f\x1f\
\xfa\x5c\x9c\x0f9yG\x8cA\xc0J\x83\xdb\xe9$%\
\x02\x02U\xc2\xfbk{C\xbb\xde\xd6\xdeP*\xab\xfc\
\xf3\xe7;\xc8\x81K\x98\x90i7B\xf2i\xd8\xe8\x0a\
&\x92!\xab}A\x86\x10\xcd\x10\xb4}\x81\x88\xc1\xac\
\x98:\xf9\xd0ac\x10\x02\x12\xd9\xac\x82\xdbt\xe8\x86\
`\xa5t\xb4\xbeMc\xbb\xfc\x93\xcc\x1a\xc8\xfd\x80\xb4\
\x19\xb0<\x90\x99T\x5c6B\x9d\x92\xb0\xa9I\x0a\x92\
+\xb1\xe7p\x99o\xdei\xa1x!\x9a\x02\x1d_\x90\
\x94\x02z\x1f\xdd\x03\xec\x87To\xc7\xbc+|\xd0\xe2\
\xbd\x81\xc9^=\xc4\xfd\xc8>so\x10\xa2\x99\xe2\xc3\
}\xe6\xb4\xf9\x9d\xdf[\xe4VZ\xa2\xe7\xc8dC\x9b\
\xbab\x90\x18\x0cp\x12\x06Z\xd7!0$\x1c\x14\x12\
\x22 \xb0c0+*\xe3f\xc0Z\xdb'\x04\x8c\xa4\
N\xc2\xb6\xa9\xba \x1b:#\xc2a\xbd\xbf\x95\x9e\xb2\
e0\x12\x15\x17+\xc5\xe3OLr_$\x8b\xcd\xba\
\x9e\x8cu\x81\xd0{\x8b[w\x85G\xe5\xe2\xeb\xdf\xbb\
\xcc\x9fu\xf5\x88\xf8\x09\xb2\xb2OO\x11t\x1a.6\
 t\x8d1\xd9c\xb5\x17\x80\xac2\x9e\x08Xkm\
\xb5\xc7p\x99\xbb\xbcS\xcb\xf0H\x9c\x0b\x84nvH\
\x8e\x9b\xc8\x119V9?\xc7o^\x0f\x11Cd\xfe\
\xf4=\x82DZ\x8b\xe7Od\x8a\xb9\xe8\xfe7\xb3g\
\x82o\x1dO\x0c\xcf\x11N\x9f\x15G%\x1d\xc3\x9f\xff\
\xf4/\x9b\x98\x91\x8e\x97\xf1{\xa0\x85\xc3uD\xb4?\
\x05\x85\xf1\x02\xbf\xfc\x85\x11\xc6\xa3X\xaaM\xe6\xca#\
\x9c\x18\xaa#\xae\xf1\xbd\x9e\x88\x8c\x9f\xe1y(r<\
\xe6O\xcc\xc2@\xd7\xf6\xb1\xa5\x14O?\x9a\xa1q\xb3\
\xc3\xea  \xb7\xb7\xcc\x97\x8d\x16\xefm\xfaxr\x8a\
\xa7\x1f+q\xef\x8c\xc2\x9a\x9f\xe5>\xa9G\xe6\xee\x09\
J\xcb.\xc7\x1f/\xd0;\xefq\xf2\xe1\x14\xa1\x94d\
\xa2\xd1\xe0JGfv,\xe4\xd2\x9a \xd3\xaa\xf2\x96\
g\x22\x166\xb8e%qoV\xd9\x90|\x16\xfa*\
\x9a\x13\xf3*\xe1z\x9dg6U\xf2\xb5\x16\xb5\x14\x9c\
;\xd7'\x93\xb6y~.`w\xb2\xcf\x0f\x96B\xd4\
\xe6\x00\x916\x98\x11=\xaa\xe5\x11\x0a\x9b\xf0\xd0CI\
V6-~\xe9\x98\xcc[\xb5$\xdf\xd8+1\x18M\
\xd0\xbb\xd5f}\x10\x83\xf9\xd14\x95km\xd6=\x85\
{\x1f\x9cd\xa6\xd2\xe4z\xdb\xc7\xcf\x17\xf9\xc5\xbd!\
\xa7o\x0f\xe8\x07\x0a\xf7>8\xc1\xe1|\x8e\x83\xc1\x80\
\x89;,\x96\xfb\x19~}\x9f\xcfYs\x8c_\xc8u\
\xb8\x94\x99\xe0K\xba\xcf\xec\x8c\xc4\xdb\xb7\x06\xa4\xc7,\
Z\x8b}RZ\x8f?_\x92\x98\xb5\xeb\xfc\xb0eP\
\xee\xd6x\xcb\x91\xa8\xac\x07\x14$?\xf6U\xc2?>\
\xe7PTz\x9c\xf7t\xfasU\xaaY\x85\xb9w[\
\xa8\xd3\x12\x17\xcf\xf4\x08\xc3\x01\x15CFO[\x84M\
\x85\xfb\xa7<\xd6KS<.\xb7\x09\x0e\xcep\xa8Q\
G\xbds\x82I_\xe5\xb0\xd5\xe5\x9d5\x97n\x0c\xe6\
\xa9\xf5\x06W\xba0vp\x86\xa7\xac6g6=\xfa\
$\xf8\xd9S)*7;l\xb8\x82\xb1\x833<9\
fr\xb2\xe4\xd2\x88\x13\x17\xc9`\x9f\x1a\xc5\xa2\xa2i\
\xf1\xae\x12\xbe|\xbe\x8e\x9d\x89\xceEK\xb3\x18\x1fD\
\xc7\xef\x9d\xf9\x01\xddA\x00\xa5Q~\xf5\x00\xbc\xbb8\
\xa0\xe5\x0a\x8e\x9e\x9c\xa0\xbc\xde\xe0Z/D.\x8d\xf2\
+'r\x9cH\xd9\xd4\x87\xc6,c\xc7\xbdJx~\
\x9ds\xb2\x11\x99ccY\x0b\xab\xd1c|H\xcc\xdf\
\xda\x17rz\xd5\xfd\xd4\x0d\x06b\xf9\xf3\xd1,S\xe5\
,V+\xba\xff\xbd\xbb\xe1\x93\x19\xb2#^Y\x00-\
\xca\x9f\xa6LnBf#\x86\xe3\xafv\xfc\xa1:\xe2\
k\xfb\xb2L\x0f\xe2\xf9\xd3K')F\xb1\x18\xd0\x8f\
5\x1d\x10\xd7\x11\x1a\xa3#*\xcdJ\x9c\xf8y\xb4\x9d\
h\xe6'\x8c6\x17[\xff\xff{\xcbP*\x01S\xbb\
\xf2\x18\xcb5\xae\x0f@h\x16\xf7\xcd\xc2\xe9k=\xfa\
B\xe3\xf0~\x83\xb5+-6C\x10f\x92\xfb\x8a.\
KZ\x92\xc4J\x0b1\x9b\xa0yu\xc0\xc4\x11\x83\xd5\
+.\xc5\x5c\x80\x9dKpho\x89r\xc3f<\xe7\
p\x89,\x87{5\x16\x8b\x05r\x8b\x9b\xd4\xcay\xb4\
M\x87d\xd8\xe0G\xfd\x11\xfe\xc913\xd6\xf5\x91\x9b\
\x81\xcd5%\x81\xb68`\xfa\xa0\xca\x85\xebp\xff\xb4\
\xc7\xb3\x0b\x0a\x8f\x8c:\x5c\x09\x15*\xa7\x97\xf9n\xcb\
`\x8f\xdf\xc3\x1b\xd3Y\x99\xf3\xd8;\x03\xef\xad*<\
0\xe1\xf1FUe6\xf4H\x17`\xdd\xd7!\x06s\
b4\xc7!\xbf\xc9\x9b\x95\x00P\xd8\x7f A\xfbj\
\x93\xe5@0\xbe#Ov\xbd\xca\xe5\xde\xd6_\x04\x93\
\xbb\xb2\x18U\x8f\x99\x82\xcb\xcbu\x83\xfb\xcd.\xa7\x83\
4'\xa4\x16\x97\x15\x0b\xb5+q\xf7\xd11\xee\x12\x1d\
\xfa%\x8d\x1bk*\x8f\x15\xfb<\xdfKqR\xd4y\
5\xccq\xd4\xe9\xd0O\x05\xbcpE\xf0\xb5/\x14\xe2\
M\x078!\x8b\xeb*;\xdd\x16\xcdr\x0eq\xbdM\
\xfeN\x8b\xf97{L\x1f\xd5X\xd9\x10\xe8\x1b\xeb\xfc\
\xfe\xdb}Fwkl\xb64v\x06M\xae\x9bY\xc6\
\xeb\x0d\x9acy\xb2\xebM\x9c\x9cB'4\x19\x97\x03\
hE3\x8bD\x8a\x07\x8b\x0e/\xcf\xdb\x04@q\xba\
\xc0x\xa3\xca\xb9\x16\xe8\xc5\x1c'D\x8b\xd77\xb6F\
\xc3f)\xc7\xc1\xa8\xb8\x14\x93\xdcso\x8a\xe6F\x04\
K\xa5\x8br|\x94c\xb1J}\x01\xfd\xcd\xe8\x5c\xfc\
\xa3\xd7*4G\xa3\xe2'\xd8i84S2\x0bW\
\xda\xd4B\x90s\x19N\x99=^\x5cq\xc1Lpj\
\xc2\xe7\xd5\x1b\x03\xfca3oT\x99\x9f\x9c\xe6\xab1\
\xa7\x03\xfcnt\x8e=\xf7\xd2*\xb7\x92I\xf4!2\
\x7f\x1a+\x01S\xbbr\xb1\xfc\x89\xd08\xb2'\xba\xff\
\xed\x9b.\xf2\xb0\xd1\x1d\x9e#\x9c\x01\xd5J\x87\x0br\
\xb4?\xffdY\xe6x\x94\xe3\xb3:NMP\xf0\x86\
\xe9\x888\xfe\x14\xec.gxbW\xc8\x5c\xd4g\xc1\
\xd96\xa3\x8fMr\xcf0\x1d\xf1z\x13e<:~\
\xf9\x81C\xc6\x8c\xe7\xc5OL%@Q%\xbc\x9eK\
w{\xc5\xa7\xae\x04\xd4;>\x01\x02M\x83n\xdb\xc3\
\x01\x84\x009\x0ch\xd9!\xce\xc0\xa3\x1fB\xaf\xeb\xe1\
J!\xed\xb6\x87\x1b\x06t=\xc1\xf8T\x81\xbbFT\
2)\x95\x8c\xa9\x92\xb5\x14R\x96F\xc6TH'T\
\xf2\x86L:)\xd3\xec\xca\xec.\xc5\xa8\x04t\x1c\xbc\
\x8cI\xde\xd0($\x15\xd2\x09\x85\x8c\xa1\x90I\xa8\xa4\
L\x85|R\xc5\xd25\x0a^\x97\xd7\x16ll\xd7\xa3\
\x1b\x84t\xba\x1e\x1e\x01\x8d^\x80\x08|\xaa\xfd`k\
\x87\x83\x1fl\x9d'\x10\x83YRd\x14\xcf\xdd\xde\xce\
!P5A\xbf\xed2\x00\x14U&\xe8;\xb4\xb7\xed\
'I\x02g\xe0\xe1\xf8>\xf5A\x88\xe4{\xd4\x9d\x90\
\xd0\xdd\xfa\xea\xd9\x01\xe6h\x96\x93S:\xc9\x84F\xc1\
T\xc8&T\x12\x86J\xceRH[\x1a\x85\x84\x8c\x95\
\xd0\x10m\x8f\xe2x\x9cQ\xbeCU6)\x9b\x0a\x85\
\xe4V;gM\x85\x94\xa5\x906Ur)\x95\xb4\xa6\
\x90Ox\x5c\xba\xdc\xa6\x22B:\xfd\x00\xcf\xf5hz\
\x02\x7f\xe0\xd0\x09\x05N\xcf\xa1\xebC\xdf\x0e\xf1<\x9f\
\x81\x1d\xcd,$\x09C\x04T\xb6\xb7\x86\xc9\x8a\x0c\xb6\
C\xcb\x03I\x96P}\x8f\xda\xf6\xbea!\x04D\xc5\
%\xd08p0\xc7\xeeH\x96\x00\xdb2(\xc6X\xf4\
\xb3\xde\x93\x99\xceE\xe7be\xa1\xce\xf5>\x11\xf1\xf3\
q}\x9fn\xb0\x9d\xef\x00\xb2\x8c\x11zT\x07!\x08\
\x09C\x0a\xa8v\xb7\xf6\xd6\x0f\x97\xd9\xa7\x12X\xec\x89\
Q\x09h6}\x0a#\xd19&U\x1b\xbcS\xf1\x87\
\xca\xfci\x1c\x04\xc4\xf5\xe7\x96#\xa2\xfa\x1f\x98\x85\x0c\
\xa7f\x86\xe8\x08\xdf\xc3\xd54\xb2\xb1\xfc9\xc0\x8br\
\xbc\x1b2\xb0\x03|w\xb8\x8e\x88\xf6\xa7\x8foY\x9c\
\xdc\x9b\xa4\x10\xc9b\xd3/&\x99\x18\xba#\x82H\x7f\
\xba\xb6\x87\x1b\xc4c\xfe\xc4\x0c\x02\xfa]\x97\xae\xd8.\
g\xddh\xb3\xd0\xf1\xc9\xee-\xf3e\xa3\xc9\x9b+.\
\xce\xf6t\xc0}\xb32K^\x96\xfb\xe8\x92\xba{\x92\
\xd2\x92\xc3\xf1\xc7\xf3\xb4\xcf\xb8\x9c|$\x85/\x92L\
Tk\xbcr\xcber*\xe0\xc5[2\x13\x1b\x8b<\
\xe3\xa5\x91\xce\xces&\x97\xc3yo\x85\x15\xd5\xe1\x5c\
\xd7b\x94\x98\xd3\x01\xd5\x0d\xfe\xf5M\x8d\xb1\x95\x0d\xd6\
\x8a\x82\x17\x9ek31\xda\xe3\xb7\xde\x0a8Yh\xf3\
\xdbW@_\xef`\x95S\xec\x91zlL\x16\xc9\xad\
\x05<\xf4P\x8a\xc55\x93o\x9c\x90x\xad\x92\xe4\x9b\
{\x05\xbdR\x82\xce\x5c\x8b\xe5N\x0c\xe6G\xd3l^\
nr\xdb~\xbf\xec\xd5\xe0r\xcd\xc5\xd9.{\xbds\
\xb3G\xcb\xdf\x9e\x0e(\xe48\xe4\x0f\x18;`q\xbb\
\x97\xe17\xf6x\xbck\x8c\xf1\xf5l\x9bs\xe9I\xbe\
\xa4zL\xcf\xc2\x8b\xa7\xab\xf4\xc6S\xac_\xe80n\
\xb5\xf8\x97\x97e\x8e\xf7V\xf8w\xb5\x14\x87\xea\xcb|\
\xd7U\x98\xbf\x19\xb0?\x15\xc6,\xf5u\xf9\xe3\xe7{\
Lhu~\xec%i\xbf\xb5\xc8\xca\xa4\xc6\xdb\x7f^\
\xc5:\xaa\xf0\xf2smd\xbf\xc3R\xd6d$g\x11\
\xd4e\xee\x9frY\x1e\x99\xe2Kr\x13\xef\xd0\x0c\x87\
\xaa5\xe4;'\x98pU\x0e\x9am^_\xb2\xa99\
\xd1\xcc\xe5\xb5\x1ag\x9a\xe1\x07e\xafwWmZ\xc1\
V\xd9ks\xae\xc5\x92\xbdU\x12{r\xdc\xe4\xfe\xa2\
K-*.\xd7k\xbcUQ8\xaaG\xb0\xe4\xac-\
\xa1\xc5(\xf5\xbd\xf7\xd2*\x8d\x82\x1f\x99\x8b\xe5T\x82\
\x89AT\xfc\x04o\xdc\xe8So{\x04\xef\x97\xc6\x17\
zl\x0e\xb6K\xe3ku\xce\xb7\x02\xa4\xed\xe9\x80\xbb\
R6\xd5a1gM\x14/\xdet\xc0\xe6\x95\x05\x9e\
\x95\xac\xc8\x1c;4\x95&Q\xef\x0d\x8d\xf9\xd3:\x1d\
\x10\xcb\x9f\x8ff\x99\x9a\xcab\xc6\xe8\x7f/]o1\
\x18\xa6#\xdc6\x7f|\x1e\xcc\xe5\xbf\xdd\x9f\xe6\xa8\xc1\
\xe8\x84\xccJ\x94\xe3ku.5]\xeaCt\xc4\xd7\
\xf6\xe7\x98\xeeG\xf7\xbf\xd7/6\xb8&\xa7)G|\
\x16\x98%\x057\xe6t@<G$8P\xd6h\xac\
G\xc7\xef\xad5\x87J/\x9a\xf9\x135\x1dP\x9aL\
\xa3m\xb6Xr\x00E\xe7\xd0\xb8\xe0\xfa\xe2\x00[(\
\xec\x9c\xd6\xa9\xdf\xeeR\x0fA\x18\x16\x87\xb3\x1e\x9b\xaa\
\x89Q\xe9\x22\xc6M:\x0b6\xc5=:\x95[\x1e\xd9\
t\x80\x9b\xb68v\xa4\xcc\xfdz@\xd2\xf0\xa9\x08\x83\
\x92\xdb\xa7e\x99\x18\xad\x1e\xfd\x94\x81\xdc\x0b\xd0\xc2.\
/\xaf\x1a<u8\xdet@#)\xd3\x934\xe4\x96\
GzD\xa2R\x87r:\xe0fKb\xd6\xf2\xa9\x84\
\x12\xdd\xebK\xfc\xabK!\xa3\xfe\x00\x7fDec\xd1\
gf\x1c\xael\xca\x1c-\xfa\x9co*L\xe0\x93\xc8\
@\xc5S!\x06\xb3\x91O\xb1\xd3\xefpi{\xdb\xdc\
\xf4\x8cI\x7f\xb1\xc3f\x00\x85\xf14\xc9z\x8b\x85\xc1\
\xd6h\xb8TN\xa15=\xc63\x1eg\xda:w\xea\
}\xae\x84\x09\x0e\x88.\xb7d\x03\xa5/q\xec\xf8$\
_\x19\x0b\xf1\x132\xf5\x8e\xc4\x0e\xcbc\xde\xd5(\x8b\
\x01\x8b\xa1\xc1\xa8\xef\xe0i!g\xaf\x0e8z\x22\x1f\
k:\xe0j\xa8\xa1\xf5er\x81\xcd e@\xcd\xc1\
\x1cUh\xaex\xa4K2\x9d\x1e\xc8\x9d\x0a\xbf\xf5\x9d\
*\xc1\xa4J\xad\xabP\x0e\xbb\xdc\xd6\x93\x8c\xb4\xdat\
F2$\xab\x1d\xbc\x94L\x1f\x9d\x82\x14\x10t\xa2\x99\
\x85aqg\xce\xe5\xec\xb6\xf8\xb3\xa3\x19F\xdaM\xe6\
z\xa0fS\xec\x13].\xd4\xb7F\xc3z>\xcd\xae\
\xa8\xb8\xe4R<\xfch\x91b\x14K\xb7K},\xc7\
\xc18\xa5\xbeMAAD\xe7\xe2w~\xb0\xc0i#\
\x19\x11?AY\xf7h\x19\x82\xb5\x85\x1e-@J%\
9\xa2\xf79[\xf1A392\xe2sa\xc5\xc1\x1f\
6s\xa7\xceiJ<\x11k:\xc0&e\x05\x919\
v\xfa\xf5[<\xd3\xd1Q\x87\xc8\xfci\xac\x04\x94&\
S\xb1\xfc\x89P\xd9;\x15\xd5\xff\x0c\xf6\xec\x1a\xe3\xe7\
\xa7\x19\x9e#\x9c\x01M;\xa0\x19\xc3\x9f\xff\xe2\x1d\x97\
\xd9(\xc7\xa74\xdc&\xa4\xbca:\x22\x8e?\x053\
\xe5<_\xbf\xdb\xa4\x1f\xc52\xd7\xa0}d4\xde\x0e\
\xa2\xb8\x8exn\x99[\xa6\x12\xe9\xcf\xb4\xedb\xea\xf1\
\xbc8\x8cg(\xc7\x06\xab\x9a\x8c\xf6~\x22\x09\x09K\
c\xfb\xafs\x81\xa1K\x7f\xe5CZ\x91@\x92\xb6\x7f\
&\x0b\x04\x02Y\x16H\x02dI\x10\xc8\x02\x81\xc7\xe2\
\xaa\xc3D\xde\xe6\xaaP\xd1{mn\x17u\xf2\xab-\
\xaa\x8a\x8a\xbe\xe9\x90\x0c;\xac\xb8F\xfc\xc57\xcd.\
7\x14\x81\xbe\xd4g:\xabruUP\xd4\x5c\xce\xad\
(\x8c\x8e\xba,\x84\x0a\x95U\x1bW\xe8\xc8b\xebw\
\x93\x10(\xd2VYV\x95\x05B\x08d@\x91\x04\xaa\
&#b0K\x8a\x8c%\x04[\xe7_\x0a\x0c]\xde\
\xde\x0a%P4\x19\xfd#\x1dP\x92\x04\x92\x10(\x92\
\x00!\xb6\x8e\xf6d\xeb\xab$o\xbd\x93\x81\xfa\xc6\xd6\
|\xdf\xdc\xba\xc2T\xa9\xcf\xa5\xaeL^\xeap)P\
\xd1\x9d>\xfd\x94\xcf\xe5\x96\xc4\xd1\x98m\x13:6\xd7\
**\xbb\xdd6\x0dM\x85\xe5\x1e\xf9\xa2\xc9\xfc|\x8f\
\xd9\xac\xceRM`\xac\xf7\xa8\x87\x90\x93AH\x02%\
\xd8*\xd5\xc9b\xeb\xf7V\x04\x04\xb2@BB\x95\x05\
\xb2\x12\x83Y\x92H\xa8\x12\xef\xffKY\x951\xb6\x1b\
N\x92%,I|\xf0\x0e!b\xc5\x858,\x9b6\
\xeaX\xdc\xc6\xf1Y\x5c\xb3#sq\xa1\x1f\x22Y\xd1\
\xf1S\xc4v~l\x83\x09Y&\xa1\x8a\x0f\xdbC\xfb\
\xc8\x98|\x98\xcc\xeb}zSq{K\x18+\xc7.\
\xd5\x02$c\xc8\xcc\x9f\xc2\xe7'\xf1\xa7\x14\xa3\xffI\
b\xf8\x8e\xf0Z]n\xc8\xd1\xfet\x90b9>\x90\
%,\x86\xeb\x888\xfeT\x048q>\x0b\xd6\x5c\xc6\
\x8f\xfc\x14\x1c\x91\x8c\x8e\x9f,\xff\x04^\xfc\xa4L\x07\
\xb4\x1b\x03\xea\xa4\xf8\xea#i\x9a7Z\x5c\xa9y\xa4\
\xf7\x96y\x5co\xf2\xf2\xbcMON\xf1\xd5GJ\xdc\
S\x86\xb9~\x86cN\x0b\xed\xd8\x18\xa9\x1b}\x0e>\
\x96e\xf3M\x9b\xe3\x0fZt=\x8b\xdcJ\x95\xf3-\
\x8d\xbb\x0f*\xdcl%8\xe2V9k\x15\x18]\xd9\
\xa025J~\xb1\x0eyA\xd5\xc80\xe9\xc7\xdd\x1d\
P\xe3\x99n\x9aC\xdd\x0e\xea.\x83kg]\x0e\xef\
\xf4yn^\xe5K3.\xcfW5\xca\xb6\xcf\x8e\x9d\
)f\xbd6\x0b\xa5<\xc6m\x9f\xfbOY\x5c]\xd4\
\xf9\xfa\x91\x90\xe7W,\xbe\xbe3\xa0\x9e7\xd9\xb8\xdc\
d\xbe\x1e\x83\xf9\xe14\x1b\x17k\x5c\xeb\xc9\xdcsj\
\x82\xe9j\x83\xb3k6\xbd\xdc\x08_\xdf\x13\xf2\xe6\xb5\
6\x15O\xe1\x9eS\x13\x1c\xcae\xd9\xd3\xef\x92\xdb\xab\
s\xa5\x91\xe2[;\x1c^\x91Gy:\xd9\xe4\x0ds\
\x8c\x87C\x87\xf1\xb2\xcf\x8f\xaf\xf7\x19\xdb\x9f\x875\x9f\
\xa3c6\xdf\xd9\xb0xH\xad\xf3b\x90\xe7\x145.\
$L\xfaM\x9d\xbbSA\xec\x95\xbf?\xbc\x08\xc7\x0b\
\x03n\xa5r\x987k\x88}\x09\x96\xdf\xea1{_\
\x82[\xe7]\xc6-\x0ff\x93\x8c\xa4\x0c\xba\xeb\x82\xbb\
\xc6l\xe6r\x93<\xec\xd7i\xef\x9bb\xcf\xda&\xce\
\xc11r=\x99=R\x93\x1f\xcf\xf7X\xe9G3\x97\
W*\xbc^\x0d(\xdd1\xcd\x93f\x9b\xb7\x17{l\
x\x09\xbe\xf2@\x8a\xcd\xab\x0d\xaewa\xf4\x8ei\x9e\
\x183\xb87;`92.\x0d\x96\x95\x14\x8f\x8eD\
\xb0\xcc$\xb0b\xee\x0e\xb8t\xa6IfWt.\xee\
J\x9a\xe4\x9bQ\xf1\x0bx\xe1Z\x97\xb5\xaa\x83[*\
\xf1\xad}\xf0\xee\xad6\x0b\x1d8z\xdf\x04\x93\xabU\
\xde\xaazH\xa5\x12\xff\xc3\xf1\x1cG\x8d\x1eK\xc3b\
\x9eM\x80\x1do:\xa0zk\x9d\x1b#Y\xc2\x88\x1c\
;9\x93D^k\x0f\x8d\xf9\xbf\xdf\x1brf\xed\xd3\
7\x1d\x10\xcb\x9f\x0fg\x99\x9aLCd\xffk\xf0\xea\
\xaa\xcb\xf8P\x1d\xd1\xe5\x95\x0d\x93\x1dQ\xfe\x9c\xd2)\
\x94\xe0f\x94\xe3W\xab\x9c\xab\x0d\x86\xea\x88\xa7\xf7e\
\x18k\xc4\xe9\x7f}\xfc\xb1\x22wF\xb1\x94e\x061\
\xa7\x03\xe29\x22\xcb\xd1q\x85\xd5E\x22\xfd\xf9\xca\xf2\
\x80\xdb\xcdh\xe6/\x1b-.\xb5\x86P\x8b\x1a\xc6t\
@\xa6`\xa16{T<@V\x99\xce\xc1j\xc5\xc5\
Ef\xac\xa4\xd0\xde\xb0\xe9\x02B\xd5\x98I\x044e\
\x0d\xadmCNc\xb0\xe9\x92\x1eWim\xf8$\xcd\
\x10\xcf48r\xe74\xffhF\xc2\xf5\x05\x06>\x03\
IA\xf3<<UAq}\x02E\x10\xe0s\xe9'\
8'`>\x95d\x94\x80P\x138}0\x0c\xe8:\
\x90\xd2\xa0\xe3\x82\x0eP]\xe5\x7fy\xa1\x8b\x1e\xb8\x84\
i\x85f\xc5g$\x07\xcb-\x89\x1d\xe9\x80\x85\x9eL\
\x9e\x00\xdd\x82N\xa0@\x0cf5i2\x16\x0cX\xec\
m\xed\x87-\x964\x9c\xcd\x01\xcd\x10Ry\x0b\xb3\xdd\
c\xc3}\xbf\x1dM\x94^@\xce\xf2\xb9\xd5W\x99U\
\x1d\x96C\x9d\xb2\xb0Y\x97T\x14G\xb0\xf7\xd0\x04_\
?\xb2\xb5\x07XWBZ\x9eDZ\xf2\xe9 \x93\xc4\
\xa7/I\x08\x0fj\x8b\xf1\xcf\x09x\xb7o\xb2O\xdf\
:\xcaRv<0d\xfc~\x80fI[\xc7}*\
!\xa1\xe8\xf0\xbb\xbf\xb7\xc8b^\xa63P(\x84\x03\
*\xaaI\xba\xd7\xa3\x9fN`\xb6\xfb\xf8\xa6\x8c\x83J\
J\x04\x84\x83hf\xa1\xe9\xcc&|\xe6\xeb[\x07_\
$\xb2\x16\xe9~\x8fU\x1b\x94\x84\xc9\xa4\xb0Y\xe8l\
\x95\xbd\xd4\xa4\xc9hT\x5c\x92I\x1e~l\x92\x93F\
\x14\x8b\xc3F\xccs\x02\xde\xbd\xbd\xb5\x078*\x17\xdf\
\xf8\xdee\xbe30\x22\xe3\x97W<\x06\xbaDm\xc3\
\xa6\x0f\x08\xd3`\x87\xeap\xab\x15\x10\xaa\x1a\xb3\xa9\x80\
\xdb5\x8f`\xe8\xcc=\xde\x8d{N\xc0\x8d\x0e\xd6\x84\
\x19\x99c\xd5\x0bs\xfc_7A\x1e\x22\xf3\xa7q:\
 S0c\xf9\x13d\xc6\x8b\xd1\xfdof\xe7\x18\xdf\
<\x9e@\x1d\x96#\x9c\x1e\xcb\xb6F:\x86?\xff\xd9\
\xf7Z\xa4#\x1d\xaf\xe0\xf7\xc0\xf4\x87\xeb\x888\xfe,\
\x8e\xe5\xf8\x85\x07G\x98\x88b\xa95\xb9\x11\xf3\x9c\x80\
\xf8\x8e\xb8\xc6s\x8e\x14\x19?\xcb\xf5\xd0\xd4x\xcc\xc3\
x\xa4a\xfcGr\x05\x8b\xa2\xba\x9d\xd2\xb2\xc6\xce\xa2\
\x86\xba\xf5\x0d\xe3\xa3\x06\xa9\xf7\x93L\xd1\x98H\xcb\xa4\
r&yE\xa2P\xd0I\x0a\x85\xb1\x92NJQ)\
%\x15\x0a#:\xb9D\xc8\xad\xf9\x01N\xbb\xc9\xbbm\
\x19o\xad\xc6\x8dP\xa11_e.\x80\xc5U\x9b\xc6\
J\x8dkqo\xc1\x122\xc9n\x8b\x8b\x83\x80\xb9\xab\
=<\xc3\xe1\xdd[\x0e)z\xfc\xf8\x96\x83\xd1\xefr\
\xa3g\xf3\xf6\xf5\x1e\x9ee0f\xca\x14\x0b\x1a\x96\xac\
R\xce\xa9\xa8\x9a\xcel^E7u\x8a\xc6\xd6\xcf\x0a\
1\x99\xf5\x94\xc5lR|\xf0{\x8c\x8e\x9ad\xc4v\
\xe7\xcf[\x8cj\x1f\xca \x995\xc8\xea\x1a\xd3Y\x05\
\xc9\xd0\x99JJ\xe8\x09\x93\xe9\xa4D2\xad\x932\x0d\
\xca)\x8d\xfer\x8b\x8a7\xe0\xd5E\x9f\x9c\xdd\xe6\xb5\
\xba\x84^o\xf0j]\xc2^\xed\xd2\xe8\xb5y\xa5\x12\
\xc4\x96PB\x19pz=\xa0\xb3XcQ\x92X\xba\
\xd6\xa6\x9f\x0a\xb8x\xb6MO\xb5\xb9Z\xf3\x98\xbf\xd2\
`9\x94)\xe64\x92\x09\x83IK`\xa5\x0d\x8a\xba\
D&gR\xd2e\x0a\x19\x85T\xda`\x22\x17\x93Y\
\xd3\xd9\x9dW\xb6o\xce\x12$s\x09&\x8d\xad\xef\x94\
\xa4\xc9\x8e\x94\xf8\xe0V-%f\x5c\xb2j\x0c\x96\xab\
]\xfaqK\xb5\x06\xb1r\xf1\x5c\x8b\x18\xf1\xd3\x99J\
iL\x8e\xea$\xde\xaf\x86[&\xbb3[\xa6\x11\x8a\
\xce\xee\x91\x0f+[Ce\xbe\xd2\xa2\x117#T%\
V\x8e\xbd\xbc\xe2\x0d\x9d\xf9\xd38\x08\x88\xedO\x11\xaf\
\xff\x15-\x95\xc1P\x1d!a\xf6\xe2\xf9s\x10\xc7\xf1\
\x05\x9d\x5cj\xd8\x8e\x10\xb1r\xb1\x9cRI\xc7\xf9,\
\x98\xb3c\x0fJc;\xa2-\xc5\x8b_2\xbe\x17?\
1\xd3\x01\x8dj\x8fJ\xb8U\xcej\xcc59\xbf\xe9\
\x92\xda[\xe6q\xbd\xc1\x8fn\x0c\xe8lO\x07\xdc7\
\x03\x97\xbb\x19\x8e\xf7\x9b('&H^\xebq\xe8\xf1\
,\xab\xaf\x0e8\xf1\x90E\xcb\xb5\xc8.m\xf2\xc6\xba\
\xc4\x91\xfd\x12\x176M\x0e\xf6\xd6xU/\x90\xbb\xb9\
\xccb\xb9D\xf2\xda&\xfd\x0c,\xca\x19\xa6\xc2\x98\xd3\
\x01\xb5\x0a\x7fPM\xb2\xbf\xd1\xc4\xdb\xa1r\xfa\x8d\x01\
\x07w\xb8\xfc\xc9%\x99/M\x0f\xf8\xb3\x15\x95\xd1\xb6\
\xc3\xd4\xae4\xbb\xfc\x167K\x05\xb4\x9b.\x0f|\xc1\
\xe2\xe2\xbc\xce/\x1e\x0d\xf9\xcbE\x8b_\xda\xe9S\xc9\
\x9b\xac\x5ch0W\x89\xc1\xfcp\x9a\xf5\xf3U.v\
\xb7\xcb^\x95\x06\xef-\x0dho\x97\xbd^\xbf\xdcb\
\xcd\xdd*{\x1d.\xe4\xd8\xdb\xed\x90\xdd\xabs\xbe\x96\
\xe2\xd7w\x0cxA\x1a\xe5\xe7\x13u^6&x$\
\xb0\x19+\xfb|\xff|\x8b\xc4\xee<\xf6\xbc\xc3\xa1b\
\x9f\xff\xb0h\xf0\x05*<c\xe7x\xc0\xdd\xe4\x0d\xcd\
\xa0\xb1\xa9pw:\x8c=\x1d\xf0\x17oy\x1c\xcat\
\xb9`fQ.m0\xd8kq\xfd\xc7-\xca'M\
.\xbc1`D\xb7\x19L%\x19\xcd\x1atV\xe0\xee\
\xb1>W2S<\xeaUi\xee\x9ff\xcf\xf2:\x83\
C\xe3d;2{\xa4:\xcf\xdd\xe8\xb2\x10\x83\xb9\xbc\
\xbc\xc9K\x1b\xfe\x07e\xaf7\x17\xba\xac\xb8[e\xaf\
\x8d\xcb5.\xb5\xb7\xa7\x03\xc6\x0dNf\xfb\xdc\x1e\x8d\
\x8aK\x9d+\x8e\xc5\x17\xb2\xd1,i=\xdet\xc0\xb9\
7+\xa8\xb3\xd1\xb9\xb8'\x9d`\xa4\x11\x1d\xbf\x1f\x5c\
\xee\xb0\xb8ac\xbf_\x1a\xbf\xd9b\xae\xb5]\x1a_\
\xa9\xf0\xea\x86\x87\xd8\x9e\x0e8avY\x18\x1as\x02\
%\xeeaA\xd7\x979\x93\xc90\x88\xc8\xb1\x93;\xd2\
(\xab\xad\xa11\x7f:\xa7\x03\xc2x\xfe|8\xcb\xf4\
T\x9a`5\xba\xff\xbd0\xdf'9TGtxv\
Ac2\xca\x9f\xd3&\xa3cp5\xd2\xf1\x15\xde\xab\
\xf4\xb9=DG<\xbd?\xc7x=F\xff\xbb\xd8\xa2\
\x92-p(\x8aeJ\xc1\x8e9\x1d\x10\xcf\x11Y\x8e\
O\xa9\xac,D\xc7\xefG\x8b}n\xd4\xa3\x99?Q\
\xd3\x01\x1f\x8c(dA\xe0\x87\x1f.\xe4\x22\xc4\x0f\xff\
\x86w\x7f\xfb\xb8\x8a\x87\x9e8\xc07g%\xfc@\xa0\
\x11\xe0H\x12\x8a\x1f\xe0\xcb\x12\xb2\x1f\x10\xca\x82 \xf4\
8}\xdd\xe7\x9e8\xb7\x08\xae6\xd9(\xa4)\x11\x80\
\x22\xf0\x5cP\x15\xb0}0\x15\xe8\xfb\xa0\x01\xc1\xfa2\
\xff\xd3\xb77\xa9\xfd\x04-\x12\x97Y\x92\x04\x04\xe1\xf6\
\xe8R K!~\xf0\xe1\x82\xc0\x0f\xdf\xfd\xed\x7f5\
\x94O\xec\xe1\x7f\xfd\x5c\x02\xc5\x0fQ\xe4\x90\xbe/a\
J\x01\x03$\x0c\x02\x1c!\x10\x01l\xcc5I\xc6\xba\
E\xb0\xcd\xf9 \xc1\x1dz\x88\xcbv\xfb*\x12\x81\x13\
\xa0\xe8\x12\x9e\xb3}\xecl\xd8\xe4\xff\xfe\xed[\xbc\xf1\
\x13,\xe1\x8e\xcb,$\x81\x14~\xa4\xdd$A\x10l\
\xb5\xdb_\x7f\xf7\xb7\x07#\xc3\xb7\xbe\xb1\x83S\x91,\
}\xe6\xa5D\xac\xe9\x803\xab\x12w\x8cE\xe7\xe2K\
\xcf\x5c\xe4w\x97~\x82\xc4\x11\x02E\x84x\xc1\xfb\xeb\
\xc1\xb6\xda#\xfc\x1b\xde\x0d\x87\xb9\xcd+\xeb\xf1n\x11\
\x9c\x9f\xefS\x9c2#sl\xfd\xbd\xab\xfc\xb37\xfb\
\xf1W\xf5\x0f\x8b\xf9\xef\xe93\x1c\x7f\xfe\x14\x1c\xe1\xf4\
\xa9b\x90\xf9)\xf8\xf3\xef\xda\x11\xf2\xc4$\xff\xe7W\
J\x8cE\xb1l\xd4\xb98\x16\xe7\x16\xc1\x9f\x9e#\x86\
\xe6\xc5\xbf\xcbA\xc0\xdfy!M\x96\xd0$\x22K#\
a\x10b\xfb\x9f\xb2\xe5FB\xa0+\xd1e\xa3\x90\x10\
\xd7\x0d?e\xf3\xb1\x02U\x15\x91\x83G\x00\xcf\x0b\xf0\
\xfe\x9e\xa4\x8e,K\xa81\xea\xee\x81\x1f\xe0|\x8a?\
\x8c?s\xc4g\x8e\xf849B\xf9/9L\xa1\x1f\
`\xfb\x9f\xf5\xe5\xbf\xb9qBl7\xfc\xac\x1d\xfe3\
Zs\xdd\xf0Swk\x9d\xef\x07\xf8\x9f\xf5\x97\xcf\x9e\
\xcf\x1c\xf1\x99#>\xf2H\x9f\x05\xfb\xb3\xe7\xb3\xe7\xb3\
\xe7\xb3\xe7\xb3\xe7\xb3\xe7\xd3\xf9\xfc\x17]\x09\xc8\xcd\x8e\
\xf1\x0ff\xa3\x17\x06\xfa\x95\x1a\x7fx\xa1\xfb\xc1\xf9\xdb\
\x9f\x86G\xca\xe6\xf8\xea\x9d\xc9\x0fVd\xffg\xc7\xbb\
n\x97\xe7^\xab\xb1\xf4i\xfa\x83@\xb2x\xe8\x81\x02\
;\xe2,\xfayo\x95w\xda\x7f\x1f\xa0e\xf6\xdf9\
\xce\xc9\x5ct\xf1wcn\x8d\xbf\x18\xe2}\xe5\x9f\xb9\
\xe43G|\xe6\x88\xcf\x06\x01?\xe1#0u\x81\xfb\
\x91\xfb\x99U\xdf\xc3W\x14d\xcf\xdfZh\x81Lq\
,\xc7\x17\x8f\xc4X\x18x\xab\xcb\x9f^\x19\xa0\x84\x01\
\xa1*\xe1\xfe\xb5;\xa4{\xfe\xd6\x1d\xd2\x92\x0c=\xfb\
\x93\x7f\x91\x89\xaa\xc9H~\x88*C\xd7\x17$\xa4\x80\
\xfeG\xef\x0a\x0f\xc0\xca\xa6\xf8\xc2\x91\x91\x18\x0b\x03%\
\xce\xbc\xd5\xa0.B\x9c\x8f\xdcG\xef\x0f\x02TS\xfa\
\xf0>zY\xe0\x0f\xfcO~yL\x92H(\x11,\
\x9a\xc1\xb1\xc3E\xee\x8d\x1a\xd5\x1b'\x00\x00 \x00I\
DAT\x5c\xf4cc_Y\xe7\xa2CD.J\xc8\
\xbeG\xdf\xff\x043+*;v\x15\xf9\x99\x18\x0b\x03\
\xaf\xb56\xf9\xc1F\x88\x88\xc81M\x04t>\xf1\xe5\
\xe4O\xa7K\x86\xed\x88\xb3\xef4\xa9y\x7f?\xfc)\
\x14\x193*~\x9a\xc1\xd1\xc3E>\xf7\xf7\xc5\x11?\
\xedA\xc0\xf1S3d\xce.\xf0\xa3\x16\x08+\xc7/\
\x7f\x0e\xfe\xe4\x85:\x0d\xc9\xe2+\x8f\xa5\xb9\xf2\xdc\x1a\
\xd7\x02\x90\xb2#\xfc7;\x07\x9c7G\xc8_^C\
\xdc\x95g\xf5Gm\x0e>\x99\xe2\xf2\x0b\x03vM\xf9\
\xf4&\x92t.y\x9c|\xc0b~C\xe7n*\xbc\
\x99\x1ce\xf7\xea\x1a\x1b\xbb&(\xdd\xdc\xc0\x9e4h\
\x87\x09\x92\xdd\x98\xe9&i\xdcu\xffn>\x1f\xb4\x18\
\xecLp\xe3]\x87\xbb\x0f\x85<;\xa7\xf1\xf4\x1e\x97\
o/\xeb\x1c\x97\x1d\xb2\x99\x1e\xff\xf6\xa2\xce\xbdN\x03\
g\x7f\x82\x0b\xaf:<x\x22\xe4\xdb\x97u\xbey\x87\
\xc3\x1f,\xe8\xdc\x1d:\x94f\xe0Z\x90B\x8d\xc1\x5c\
\xd8?\xcdS\xee2\xff\xef\x0d\x9fP\x18|\xf1\x8b\x05\
6~\xb8\xcc\x19Op\xe8\xbe\x19\xcaW\x17\xf8~m\
\xeb\xe8\xcc\xc3\xf7M\x92Z\xb091;\xe0w\x97R\
\xfc\xb7\xe9\x1a\xdf\x0eF\xf99i\x9d\x17\x8c,FU\
\xe2\xfe\xe2\x80\xcdr\x89\xf4\x8a\xcd\x1dS\x0e\x7f\xba\x92\
\xe0\xe7\x92\x0d\xbe\x1f\x16\xf9\x92\xd8\xe45#C\xb2%\
\xd8\xa3\xc4\xfd\xb8\x96\x18\xbfc\x9a\xa7\xa7m.iy\
\x0a77\x09\x0fg\xd9x\xbd\xc3\xdeG\x92\xcc\xbd6\
`\xe7dH\xaf\xa8\xf0\xea\x1f\xaeS\xbc\xcf\xe2\xfa\xba\
\xc9\xc9`\x8d\x97\xd2\x93\xdc\xb1\xb4\xcc\xda\xfei\xc6\xaf\
\xae\xd2\x9f\xd2\xa9\x84\x19\xf6J!Fu)\x92Y*\
\x94\xf8\x1f\xf7\xf4\xf8\xb7ot\xf0\x11\xec\xbe{\x96#\
\x8b\xf3\xfc\xd9ZHj\xf7\x14\xffX^\xe3w\xaen\
m\x19\xcb\xec)\xf33\x91q\x11\xbcSK\xf1\xf3\xb3\
Q,\x16\xd9\x98\xadc\x8e\x94\xf8\xb5\x87\xcc\xc8\x5c\x0c\
\xdf\xb9\xc2\xdbS\x13\x91\xf1\xfb\x5c\xb2\xcf\xe6\x84\xca\xdb\
\xcfm0\x1f\x80:3\xc9\xafd\xaa\xfc\x9bs\x03\xc8\
\x8c\xf0+\x87\x1d~\xe7\x95\x16\xf6\xd0\x995:\x9d\x98\
\x19a&\xf8\x87OF\xe7\xd8\xee\xde\x12\x7f$\xe5I\
\x0c\x8dY\xe6\xf8\xa9r,\x97 Y<\xf5@T.\
f\xd9\xd7\xefS>l~,.\xf9\xcd\x17C\x9e\xd8\
\x11\xed;k\xa0\xd083,\xe6\x0c;\xea5\x94;\
'\xc8\x0c\xcb\x11Bf\xdf\xc9\xdd<\xe5\x0d\x8b9A\
{Ia\xaf\xbd<DG\xc4\xf3\xe7\xe7\xb2]\xce\xa4\
\xc7x,*~Y\xa8\x0d\xdb\x11\xef.\xb0\xb9\xc3\x8c\
\x8c\xdfT\xb3\xc7t!\x9e\x17\x87R#\x1c\xc69\x01\
\xab\xb7\x9b\xcc;:G\xf7\x19\xf4\xd7[\xbc~k\x80\
T\xcar@\xee\xf0\xd2\xc5\x0eUt\x8e\xeeK\xb3#\
a\xf3\xe6\xbaBb\xad\xc6f1A\xe3|\x0bs\xaf\
\xca\xc5W\xda\xa4f\xe0FM\xd0\xb8Z\xa7;\x96\xe7\
sS\x1aR\xa8P\xd2\x03\x1c\xd3d$\xf4\x90\xb3\x09\
\xb2\x9e\x87\x96R\x91\x15\x05\xbf\x1f\xc6;'\xa0\xddc\
U\xb5\x98\xd1B\xd4\x8c\x06}\xc1hA\xa6\xeb)\xec\
\xc8\x0aZ\xbe\xc2\xa8&a\xa9!\xb5\xf9\x0d\xde\x954\
\xd6/\xf5(\xce\xc0\x1bWC\x8e\x14\xfa<s\x1d\x0e\
\xe9}\xe6\xc2\x90\xb3\xe7\x9b\x5c]\x88\xc1\xbc\xd7\xa0z\
\xb5\xc2\x9bu\xc1\xf4\xae\x0c\xb9N\x87w\xaf\xb5Y7\
\x12\xdcS\x0c9s\xb9\xc6\x5c_bzW\x86\xc9\x84\
\x89\xba\xda\xa0\x9b\xf4yyQ\xe1sF\x9b\xef\xb7\x13\
\xec\x1fTy\xae\x97`\xb4\xda\xc5Sz\xbc\xd22\xb9\
\x7fW\x8al\x08\xf9\xb4D+\xd4\xd8a\x05t5\x93\
i\xcdg`\xe8$\x91H\xf8\x1ez\xac=\xc06\x0b\
=\x85\xd9\x9c\x84\xaf\xe9d}\x1f\xa3\xa0\xa3\xf6`d\
\x5c'\xe8B6%\xa3YPo9\x9c\x9f\xb3\xc9\xd2\
\xe2-?\xcdDu\x93\x1b\xe9\x0c\xd2\xdc\x1a\x0b9\x8b\
\xe6\xaa\x87\xd2\xa8\xf0\xc3\xb9\x06gb0g6\xaa\xfc\
\xe0\xb6Cr,\xc7!u\xc0\xc5\x1bu.w5\x0e\
\xed\xd2i\xdc\xa8\xf2F5 5\x96\xe3`Ze\xc2\
kq>*.\x17m&\xf6\xe58\x1a\xc9\x22\x81\x1a\
\xe7\x9c\x00\x9f\xe5j\xc0H)F.v<Vn\xd6\
#\xe3\xf7\x97\xd7;\x5c\xbc\xd1\xa5\x99H\xf1\xc0(,\
\xdcn\xf0\xe6\xba\xcf\xc4l\x86L\xb5\xce\xf3\xf36A\
2\xc5\x033\x09\x8a\xbd\xc6\x10\x99\xa15\x88wN@\
\xbd:\x80\x5c\x222\xc7RR\xc0\xc5\xf3U:Cb\
\xbe\xbf\x14\xf0\xf6\x85\x1a\xb7\x22\xfb\x95E>\xa3\xb2t\
#*\x17k\xcc'r\x1f\x8fK$\x8f\xcd^\x97\xd7\
#}W\xe1\xf5\x1bq\x5c\x12\x97\xb9\xc2i\x91\xe2\x81\
a:\xc2w\xa98*\xa5!2\x9f[m\x0e\xd5\x11\
'\xc6L\xfc\xc5\xe8\xfe\xf7\xfdU\x85\xbb\xf7e\xd9\x19\
\xc5\x22\xfb\xb4c\x9d\x13\x10\xdf\x11\x8a\xd7\xe5\xc5\xf3\xd1\
\xf1{i\xa9\xc3[K\xd1\xccw(6k\x83O\xd4\
t@@\xab\xeb\x7f\xb0U\xc2\xb7]\xda\x1f\xec\x9b\x08\
hu=\x02\x11\xe0\xb9>=/`0\xf0!\x08\x91\
z>.!\xbd~\x80\xe3\x86\x04\x81\xa0\x98\xd1Hk\
\x0a$eL\x0cFU\x89T\xd6@\xd1\x04VF\xc7\
7d\x0c`%v\xb9Ta,)\x91\x085|E\
\xc1\xcf\x0b\x0c\x1d\xca\x19\x09U\x93\x98H\xc9\xa4\x84\x84\
\xe6\xf6\xe88!\x8e\xe4#\x05\x01\x9d\xbe\x8f\xebCk\
\x10\xe0\xfb>m'\xc0\x86\x8fl\x07\x89b\xf6\xf1\xb6\
\xbf\x1b\xf4<\xc4\xfb{l|\x9f\xc6G\xee\x83\x1e\xf4\
\x5c\x84/\xe1z!\x9e\x1d\xe0\xfb\x1eM'\xc4w=\
\xda\x84x\xf8t\xbd\x00\xcf\x09P\xd2\x06#\xba\x84\x91\
V\xd0u\x89\xa9\xb4\x8c\xae\xeaL\x84\x12\x9a0(\xc9\
\xca\xd6\xc5\x19qOSD\x90\xc9\xaaX\x86\xc4\x88,\
af\x0dBEA\x1b\xd1\xb0\x84L)\xa7\x92J\x84\
x\xb2\x837\xf0p\x82\x80\xae\x1b\xe0\x0a\x8f\x8e\x17\xe2\
\xd8\x1e=?\xc4\x19\xf8\x04^\xf0W\xb6\x1bE1\xbf\
?\x94\xf5l\x97\xa6\xfba\x9bvz\xfe\x07{\xcf=\
\xdb\xa5%\x87xR\x88\xe3G\xc5Ef$\x16KH\
\xdc)<-\xa9\xc7\xca\xc5\xa6\xe7\xd1\x8d\x11\xbf\x0fZ\
\xc0\xf7\xa8\x0d>\xdct5\xe8{H\xe1\x87\xef\xea}\
\x90\xdda2\xc7\x9f\xc8\x914=V\x8e\xd1\xf1\xe9z\
!\xce\xb0\x98?x\x17\xc3%\x841rQ\x90\xfa\xb8\
\x5c2\x08\xe9\x0f\xe2\xf8\x8e!3\x83f\x0d\xdb\x11\x12\
\xf9\xc4O\x83yx\x8eh\xaa\xf1\xfc\x89\xaa2\x1e'\
~v\xfcU\x1fq\x1d\xb1\xe8\xf8?\x91?#\xbd\xe8\
}\x82*\x01\xc7O\xcd\xb0\xbf^\xe3\xf4\xa6\x87g\xe5\
\xf8\xefN\x99\x5c\xbf\xd2b\xcd\xb7\xf8\xca\x17\x0b\x847\
[\xcc5\x1d6\xa5,\xffx\xa7Gkj\x9c\xe9\xe5\
&\xc5\xfb\x0b\x0c\xce8|\xee+y\x1aW\xe0\xceI\
A\xfe\xc8\x08{\xb2\x1a\x8b\x17\xbad\xe4:\xdf\xebe\
\x99]Y\xe6t&\x8f8\xb3\xc0\xe5\x914\xd5\x1b\x03\
\xbc\xcd5^\xf0\xd2<0\x19c\xf4\xde\xf5\x90ZU\
^\xf0\x0dV\xdfiR\xdc\x0b\xdf{\xdb\xe3\xde\xd1.\
\xff\xcf{!\xf7Ym\xde\x18\x04\xbc\xfe\xd2*\x97\x0a\
\xe3<\xca\x80\xc9\xbb3\xac^\x81/\xdf\xad\xf0\xdaZ\
\x82_9.x\xad\x93\xe4\x1eU\xe2\x9e\xa3\x16\x89\xa9\
\x12\xbb\xa2\x98[\x1e\xe9\xfd\xd3|-\xd3\xe6\xb5\xdb6\
\x9d\xd0\xe0\x8b?3J\xeaF\x9d\x8b\xdd\x90C\xf7\xcd\
r\xbc\xd7\xe0\xec\xa6C\xb3\xebR\xbek\x82BS\xe6\
\xa9}\x01\xdf\xef\xe6\xf8\xc6H\x87w\x12\x13|=\xdd\
\xe4\xd6h\x8e\x84\x9b\xe2\x1f\xdd\x91\xc2\xbf\xb9\xc1F:\
\xe0{\x97%\x1e\xb6\xea\xfc\xfb\xcd$':+\xfcA\
+\xc5\xf4z\x9d\xba\xe8\xf0\xfbs2\xf7\xef\xb1bT\
\x02\x5c\x06\xa2\xcf\x0fn(d\x97W\xb99\x96f\xf3\
\xb5\x0a\xfa\x11\x8d\xd7\x9f\xa9\x91\xde\x0f\xa7\x17\x03*g\
\x96\xf9\xde\xa2\xc4\x83\xf7Y\xd4\xc2<\x8f\xebun\x8e\
\x979V\xaf\x11\x1c\x9d\xe5@\xa5En\x87NP\x18\
\xe5\xa1\xa9\x0c'\x8ch\xe6~\xae\xc4\xaf\xdd)xc\
\xaeC\xd5\x11\xec\xbe{\x07_\xf0\xeb\xbc\xbe\xe6a\xee\
\x9e\xe2\x97\x8a}\xdeZ\x1aP\xeb\xb9\xd8\x93\x93<\x16\
\x19\x974\x93\x05\x97\x1fG\xb1\x9ck\xa2\xec\xce0\x19\
9\xca\x0f\xa8\x05\x01\x97\xceF\xe5\xe2*\x7ft\xb1C\
\xfeXt\xfc~nZa\xe6h\x9a\xee\xb5&\xd7\xbb\
\x01\xea\xcc$\xbf6\xe3\xf0\xd2\xcd>\xfd\xf4\x08\xbfz\
\xb7\xc2\xd9\x9b]V[\x0e\x83a2\x9f\xdd`c\xac\
\xc0\x9d1*\x01\xad\x9e\xa0s#:\xc7\xfe\xfd\xab5\
\x92w\x8e\x0f\x8dy\xad'8~j:\xda%-\x8f\
FW\xe5\x91\x18\xb9\xf8\xe8\x8c\xc2\xd5\xb3\x1f\x83K^\
Y\xe7\x1d;\xcd\xd31|w\xe7d\x9e\xb1!2?\
P\xb40\x976\x87\xe7\x88 \x80\x8d\x0d\x9e\xf3\x86\xc5\
\x5c`L\xcf\xf1pzx\x8e\xd8l9\xb1\xfc\xf9\x0f\
w\x9bL\x05u~\x14\x15\xbf\xd7:\x8c\x1e\xcaR\x1e\
\xa2#\xfe\xe3\x85\x90\xfb\xee\x89\x8e\xdf\xe7\x92\x1a\x8f\xed\
\x89f\xae\x0fiu\xea\x10\x0f\x0b\x92\xc8$%z\x1d\
\x0f\x17\x905\x95d\xf8\xfeHF\x22\x93\x94\x09=\x9f\
\x9e'P\xc3\x80@\x95\xc1\x09Pt\xb1u\xc9\x89!\
\xf0|\x10\xbe`\xff=;\xf8\xc6!\x95vOf\x94\
>\xabj\x82\x5c\xb7C/\x9b\xc2j\xf4\xf0\x1226\
\x12k+\x01\xf7\xc691p\xb9\xca\xdbj\x9a}\xa1\
\x83\x97U\xa8\xaf\x05\x8c\x17Cn\xd5e\xf6\xe7}\xae\
\xb5dJ\x22@w\xaa\xfc\x1f\x7f\xb1\xc9Z(!\xbc\
\x10U\x17\xd8\x0e\x98JH\xd7\x13$\xe4\x10\x07\x81\xe7\
\xbc?\x22\x8bb\x96\xe8v<<\x04fBA\xf4]\
z\x01 +\xe4\xd4`\xfb/\x9f\xadw\xb2\x17\x12x\
>\xa1\x22p\xb6\xff_\xddP\xc2\xc2\xa7\x87\x8c\x11\x06\
\x84RHbf\x92_\x7f \x87\xd1\xf1)\xa4|\xae\
uT\xf6j6\xb7B\x93\x9d\xa2\xcf\xb2\xac\xa3\xd8 \
W\xbb\xa4b\x9d\x18\xd8\xe4\xc7\xeb:\xc7\xb2>\x15\xc9\
\xc0l\xf6\xa0\xa8\xd3[v\xc9\xcfh\xd4\x97=R\xc9\
\x10\xdf\xb4\xf9\xd3\xffx\x9b\xb7\xed\x10E\xda\xba\xacF\
\x0f|<YF\xf2||EF\xf8!\x12>}\x8f\
\x0f\xb8\xfe6\xe6\xf7\xdf)\x86J\xd2wil\xb7[\
:!\xe8v\xb7\xdaX1T\x12a\x80\x1f\x06\xd8D\
\xc4\xc53\xf8\xf2\x933<\x99\x8bb\x09\xe9hqN\
\x0c\xb4y\xe3\xb2\xc3\xcc\x8e\xe8\x5c\x9c{\xf1*\x7f\xb8\
\x18\x1d\xbf\x9e\xb3\xdd\xdd\x14\x85\x82\x1aP\xedo\xfd\x19\
dX*\xa2\xef\xd2\x0f\xb7\xdf\xe9`\xbb\xfe\x10\x99]\
\xaeT\xe3\x9d\x18x\xebJ\x0dg2\x1d\x99c\xd2\xc2\
<\xff\xfb[]\xbca1\x7f\xf0.\xba_\xb9n\x88\
\xefE\xe5\xa2`\xef]\x1f\x93K\xec*\xff\xdb\xf7+\
\xac\xbbQ\xbe\xf3\xb1\x03\x86\xc8\xec\x93\xdcQ\x1e\xae#\
\xec.\x17[\x1a\xe3\xc1\xb0\x99\x87\xe7\x88\x94\x14b\xdb\
\xd1\xfd\xcfN\x15\xf8\xd6c\xe3\x1c\x8c\xfc,\xe8qk\
<\xce\x89\x81\xf1\x1dq\xf3\xa5\xab\xfc\x87\xdbAL\x7f\
\xc6\xf0\xa2\xff\xd1J\xc1\xc7\x5c\x09x\x7fK\xc5\x17\x8e\
[4\x96\x07t\x81t\xb9\xc8\xddJ\x8f\x9b\xdd\xf7\xdf\
e9\x5cV\xe8\x884't\x97\xfc\xa1\x12c\x8d\x80\
\xc3\xf7g\x09\x17CN|.\x89\xaa$\x98\xb2{\xb4\
\xac$\x87F\x05\xd5\xaeL\xc6\xeb\xb1\x8c\x8e\xde\xea\xd2\
2M\xe4F\x8f\x81*\xe8\xf82n/\xe6<^\xb3\
\xc3\x05Wg\xc4\xb1\xb1-\x99\xca\xbaK:\x19p\xb3\
&\x98\xb4<\xae\xb7%\x12\x9e\x87\xac\xc9$\x03\x87\xde\
X\x9eRWp\xdf=I\xdam\x93\x7fpP\xe1f\
/\xc1\x7f\xb5S&,&\x906\xfa\xb4\xe20\x1f3\
i,\x0f\xe8!s\xe0\xc8\x08\xc5z\x875\x0f\xa4t\
\x86\xc7\xca\x01\xd7\xab>!2\x07\x8e\x14\xd8\x91N\xb3\
_\xf6\x18\xdbc\xd1\xf5\xd3\xfc\xfc.\xb8\x9d\x18\xe1\xc9\
\xbc\xcdJ\xb6\xc4\xe7-(O),\xb5e\xf6\x97-\
\xc2\x96OB\xf7\xb8\xd6\x96\x19g\xc0MO\xa7\xe4\xf7\
YF\xc6\xed\x83\xe1\xc6]\x130\xe0\xc2:\x8c\xe9\x1e\
\x9b\xa8\x88Z\x0f'\xa5\xd2\x5cu0J2\x95\x15\x0f\
M\x0d\xb05\x18H:\xb2\xadp\xa2\x0c\xbd\xe2\x18\x9f\
\xd7\x07({\xc690\xe8a\x1d(1%4\x0e\xa4\
ln4C\x88\xc1\x5c\xa8uY\xf7 73\xca\xe7\
\xd4\x1es\x9d\x10$\x83\x93\x87M\xeak6\x03\xb6\xde\
\xdd\x97\xd78Z\x04g<\x22.\x9b\x0e\xe6D\x8a}\
F\x14\x8bD\x18sM\xc0\xad\xc5\x01F6:\x17}\
O!\xe7G\xc7\xef\xd6\xfa\xd6\x82\x1e)\x9b\xe5\xa9\xa9\
\x90+\x9b\x1e!\x12\xbb\xef(\x90\xafu\xd9\xf4\xb7\xdf\
\xedKs0\xed\x0f\x91\x19\x9aq\xd7\x04\xac\xb5\xa8Y\
Fd\x8e%5\x05\xd1q\x18\x1d\x12\xf3\x93\xe5\x80+\
\x15\x8f0\xb2_%\x18\x1d\xcb\x90\x89\xccE\x87\x0d\x91\
\xe0\xe0\xc7\xe1\x12)\x84\x8c\x14\xc3w]\x96\x9d8.\
\x89\xcbls\xdb\xd390LG\xf867\x1b\x12\xd6\
\xb0\x99\x87\xe8\x88\x87gR\x94\x83\x18\xfd\xaf&\x98-\
\xa7(E\xb2\xc4_\x13\x10\xd7\x11\xba!\xd1i\xc5\xf5\
g4\xf3\xbdJ\x97\xb9\xce'\xa4\x12\xb0\xfb`\x09\xeb\
\xd6\x06\xe7z \xf4$_\xdc\x0f\xaf\x9c\xed\xd0\x15:\
\xf7\x1e\xb3X:]g9\x04\x91H\xf3\xc8\x98\xc3\xbc\
\x96&\xb9\xd4\x80\xddI\xea\xe7\xfa\xcc\xdccq\xfb\x9c\
\xcd\xf8H\x80\x9dO\xb0w&\x8f\xb58`\xc7\xe8\x80\
7)r\xb2\xb3\xc6\xd5\x89\x09F\xaf-\xb2\xbeg\x0c\
cy@&\xac\xf1\xc3p\x82\xff\xf9\xae8w\x07\xb4\
X\xebuxK\xcd`^\xef\xb0\xf7^\x9d\xd7\xcf\xc0\
\x93\xfb\x5c\xfe\xe0\xaa\xca\xd7\xa6l\xde\x094\xd6\xde\x5c\
\xe2u%\xc3\x11\xaf\x8b_\xd6\x99\xbf\xe4qh7\xbc\
\xbe\xa4\xf0\xc5)\x8f\x1fm\xa8\xec\xc1#S\x84\xd5\xd0\
D\x8a\xc1\x9c*\x97\xb8\xd7\xaf\xf0\xfcj\x00B\xe5\xf8\
\xb14\x8d\xb3Un\xfa\x82\x99\x03%\x0aK\xeb\xbc\xd7\
\xde\x1a\x15\xcf\xee/`l\xba\xec)9\xfc\xa0b\xf1\
\xa8\xd5\xe2\xb50\xc7\xfd\xa2\xc1Y-\x81\xda\x928y\
g\x89\x9d\xed\x1a\xed\xb2\xc1\xf9\xdb\x1a\xff\xf5d\x87?\
l\xe7yJ\xac\xf3LX\xe2\xd4\xa0I/\xeb\xf3\xcc\
U\x8d\xdf\xf8\x99\x91Xw\x07\x5c\xe9\xbb\x9c^\xd09\
\xe4T\xa9\xec.!\xce\xd4\x19=\x95\xe2\xf2\xb3m\xf6\
\x9d2\xb8\xb9$a.\xaf\xf0\x9f\xae\x05\xec\xbfCg\
\xa5\xa1s \xa8s\xd1\xca3U\xa9R/\x97\xc8/\
\xd7\xb0GTZXL\xc9\xa04\xa3\x99E*\xc3S\
\x93\x0e\x7fq\xa5\x8f\x8f`bO\x89\xd9\xca\x06\xaf\xd5\
C\xcc\xf1\x22\x9f\x97\xeb<\xbb\xbd_\xdd\x9a\x18\xe1x\
T\x5cF\x93\x1c>\xa2s\xe3v\x04\xcbj\x87\xdcC\
\x93\xdc\x15\xe3\x5c\xf0s\x1b\x1e\xab7\xfa\x11\xb9X\xe5\
\xf7\xdfi\xa3\xef\x88\x8e\xdf\x01\xd3\xa6\x99W\xb8~\xba\
\xc1z\x08r\xa9\xc0\x13\x89\x16\xdf\xbd\xe5B\x22\xcd\x13\
\xb3\x1e\xcf^\xec\xe1\x0e\x9bye\x83\x8d\x03\xbb\xf9\x85\
\x18\x95\x80\x85\xdb\x03:\xeb\xd19\xf6\xed\x177q'\
r\xe8Cc\x96\xd8}p$\x96K\x10:\xf7\x1c\x8c\
\xc8E\x91\xe2\x91#\x19\xbc[\xfd\x8f\xc5%/tM\
>\x1f\xe9;\x13\xcb\x95i\xdd\x1c\x123\x16\x07&\xf2\
\x1cs\xeat\x86\xe5\x08g\xc0\xe6R\x8d\x97\x95a1\
\x1b\x0c\xaa\x0a\x13\xee0\x1d\x11\xcf\x9f\x07\xcbI\x1e\x1c\
\xb3y;*~o\xb79\xf8s\xd31\xb6\x11\xff\x04\
\x8ex\xd7fjwt\xfc\x8a=\x87R\xca\x8e\xe5\xc5\
O\xcct@\x22\xad\xa3tm\x9a\xfe\xd6\xc2\x99\xd1\x14\
T\x9a\x1e>\x12\xf9\xacL\xbf\xe1n]\xdd\xaa\xa8L\
\x98\x01mYC\xeb\xda\x90V\xb1k\x1e\xc9\xa2B\xb7\
\x16`\x1a!\xbe\xaes\xec\xaeY\x9e\x9e\x91\xf0>\xb2\
\xefR\xf1|\x02UFv\xb7J>~\xe8sq>\
\xe4\xe4\x1d1:\xeeJ\x83\xdb\xe9$%\x02\x02U\xc2\
\xfbk{C\xbb\xde\xd6\xdeP*\xab\xfc\xf3\xe7;\xc8\
\x81K\x98\x90i7B\xf2i\xd8\xe8\x0a&\x92!\xab\
}A\x86\x10\xcd\x10\xb4}\x81\x88\xc1\xac\x98:\xf9\xd0\
ac\xb0uov6\xab\xe06\x1d\xba!X)\x1d\
\xado\xd3\xd8.\xff$\xb3\x06r? m\x06,\x0f\
d&\x15\x97\x8dP\xa7$lj\x92\x82\xe4J\xec9\
\x5c\xe6\x9bwZ(^\x88\xa6@\xc7\x17$\xa5\x80\xde\
G\xf7\x00\xfb!\xd5\xdb1\xef\x0a\x1f\xb4xo`\xb2\
W\x0fq?\xb2\xcf\xdc\x1b\x84h\xa6\xf8p\x9f9m\
~\xe7\xf7\x16\xb9\x95\x96\xe892\xd9\xd0\xa6\xae\x18$\
\x06\x03\x9c\x84\x81\xd6u\x08\x0c\x09\x07\x85\x84\x08\x08\xec\
\x18\xcc\x8a\xca\xb8\x19\xb0\xd6\xf6\x09\x01#\xa9\x93\xb0m\
\xaa.\xc8\x86\xce\x88pX\xefo\xa5\xa7l\x19\x8cD\
\xc5\xc5J\xf1\xf8\x13\x93\xdc\x17\xc9b\xb3\xae'c]\
 \xf4\xde\xe2\xd6]\xe1Q\xb9\xf8\xfa\xf7.\xf3g]\
=\x22~\x82\xac\xec\xd3S\x04\x9d\x86\x8b\x0d\x08]c\
L\xf6X\xed\x05 \xab\x8c'\x02\xd6Z[\xed1\x5c\
\xe6.\xef\xd42<\x12\xe7\x02\xa1\x9b\x1d\x92\xe3&r\
D\x8eU\xce\xcf\xf1\x9b\xd7C\xc4\xd0\x98\x05\x89\xb4\x16\
\xcf%\xc8\x14sQ\xb9hp\xea\xfei~v\xea\xe3\
q\xc9?\xfd\xcb&f\xa4\xef\x14d7\xc4\x1e\x1a\xb3\
\xc2\xcc\x9e\x09\xbeu<1<G8}V\x1c\x95\xf4\
\xd0\x98e\xfc\x1eh\xe1p\x1d\x11\xedOAa\xbc\xc0\
/\x7fa\x84\xf1(\x96j\x93\xb9\xf2\x08'\x86\xea\x88\
k|\xaf'\x22\xe3gx\x1e\x8a\x1c\x8f\xf9\x13\xb30\
\xd0\xb5}l)\xc5\xd3\x8ffh\xdc\xec\xb0:\x08\xc8\
\xed-\xf3e\xa3\xc5{\x9b>\x9e\x9c\xe2\xe9\xc7J\xdc\
;\xa3\xb0\xe6g\xb9O\xea\x91\xb9{\x82\xd2\xb2\xcb\xf1\
\xc7\x0b\xf4\xce{\x9c|8E(%\x99h4\xb8\xd2\
\x91\x99\x1d\x0b\xb9\xb4&\xc8\xb4\xaa\xbc\xe5\x99\x88\x85\x0d\
nYI\xdc\x9bU6$\x9f\x85\xbe\x8a\xe6\xc4\xbcJ\
\xb8^\xe7\x99M\x95|\xadE-\x05\xe7\xce\xf5\xc9\xa4\
m\x9e\x9f\x0b\xd8\x9d\xec\xf3\x83\xa5\x10\xb59@\xa4\x0d\
fD\x8fjy\x84\xc2&<\xf4P\x92\x95M\x8b_\
:&\xf3V-\xc97\xf6J\x0cF\x13\xf4n\xb5Y\
\x1f\xc4`~4M\xe5Z\x9buO\xe1\xde\x07'\x99\
\xa94\xb9\xde\xf6\xf1\xf3E~qo\xc8\xe9\xdb\x03\xfa\
\x81\xc2\xbd\x0fNp8\x9f\xe3`0`\xe2\x0e\x8b\xe5\
~\x86_\xdf\xe7s\xd6\x1c\xe3\x17r\x1d.e&\xf8\
\x92\xee3;#\xf1\xf6\xad\x01\xe91\x8b\xd6b\x9f\x94\
\xd6\xe3\xcf\x97$f\xed:?l\x19\x94\xbb5\xder\
$*\xeb\x01\x05\xc9\x8f}\x95\xf0\x8f\xcf9\x14\x95\x1e\
\xe7=\x9d\xfe\x5c\x95jVa\xee\xdd\x16\xea\xb4\xc4\xc5\
3=\xc2p@\xc5\x90\xd1\xd3\x16aS\xe1\xfe)\x8f\
\xf5\xd2\x14\x8f\xcbm\x82\x833\x1cj\xd4Q\xef\x9c`\
\xd2W9luyg\xcd\xa5\x1b\x83yj\xbd\xc1\x95\
.\x8c\x1d\x9c\xe1)\xab\xcd\x99M\x8f>\x09~\xf6T\
\x8a\xca\xcd\x0e\x1b\xae`\xec\xe0\x0cO\x8e\x99\x9c,\xb9\
4\xe2\xc4E2\xd8\xa7F\xb1\xa8hZ\xbc\xab\x84/\
\x9f\xafcg\xa2s\xd1\xd2,\xc6\x07\xd1\xf1{g~\
@w\x10@i\x94_=\x00\xef.\x0eh\xb9\x82\xa3\
''(\xaf7\xb8\xd6\x0b\x91K\xa3\xfc\xca\x89\x1c'\
R6\xf5\xa11\xcb\xd8q\xaf\x12\x9e_\xe7\x9clD\
\xe6\xd8X\xd6\xc2j\xf4\x18\x1f\x12\xf3\xb7\xf6\x05\xbc9\
?\xa0\x1f\xd9\xaf\xb2L\x95\xb3X\xad\x18\xb9\xb8!\x98\
\xf98\x5cb\xca\xe4&d6b\xf8\xeeR+\x8eK\
\xe23\xbf\xbb\xe1\x93\x19\xb2#^Y\x00m\x88\xccW\
;\xfeP\x1d\xf1\xb5}Y\xa6\x07\xf1\xfc\xe9\xa5\x93\x14\
\xa3X\x0c\xe8\xc7\xbcJ8\x9e#4FGT\x9a\x95\
8\xf1\xf3h;\xd1\xccO\x18m.\xb6\xc2OF%\
`jW\x1ec\xb9\xc6\xf5\x01\x08\xcd\xe2\xbeY8}\
\xadG_h\x1c\xdeo\xb0v\xa5\xc5f\x08\xc2Lr\
_\xd1eIK\x92Xi!f\x134\xaf\x0e\x988\
b\xb0z\xc5\xa5\x98\x0b\xb0s\x09\x0e\xed-Qn\xd8\
\x8c\xe7\x1c.\x91\xe5p\xaf\xc6b\xb1@nq\x93Z\
9\x8f\xb6\xe9\x90\x0c\x1b\xfc\xa8?\xc2?9\x16\xa7\x84\
\xd7f3\xb0\xb9\xa6$\xd0\x16\x07L\x1fT\xb9p\x1d\
\xee\x9f\xf6xvA\xe1\x91Q\x87+\xa1B\xe5\xf42\
\xdfm\x19\xec\xf1{xc:+s\x1e{g\xe0\xbd\
U\x85\x07&<\xde\xa8\xaa\xcc\x86\x1e\xe9\x02\xac\xfb:\
\xc4`N\x8c\xe68\xe47y\xb3\x12\x00\x0a\xfb\x0f$\
h_m\xb2\x1c\x08\xc6w\xe4\xc9\xaeW\xb9\xdc\xdb\x9a\
\x0e\x98\xdc\x95\xc5\xa8z\xcc\x14\x5c^\xae\x1b\xdcov\
9\x1d\xa49!\xb5\xb8\xacX\xa8]\x89\xbb\x8f\x8eq\
\x97\xe8\xd0/i\xdcXSy\xac\xd8\xe7\xf9^\x8a\x93\
\xa2\xce\xaba\x8e\xa3N\x87~*\xe0\x85+\x82\xaf}\
\xa1\x10o:\xc0\x09Y\x5cW\xd9\xe9\xb6h\x96s\x88\
\xebm\xf2wZ\xcc\xbf\xd9c\xfa\xa8\xc6\xca\x86@\xdf\
X\xe7\xf7\xdf\xee3\xba[c\xb3\xa5\xb13hr\xdd\
\xcc2^o\xd0\x1c\xcb\x93]o\xe2\xe4\x14:\xa1\xc9\
\xb8\x1c@+\x9aY$R<Xtxy\xde&\x00\
\x8a\xd3\x05\xc6\x1bU\xce\xb5@/\xe68!Z\xbc\xbe\
\xb15\x1a6K9\x0eF\xc5\xa5\x98\xe4\x9e{S4\
7\x22X*]\x94\xe3\xa3\x1c\x8bU\xea\x0b\xe8oF\
\xe7\xe2\x1f\xbdV\xa19\x1a\x15?\xc1N\xc3\xa1\x99\x92\
Y\xb8\xd2\xa6\x16\x82\x9c\xcbp\xca\xec\xf1\xe2\x8a\x0bf\
\x82S\x13>\xaf\xde\x18\xe0\x0f\x9by\xa3\xca\xfc\xe44\
_\x8d9\x1d\xe0w\xa3s\xec\xb9\x97V\xb9\x95L\xa2\
\x0f\x8dY0\xb5+\x17\xcb%\x08\x8d#{\x22r\x91\
$\x8f\xde5B\xb6\xfa\xf1\xb8\xe4O\x96e\x8eG\xf9\
.k`9\x82\xe6\xd2\x90\x98C\x93}\xd3E\x1e6\
\xba\xc3s\x843\xa0Z\xe9pA\x1e\x16\xb3\x8eS\x13\
\x14\xbca:\x22\x8e?\x05\xbb\xcb\x19\x9e\xd8\x152\x17\
\x15\xbf\xb3mF\x1f\x9b\xe4\x9ea:\xe2\xf5&\xcax\
t\xfc\xf2\x03\x87\x8c\x19\xcf\x8b\x9f\x98J\x80\xa2Jx\
=\x97\xee\xf6\x8aO]\x09\xa8w|\x02\x04\x9a\x06\xdd\
\xb6\x87\x03\x08\x01r\x18\xd0\xb2C\x9c\x81G?\x84^\
\xd7\xc3\x95B\xdam\x0f7\x0c\xe8z\x82\xf1\xa9\x02w\
\x8d\xa8dR*\x19S%k)\xa4,\x8d\x8c\xa9\x90\
N\xa8\xe4\x0d\x99tR\xa6\xd9\x95\xd9]\x8a1z\xef\
8x\x19\x93\xbc\xa1QH*\xa4\x13\x0a\x19C!\x93\
PI\x99\x0a\xf9\xa4\x8a\xa5k\x14\xbc.\xaf-\xd8\xd8\
\xaeG7\x08\xe9t=<\x02\x1a\xbd\x00\x11\xf8T\xfb\
\xc1\xd6\x0e\x07?\xd8:O \x06\xb3\xa4\xc8(\x9e\xbb\
\xbd\x9dC\xa0j\x82~\xdbe\x00(\xaaL\xd0wh\
oo\xfe\x94$\x813\xf0p|\x9f\xfa D\xf2=\
\xeaNH\xe8n}\xf5\xec\x00s4\xcb\xc9)\x9dd\
B\xa3`*d\x13*\x09C%g)\xa4-\x8dB\
B\xc6Jh\x88\xb6Gq<\xce(\xdf\xa1*\x9b\x94\
M\x85Br\xab\x9d\xb3\xa6B\xcaRH\x9b*\xb9\x94\
JZS\xc8'<.]nS\x11!\x9d~\x80\xe7\
z4=\x81?p\xe8\x84\x02\xa7\xe7\xd0\xf5\xa1o\x87\
x\x9e\xcf\xc0\x8ef\x16\x92\x84!\x02*\xbd\xad\xd5\xe2\
\xb2\x22\x83\xed\xd0\xf2@\x92%T\xdf\xa3\xb6\xbdoX\
\x08\x01Qq\x094\x0e\x1c\xcc\xb1;\x92%\xc0\xb6\x0c\
\x8a1\x16\xfd\xac\xf7d\xa6s\xd1\xb9XY\xa8s\xbd\
OD\xfc|\x5c\xdf\xa7\x1bl\xe7;\x80,c\x84\x1e\
\xd5A\x08B\xc2\x90\x02\xaa\xdd\xad\xbd\xf5\xc3e\xf6\xa9\
\x04\x16{bT\x02\x9aM\x9f\xc2Ht\x8eI\xd5\x06\
\xefT\xfc!2\x8b\xd8.\xd9\xea/\x11\xb9\xe8\x08\xca\
\xb3y\x8e\x15>.\x97\x0c\xf0\xa2|\xe7\x868\x8eO\
wX\xcc6\x98\x85\x0c\xa7f\x86\xe8\x08\xdf\xc3\xd54\
\xb2Cd\x1e\xd8\x01\xbe;\x5cGD\xfb\xd3\xc7\xb7,\
N\xeeMR\x88d\xb1\xe9\x17\x93L\x0c\xdd\x11A\xa4\
?]\xdb\xc3\x0d\xe21\x7fb\x06\x01\xfd\xaeKWl\
\x97\xb3n\xb4Y\xe8\xf8d\xf7\x96\xf9\xb2\xd1\xe4\xcd\x15\
\x17g{:\xe0\xbeY\x99%/\xcb}tI\xdd=\
Ii\xc9\xe1\xf8\xe3y\xdag\x5cN>\x92\xc2\x17I\
&\xaa5^\xb9\xe529\x15\xf0\xe2-\x99\x89\x8dE\
\x9e\xf1\xd2Hg\xe79\x93\xcb\xe1\xbc\xb7\xc2\x8a\xeap\
\xaek1J\xcc\x12^u\x83\x7f}Scle\x83\
\xb5\xa2\xe0\x85\xe7\xdaL\x8c\xf6\xf8\xad\xb7\x02N\x16\xda\
\xfc\xf6\x15\xd0\xd7;X\xe5\x14{\xa4\x1e\x1b\x93Er\
k\x01\x0f=\x94bq\xcd\xe4\x1b'$^\xab$\xf9\
\xe6^A\xaf\x94\xa03\xd7b\xb9\x13\x83\xf9\xd14\x9b\
\x97\x9b\xdc\xb6\xdf/{5\xb8\x5csq\xb6\xcb^\xef\
\xdc\xec\xd1\xf2\xb7\xa7\x03\x0a9\x0e\xf9\x03\xc6\x0eX\xdc\
\xeee\xf8\x8d=\x1e\xef\x1ac|=\xdb\xe6\x5cz\x92\
/\xa9\x1e\xd3\xb3\xf0\xe2\xe9*\xbd\xf1\x14\xeb\x17:\x8c\
[-\xfe\xe5e\x99\xe3\xbd\x15\xfe]-\xc5\xa1\xfa2\
\xdfu\x15\xe6o\x06\xecO\x851K}]\xfe\xf8\xf9\
\x1e\x13Z\x9d\x1f{I\xdao-\xb22\xa9\xf1\xf6\x9f\
W\xb1\x8e*\xbc\xfc\x5c\x1b\xd9\xef\xb0\x945\x19\xc9Y\
\x04u\x99\xfb\xa7\x5c\x96G\xa6\xf8\x92\xdc\xc4;4\xc3\
\xa1j\x0d\xf9\xce\x09&\x5c\x95\x83f\x9b\xd7\x97lj\
N4sy\xad\xc6\x99f\xf8A\xd9\xeb\xddU\x9bV\
\xb0U\xf6\xda\x9ck\xb1do\x95\xc4\x9e\x1c7\xb9\xbf\
\xe8R\x8b\x8a\xcb\xf5\x1aoU\x14\x8e\xea\x11,9k\
Kh1J}\xef\xbd\xb4J\xa3\xe0G\xe6b9\x95\
`b\x10\x15?\xc1\x1b7\xfa\xd4\xdb\x1e\xc1\xfb\xa5\xf1\
\x85\x1e\x9b\x83\xed\xd2\xf8Z\x9d\xf3\xad\x00i{:\xe0\
\xae\x94MuX\xccY\x13\xc5\x8b7\x1d\xb0ye\x81\
g%+2\xc7\x0eM\xa5I\xd4{Cc\xfe\xd6\xbe\
\x80\xd7\xe6z\xb4#\xfbU\x96\xa9\xa9,fd.\xb6\
\xf8\xfe\x05\x9b\x89\x8f\xc1%\xe6\xa8\xc1\xe8\x84\xccJ\x94\
\xefju\xceV\xe3\xb8$.s\x9b\x97\xae\xb7\x18\x0c\
\xd3\x11n\x9b?>\x0f\xe6\xf2\xf0\x98/5]\xeaC\
t\xc4\xd7\xf6\xe7\x98\xeeG\xf7\xbf\xd7/6\xb8&\xa7\
)G\xc5\xaf\xa4\xe0\xc6\x9c\x0e\x88\xe7\x88\x04\x07\xca\x1a\
\x8d\xf5\xe8\xf8\xbd\xb5\xe6P\xe9E3\x7f\xa2\xa6\x03J\
\x93i\xb4\xcd\x16K\x0e\xa0\xe8\x1c\x1a\x17\x5c_\x1c`\
\x0b\x85\x9d\xd3:\xf5\xdb]\xea!\x08\xc3\xe2p\xd6c\
S51*]\xc4\xb8Ig\xc1\xa6\xb8G\xa7r\xcb\
#\x9b\x0ep\xd3\x16\xc7\x8e\x94\xb9_\x0fH\x1a>\x15\
aPr\xfb\xb4,\x13\xa3\xd5\xa3\x9f2\x90{\x01Z\
\xd8\xe5\xe5U\x83\xa7\x0e\xc7+\xe15\x922=IC\
ny\xa4G$*u(\xa7\x03n\xb6$f-\x9f\
J(\xd1\xbd\xbe\xc4\xbf\xba\x142\xea\x0f\xf0GT6\
\x16}f\xc6\xe1\xca\xa6\xcc\xd1\xa2\xcf\xf9\xa6\xc2\x04>\
\x89\x0cT<\x15b0\x1b\xf9\x14;\xfd\x0e\x97\xb6\xb7\
\xcdM\xcf\x98\xf4\x17;l\x06P\x18O\x93\xac\xb7X\
\x18l\x8d\x86K\xe5\x14Z\xd3c<\xe3q\xa6\xads\
\xa7\xde\xe7J\x98\xe0\x80\xe8rK6P\xfa\x12\xc7\x8e\
O\xf2\x95\xb1\x10?!S\xefH\xec\xb0<\xe6]\x8d\
\xb2\x18\xb0\x18\x1a\x8c\xfa\x0e\x9e\x16r\xf6\xea\x80\xa3'\
\xf2\xb1\xa6\x03\xae\x86\x1aZ_&\x17\xd8\x0cR\x06\xd4\
\x1c\xccQ\x85\xe6\x8aG\xba$\xd3\xe9\x81\xdc\xa9\xf0[\
\xdf\xa9\x12L\xaa\xd4\xba\x0a\xe5\xb0\xcbm=\xc9H\xab\
Mg$C\xb2\xda\xc1K\xc9\xf4\xd1)H\x01A'\
\x9aY\x18\x16w\xe6\x5c\xce\xaenm!\xcb\x8ef\x18\
i7\x99\xeb\x81\x9aM\xb1Ot\xb9P\xdf\x1a\x0d\xeb\
\xf94\xbb\xa2\xe2\x92K\xf1\xf0\xa3E\x8aQ,\xdd.\
\xf5\xb1\x1c\x07\xe3\x94\xfa6\x05\x05\x11\x9d\x8b\xdf\xf9\xc1\
\x02\xa7\x8ddD\xfc\x04e\xdd\xa3e\x08\xd6\x16z\xb4\
\x00)\x95\xe4\x88\xde\xe7l\xc5\x07\xcd\xe4\xc8\x88\xcf\x85\
\x15\x07\x7f\xd8\xcc\x9d:\xa7)\xf1D\xac\xe9\x00\x9b\x94\
\x15D\xe6\xd8\xe9\xd7o\xf1LGG\x1d\x1a\xb3\xa04\
\x99\x8a\xe5\x12\x84\xca\xde\xa9\x88\x5c\x14\x09\x1e99\xc1\
q\xe5\xe3q\xc9\xbfx\xc7e6\xcaw)\x1d\xdd\x81\
\xf6\xc6\x90\x981\xd8\xb3k\x8c\x9f\x9ffx\x8ep\x06\
4\xed\x80\xe6\xd0\x985\xdc&\xa4\xbca:\x22\x8e?\
\x053\xe5<_\xbf\xdb\xa4\x1f\xc52\xd7\xa0}d4\
\xde\x0e\xa2\xb8\x8exn\x99[\xa6\x12\xe9\xcf\xb4\xedb\
\xea\xf1\xbc8\x8cg(\xc7\x06\xab\x9a\x8c\xf6~\x22\x09\
\x09Kc{D-0t\xe9\xaft,E\x02I\xda\
\xfe\x99,\x10\x08dY \x09\x90%A \x0b\x04\x1e\
\x8b\xab\x0e\x13y\x9b\xabBE\xef\xb5\xb9]\xd4\xc9\xaf\
\xb6\xa8**\xfa\xa6C2\xec\xb0\xe2\x1a\xb1\x7fG\xb7\
\xd9\xe5\x86\x22\xd0\x97\xfaLgU\xae\xae\x0a\x8a\x9a\xcb\
\xb9\x15\x85\xd1Q\x97\x85P\xa1\xb2j\xe3\x0a\x1dYl\
\xfdn\x12\x02E\xda*\xcb\xaa\xb2@\x08\x81\x0c(\x92\
@\xd5dD\x0cfI\x91\xb1\x84`\xeb\xfcK\x81\xa1\
\xcb\xdb7\xf1\x09\x14MF\xffH\x07\x94$\x81$\x04\
\x8a$@\x88\xad\xa3=\xd9\xfa*\xc9[\xefd\xa0\xbe\
\xb15\xdf7\xb7\xae0U\xeas\xa9+\x93\x97:\x5c\
\x0aTt\xa7O?\xe5s\xb9%q4f\xdb\x84\x8e\
\xcd\xb5\x8a\xcan\xb7MCSa\xb9G\xbeh2?\
\xdfc6\xab\xb3T\x13\x18\xeb=\xea!\xe4d\x10\x92\
@\x09\xb6Ju\xb2\xd8\xfa\xbd\x15\x01\x81,\x90\x90P\
e\x81\xac\xc4`\x96$\x12\xaa\xc4\xfb\xffRVe\x8c\
\xed\x86\x93d\x09K\x12\x1f\xbcC\x88Xq!\x0e\xcb\
\xa6\x8d:\x16\xb7q|\x16\xd7\xec\xc8\x5c\x5c\xe8\x87H\
Vt\xfc\x14\xb1\x9d\x1f\xdb`B\x96I\xa8\xe2\xc3\xf6\
\xd0>2&\x1f&\xf3z\x9f\xdeT\xdc\xde\x12\xc6\xca\
\xb1K\xb5\x00\xc9\x18.\xf3O\xe2\x12)*\x17\x85@\
\x0a?>\x978H\xb1|\xa7\xaa\xd2\xf0\x98\x91\x90\xc4\
\xf0\x1d\xe1\xb5\xba\xdc\x90\x87\xc7\x1c\xc8\x12\x16\xc3uD\
\x1c\x7f*\x02\x9c8\xf1[s\x19?\xf2SpD2\
:~\xb2\xfc\x13x\xf1\x932\x1d\xd0n\x0c\xa8\x93\xe2\
\xab\x8f\xa4i\xdehq\xa5\xe6\x91\xde[\xe6q\xbd\xc9\
\xcb\xf36=9\xc5W\x1f)qO\x19\xe6\xfa\x19\x8e\
9-\xb4cc\xa4n\xf49\xf8X\x96\xcd7m\x8e\
?h\xd1\xf5,r+U\xce\xb74\xee>\xa8p\xb3\
\x95\xe0\x88[\xe5\xacU`te\x83\xca\xd4(\xf9\xc5\
:\xe4\x05U#\xc3\xa4\x1fwEo\x8dg\xbai\x0e\
u;\xa8\xbb\x0c\xae\x9du9\xbc\xd3\xe7\xb9y\x95/\
\xcd\xb8<_\xd5(\xdb>;v\xa6\x98\xf5\xda,\x94\
\xf2\x18\xb7}\xee?equQ\xe7\xebGB\x9e_\
\xf9\xff\xda\xbb\xd3 \xbb\xce\xfb\xce\xef\xdf\xb3\xdc{\xee\
\xbe\xf4\xbe\xa3\xb1\x83\xc4B\x10$H\x82\x8bLR\xa4\
\xac}R^4vYcG\x9a\xc4\x91'vj\xde\
:5\xaf\xa6\x92TM\xaaR\xa9\xa42\x93\x1a\x97\x1d\
gl'\x9e\xc9\xd8V\xa4\x19[\x0be\x8a\xe2\x0a.\
 @\x82\xd8\xb7\x06\x1a\xbdw\xdf\xdbw\xdf\xce\x92\x17\
\xdd 9*[\xe70\xd5bK\xc4\xef\xf3F\x05\xde\
[\x14\xfe\xe7y\x9e?\x7f\xf7<gI\xf1\xd5]>\
\xe5\xbe$\xcb\x17*\xcc\x94#\xd4\xfct\x8e\xe5s%\
.7-\x1ezb\x8c\xa9\xb5u\xdeY\xec\xd0,\x0e\
\xf0\xd5\xbd\x01\xaf_\xae\xb1\xea\xda<\xf4\xc4\x18\x87\x8a\
\x05\xf6\xb6\x1a\x14\xf79\x5c\x5c\xcf\xf2\x8d\x9d]^\xb6\
\x86\xf9J\xa6\xc2\xc9\xe4\x08O\x07]F'<^\xb8\
\xd2b\xe4@\x1f,z\x1c\x1d\xe9\xf0\xad\xe5\x14O\xc5\
\xca\xfc\xc8\xef\xe3\x09J\xbc\x97N\xd2\xaa8\x1c\xcf\xfa\
\x91\xaf\xfc\xfd\xdbsp\xac\xbf\xcd\x8dl\x91\xe4\xf5\x12\
\xc6\xfe4so4\x99>\x91\xe6\xc6\xd9\x1e\xa3)\x17\
\xa63\x0cd\x134\x96\x0c\x1e\x1c\xe9p\xb58\xce\xd3\
^\x99\xda\xfeI\xf6.\xae\xd0=8B\xb1i\xb1\xd7\
\xac\xf0\xc2L\x93\xf9Vx\xcd\x13\xf3\xab\xbc\xb6\xe63\
t\xef\x14_L\xd6xs\xb6\xc9\xb2\x9b\xe6\xcb\x8fg\
Y\xb9\xb4\xce\x95\x06\x0c\xdf;\xc5\x17F\x12<\x5ch\
3\x17:.\xeb\xcc\xd9Y\x9e\x19\x08\xa9eG\x9aT\
\xc4\xbb\x03\xce\x9f\xa9\x90\xdf\x1d>\x17wg\x92\xf4U\
\xc2\xc6\xcf\xe7\xf9\xcb\x0d\x16\xd7\xba\xf4\x86\x86\xf8\xc6~\
8u\xa3\xc6\xcd:\x1c=1\xc6\xf8\xc2\x1ao\xac\xb9\
\x98CC\xfcW\xc7\x8a\x1cM4\xb9\xbdU5O\xa7\
\xa1\x13m;`\xed\xc6\x12\xd7\x06\x0a\x04!s\xec\xd1\
\x1d\x19\xac\xc5\xda\x96\xd5\xfc\xdb\xfb\x02^\xbcP\xa3\x14\
\xba\xae\x0aL\x8e\xe7 \xc2\x5c|e\xc1\xde\x9e^2\
\xe9\xd0?\x04\xd7\xc3\xfa\xdd\xc2\x1ao.E\xe9%Q\
k^\xe7\x95\x85\x1e\xa3[\xda#\x1a\xbc\xbc\x9cd\xe7\
\x16\xd6\xfcn\xa9\xbd\xa5=\xe2+\xfb\xf3\x8c\xacGY\
\x7f-\xbc\x91A\xee\x0b\xabe\xc2\xa2\x1dq; Z\
\x8f(pt\xd4fa\x96\xd09\xfb\xf2\x5c\x9b[\x95\
\xf0\x9a?\x9f\xa8r\xbe\xfa3\xf2\x9c\x80|\x7f\x8aX\
\xa5\xc9\xaa\x0bX1\xa6\x8a\xb0\xb0\xda\xa3\x87\xc5\xc8\x90\
Mm\xb9C\x030bqv\xa4}*V\x9cx\xad\
\x03\xc58\x1d\x83\xf0j\x00\x00 \x00IDAT\xed\
\x95\x1e\xb9\xd1\x18\xd5e\x8fL2\xc0M&8r\xdf\
\x14\xbf\xb2\xc3\xa4\xe7\x19$\xf0h\x9b6q\xd7\xc5\x8d\
\xd9\xd8=\x0f\xdf6\xf0\xf18\xff\x11\xee\xed\x9d\xc9f\
\x18\xc6'\x88\x1bt[\x90H@\xa3\x0b\xd98\xd4{\
\xe0\x00\xac-\xf0\xcf\x9eo\xe0\xf8=\x82\x9cMe\xd5\
c\xa0\x08sU\x93\x9d9\x9f\x9bM\x8b>|\x9c\x14\
\xd4}\x1b\x22\xd4\x1c\xcb$\x19\xf1\xdb\xcc67\xee\x87\
\x1d\x1c\x8a\xd3]iS\x09 \xdb\x97\x22Yk\xb2\xdc\
\xbbs\x1c\x93\xd8M\x9fb\xca\xe3F+\xc6t\xac\xcb\
\x5c\xe00atX2c\xd8]\x83}\x87\xc6\xf8\xea\
\x91\x8d{\x80\x1d;\xa0\xea\x9a\xe4L\x8f:\x16\x19<\
Z\xa6\x89\xe1Bi6\xfas\x02N\xb5\x92\xecw6\
\x1eeiu]HXx-\x9fx\xca\xdcx\xdc\xa7\
\x1d\x10\x18u\xfe\xe8\x8fg\x99\xed\xb3\xa8\xb7m\xfa\x83\
6\xab\xb1$\xb9f\x93V.M\xb2\xd6\xc2KZt\
\x89\x915|\x82vx\xcdF\xdca:\xed1S\xde\
x\xf0E\xba\x90\x22\xd7j\xb2\xd0\x01;\x9dd\xdc\xe8\
p\xb3\xbeq\xda+\x96I2\x1c6.\x99\x0cO?\
;\xce\xa3\x89\xb0Z\xba,G|N\xc0\xa9[\x1b\xf7\
\x00\x87\xcd\xc5\x93\xdf\xb9\xc0\xb7\xda\x89\xd0\xf1\xeb\xb3]\
\xda\x8eIi\xb9C\x0b0\x92\x09v\xc6\xba\xdc\xa8\xfa\
\x04\xb18\xd3Y\x9f[%\x17\x7f\xcbknr*\xea\
s\x02\xae\xd5I\x8d%C\xe7\xd8\xda{W\xf9\x9f\xae\
\x83\xb5e5\x1b\xe4\xfb\x93\x91z\x09X\x8c\x0e\x86\xcd\
\xc5\x04\x8f=<\xc9\x97&\xb7\xa7\x97\xfc\xfew\xaa\xe4\
B\xfb]\x8c\xb8\x0b\xad-\xab9\xc6\x8e]#|\xfd\
X\x9a\xd8V\xf5\x88n\x93\xb9N\x9c\xdc\x96\xd5l\xe3\
5!\xe9mm\x8f\x88\xd2?\x07G\x8a\xfc\xc6\xa7\x06\
\x18\x0b\xab\xa5T\xe1Z\xc4\xe7\x04D\xef\x11\x97y\xae\
k\x86\x8e_\xaa\xe7\x12\x8fE\xaby+\x98[\xf1/\
)\xf6\xa7\x18\x8cm\xa6\x0a+\xce\xae\xc18\xb1\x8d?\
0:\x9c {g\x92\xd9q\xc6r\x16\xd9b\x92>\
\xdb\xa4\xbf\xdf!c\xd8\x8c\x0c9d\xed\x18C\x19\x9b\
\xfe\x01\x87b:\xe0\xc6L\x9bn\xad\xc2\xa9\x9a\x85\xbb\
X\xe2Z`\xb3>\xb3\xc6U\x1ff\x17:\xac\xcf\x97\
\xb8\x1c\xf5-X\x86E\xa6Q\xe5\x5c\xdb\xe7\xea\xa5&\
n\xa2\xcb\xa9\x1b]\xb24y\xe1F\x97D\xab\xc1\xb5\
f\x877\xaf4qS\x09F\x92\x16\x83\xfdqRV\
\x8c\x89b\x8cX\xdca\xba/\x86\x93t\x18Ll\xfc\
\xb3\xfe\x885;\xd9\x14\xd3\x19\xe3\xfd\xbf\xc7\xf0p\x92\
\xbc\xb1q\xda+\xdf\x97b8\xfe\xfe_\x92L!A\
\xc1\x893U\xb01\x13\x0e\x93\x19\x13'\x9dd*c\
\x92\xc99d\x93\x09&\xb2qZsUV\xdd6\xaf\
\xccz\x14;5^-\x9b8\xe5u^)\x9bt\x16\
\x1a\xac7k\xbc\xbc\x1au\x92\x18\xa4\xed6\xa7\x97|\
\xea\xb3%fM\x93\xdb\x97k\xb4\xb2>\xe7\xde\xa9\xd1\
\x8cu\xb8Tr\x99\xb9\xb8\xce\x5c`1X\x8c\x93I\
'\x18O\x19\xa4r\x09\x06\x1d\x93|1\xc9\x90c\xd1\
\x9f\xb7\xc9\xe6\x12\x8c\x15#\xd6\x1cw\xd8\xd3go\xbe\
9\xcb SL3\x9e\xd8\xf8\x93\x9dI\xb23k\xbc\
\xffV-;\xe2\xb8\x14b\x11j\xb9\xd4\xa0\x15u\xab\
+A\xa4\xb9\xf8n\x95\x08\xe3\xe70\x99\x8d3>\xec\
\x90\xbes6<\x95dO~\xa3\xd3\x18\xb6\xc3\x9e\x81\
\x0f~\x8dni\xcd\x17\xab\xacG\x9d\x111;\xd2\x1c\
{i\xde\xdd\xe2\x9a\x8d\xe8\xbd\xc4\x880\x17\xf3\x09\x86\
2\xdb\xd7K\xdaQ\xfa]\xbf\xc3\xe8\xc0\x16\xd6\x9cK\
0\x98\x8a\xd1\xde\xd2\x1ea\x92lnm\xcd\xc5\xecV\
\xf7\x08#\xd2\x5c\x9c\xc8\xc6\xc8E\x19\xbf\xab\x1b\xb7\xe7\
mi\x8f\xa8\x99\xd1\xc6/\x13\xbd/\xfe\xccl\x07\xac\
\xaf5Y\x0d6Ng\xad_\xadpv\xa5Gv\xdf\
\x04\x9fu\xd6\xf9\xe1\xb56\xf5\xcd\xed\x80\x13;\xe0B\
#\xcf\xb1V\x05\xfb\x8112\x97\x9b\x1c\xfal\x81\x85\
W\xda<\xf0T\x8aj/E\xe1\xf6\x0a'\x97L\x8e\
\x1c0yo%\xc9\xc1\xe6\x22\xaf8\xfd\x14\xaf\xcf1\
;1D\xe6\xf2\x0a\xad<\xccZy&\x83\x88\xa7\xf0\
J\xab\xfc\xd9Z\x86\x03\xeb\x15\xdc\x9d1N\x9fls\
pg\x8f\xbf8o\xf1\xb9\xa96\x7f5\x1fc\xb8\xd6\
erw\x8e\xdd^\x95\xebC\xfd\xc4\xaf\xf7x\xfc\xc9\
\x14\xe7f\x1c~\xf3h\xc0\xdf\xcc\xa6\xf8\xad]\x1e\xab\
}I\xe6\xdf[\xe7\xeaj\x84\x9a\x9f\xce\xb1tv\x8d\
s\x8d\xcd\xd3^\xab\xeb\xbc}\xbbMm\xf3\xb4\xd7k\
\x17\xaa,\xf66N{\x1d\xee/\xb2\xafQ\xa7\xb0\xcf\
\xe1l)\xcb\xef\xedl\xf3\xbc9\xcc\xaf\xa7\xcb\xbc\x94\
\x18\xe3\xd3~\x87\x91\x09\x8f\xef\x9e\xad\x92\xde\xd3Gg\
\xa6\xcb\xa1\xc1\x16\x7f2\x9b\xe0IV\xf9v\xa7\xc8\xe3\
\xbd\x15N\xc6\x13\xac\xaf\xd8\x1c\xcf\x05\x91\xb7\x03\xfe\xfa\
\x0d\x97C\xf9\x06\xef%\x0b\xd8\xe7\x97i\xefKq\xe5\
\x85*\x13\x8f&y\xefd\x9b\x01\xa7C{2\xc3p\
!A}\x1e\x8e\x8f\xb4\xb8\x98\x9f\xe4\x19w\x8d\xca\x81\
)\xf6\xce-\xd1>4J\xa1n\xb1\xd7,\xf3\xdc\xb5\
\x067#\xd4<1\xb7\xc2\x8b\xcb\xde\xfb\xa7\xbd^\xbf\
\xd9`\xbe\xb7q\xdak\xf9B\x89\xf3\xb5\xcd\xed\x80\xd1\
\x04\x8f\x16Z\xdc\x1a\x0e\x1b\x972\x17\xbb)\x9e,\x84\
\xd7\x92s\xa2m\x07\xbc\xfb\xfa*\xb1\xe9\xf0\xb9\xb87\
\x97f`=|\xfc\xbe\x7f\xa1\xce\xecr\x87\xce\x9dS\
\xe3\xd7\xab\x5c\xadn\x9e\x1a\x9f_\xe5\x95e\x17cs\
;\xe0\x81d\x83\x9b[Vs\x1a;\xea\xc3\x82\xae\xcc\
q&\x9f\xa7\x1d2\xc7\x1e\xdd\x99\xc3^\xa8nY\xcd\
\xbf\xbd\xcf\xe7\x85s\x15\x96C\xd7U\x81\xa9\xc9\x1c\xfe\
B\xf8\x5c\xfc\xdeu8\xbc\x1d\xbdd*\xc9\xf0\x08\x5c\
\x8a\xd0\xef^\x99\x8b\xd2K\xa2\xd7\xfc\xfcL\x8b\xcc\x96\
\xf6\x88:\xdf\xbb\x19g|\xcbj^\xe5\xed\xd5\x16\xb7\
\xb6\xb0G|\xe5@\x91\xd1r\x84\xf5w\xae\xcaj\xa1\
\x9fCa\xb5L\xdat\x22n\x07D\xeb\x11\x05\x8eM\
\xc6\x98\xbf\x19>~?\x9cmq\xad\x1c^\xf3\xcf\xd4\
v\xc0\xfb\x89\xc22\xf0\xbd\xe0\x83\x0b\xb9\x08\xf0\x82\xbf\
\xe3\xb3\x9f\x9c\xabx\xea\x0b\xf7\xf0\xf5i\x13\xcf7\x88\
\xe3\xd35Ml\xcf\xc7\xb3L,\xcf'\xb0\x0c\xfc\xc0\
\xe5\xf4\x15\x8f\x87\xa2\xbc\xf9k\xa1\xc2r\x7f\x8e!|\
\xb0\x0d\xdc\x1e\xc4l\xe8x\x90\xb4\xa1\xe5A\x1c\xf0\x97\
\xe6\xf8\xa7\xdf\x5c\xa1\xf4\x11\x8eH\xd4\x9aM\xd3\x00?\
\xd8L\x97\x06\x96\x19\xe0\xf9\x1f\x5c\x10\xf8\xc1g?\xf9\
W\xfb\xc4\x03{\xf9\xe7\x8f\xa4\xb1\xbd\x00\xdb\x0ahy\
&I\xd3\xa7\x8dI\x02\x9f\xaea`\xf8\xb0|\xb5B\
&\xd2[\x04k\x9c\xf5\xd3\xdc\xeb\x04\xf4\xd8<\xbe\xb6\
\x89\xdf\xf5\xb1\x1d\x13\xb7\xbb\xf9\xd8\xd9\xa0\xc2\xbf\xfc\x83\
\x1b\x9c\xf4>\xc2i\xa6\x885\x1b\xa6\x81\x19|\xe8\xb8\
\x99\x06\xbe\xbfq\xdc~\xfc\xb3\x9f<\x18y\xbe\xf1\xb5\
\x9d<\x11ZK\x8b\x193\x1di;\xe0\xcc\x82\xc9\xbd\
#\xe1s\xf1\xc5o\x9f\xe3\x8fn\x7f\x84\x89c\x18\xd8\
F\x80\xeb\xdf\xb9\x1el\xe3x\x04\x7f\xc7g[Ss\
\x8d\x97\x97\xa2\xbdEpf\xa6\xc5\xe0d2t\x8e-\
\xbd}\x89\xdf\x7f\xbd\x85\xf7S\xa8Y\xbd\xe4\xffo\xcd\
?\x85\x1e\xd1m\xb1F\x82\xfcO\xa1\xe6\x8f\xbbGX\
c\xe3\xfc\x8b/\x0f1\x12V\xcbr\x99s#Q\xde\
\x22\xf8\xd3\xeb\x11[\xd6\x17?\xce\x10\xf0q3,\x93\
\xb8I\xe8\xa9\x91\xc0\x0f\xe8x\x01w\x15\xc3\xc0\xb1\xc3\
O\x1b\x05\x04\xf4z\x01\xfe\xddup\x88\xc5\x8c\xd0\x86\
\x0f\xe0\xba>\xee'd\xeaX\x96I,\xc2\x06\xa0\xef\
\xf9t\xfd\xbbl\xb9\xdc\x8d\xbdD=B=\x82-\xba\
Ep\xbb\x04\x9eO\xc7C\xfe\xce\x83\x13\xd0\xe9\x05:\
\x0e\x7fO[\xeb\xf5\x02zwY\xd5\x9e\xe7\xe3i\xbd\
\xa8\x97\xa8G\xa8G|\xf8l\x8c\x06[DD\xe4\xee\
\xf4s}&\xa08=\xc2?\x98\x0e\xbf\x98\xc7[-\
\xf1\xe7\xef5\xde\x7f\xfe\xf6\xdd\xc0,\x14\xf9\xd5\xfb2\
\xef_\x91\xfd\xf7\xe6\xdd^\x83\xe7^-q\xfbn\xfa\
A`\xa6x\xea\xf1~vF\xb9\xe8\xe7\xed\x05\xde\xaa\
\xdd]M!\xea\xba\x8a\x05\x06\xae\x11\xbeO\xed7{\
t\x931\x12as\xd1\xedQ1c\x14\x22<\xaf\xbd\
\xd42\xe9KE\xb8F:00B\xff\x8e\x01\xcbW\
\x17\xf9\xeb-|G\xfb]\xd9K\xb6|\xfc\x02ju\
\x9fL\xc6\x0a\xdd\xb2\xd8\xf2\xb9x\x17\xf5\xc5\x9f\xd1\x10\
`\x90t\x0cz\x1fz?s\xccs\xf1l\x1b\xcb\xf5\
6.\xb4\xc0bp\xa4\xc8g\x8eD\xb8\x98\xe7F\x83\
\xbf\xbc\xd8\xc6\x0e|\x82\x98I\xef\xc7\xde!\xdd\xf46\
\xde!mZ\xd0\xec\xf8?\xf3\x8d \x16\xb70\xbd\x80\
\x98\x05\x0d\xcf m\xfa\xb4>\xfc\xaep\x1fR\x85,\
O\x1e\x19\x88pa\xa0\xc9\x997\xd6)\x1b\x01\xdd\x0f\
\xbd\x8f\xdek\xfb\xc4\x92\xe6\x07\xef\xa3\xb7\x0c\xbc\xb6\xf7\
\xb3\x7fz\xcc4I\xdb!\xb5\xc4\x13\xdc\x7fx\x90\x87\
C/\xfa\xe9\xd0\xb9\xb8\xc4\xb9.!s\xd1\xc4\xf2\x5c\
Z?\xf3\xa7\x93\xb7v]\xb9\xe5.f1\x1e\x1a\x16\
z\x0b5\xea#Y\x8aQ\x1ea\x1d\xcbr \xd2\xa3\
Zc\x1c\x19\x0e\xff\x8f\xc8\xf2:\x0c\x15\xc2\xbfw\xb9\
\xba\xc2\xf7\x97\x03\x8c\x90u\x157|\xea\x9f\xa0S\xe8\
\x86m\x91\x0c\xe9\x8b\xf1b\xd4^\xb2\xf5\xe3w\xf3V\
\x87\x89\xa9\xc46\xcc\xc5OX_\xfci\x87\x80cO\
\xec \xff\xceM~X\x05#U\xe4\x1f?\x02\x7f\xf1\
|\x99u3\xc5\x97\x9f\xcdq\xf1\xb9E.\xfb`\x16\
\x06\xf8G\xbb\xda\x9cM\x0e\xd0wa\x11\xe3\xc1>\x16\
~X\xe3\xe0\x17\xb3\x5cx\xbe\xcd\xeeI\x8f\xe6X\x86\
\xfay\x97G\x1fO1\xb3\xecp\x9cU^\xcf\x0c\xb3\
ga\x91\xe5\xddc\x0c]_\xa63\x9e\xa0\x16\xa4\xc9\
4\x22.F3\xce\x83\x8f\xed\xe1\x17\xfc*\xed]i\
\xae\x9d\xear\xfcP\xc0\xf7\xae\xc6\xf9\xca\xde\x1e\xdf\x9c\
s8fu)\xe4\x9b\xfc\xabs\x0e\x0fw\xd7\xe9\x1e\
H\xf3\xde+]>\xf5@\xc07/8|\xfd\xde.\
\x7fv\xd3\xe1x\xd0eh\x07\x5c\xf6\xb3\xc4\x22\xd4\xdc\
\x7f`\x8a/\xf5\xe6\xf87\xd7<\x02#\xc1g>\xd3\
\xcf\xf2\xdf\xceq\xc658tb\x07\x13\x97n\xf2\xdd\
\xd2\xc6\xa33\x0f\x9f\x18'{\xb3\xc3\x03\xd3m\xfe\xe8\
v\x96\xff<W\xe2\x9b\xfe0\xbfl.\xf1|\xa2@\
b\xcd\xe4\xb1\xc16+\x13C\xe4\xe6;\xdc;\xd9\xe5\
/\xe7\xd3\xfcrf\x9d\xef\x06\x83|\xceX\xe1\xd5D\
\x9eL\xd5`\xaf\x1duZ\x9a\x8c\xde;\xc5W\xa6:\
\x9c\x8f\xf7\xd1\x7f}\x85\xe0p\x81\xe5\xd7\xea\xec\xfbt\
\x86\xab\xaf\xb6\xd95\x1e\xd0\x1c\xb4y\xe5\xcf\x97\x18<\
\x91\xe2\xcaR\x92G\xfdE^\xcc\x8ds\xef\xed9\x16\
\x0fL1zi\x81\xd6\xa4\xc3j\x90g\x9f\x19\x90X\
\xbb\x1dZ\xb3\xd9?\xc4\x7f\xbd\xb7\xc9\xbf:Y\xc7\xc3\
`\xcf\xf1i\x8e\xcc\xce\xf0W\x8b\x01\xd9=\x93\xfc\x9a\
\xb5\xc8\x1f^\xdax~v~\xef\x04\xbf\x18:.\x06\
o\x95\xb2\xfc\xfatX-)\x0a\x11\x8fNr`\x88\
\xdf}*\x19:\x17\x83\xb7.\xf2\xe6\xe4X\xe8\xf8=\
\x92i\xb12\x16\xe3\xcd\xe7\x96\x99\xf1!\xb6c\x9c\xdf\
\xc9\xaf\xf1\xbf\xbd\xdb\x86\xfc\x00\xbfs\xb8\xcb\x1f\xbe\x5c\
\xa5cf\xf8\x95gS\xbc\x15\xf6=\xb6q]}\x92\
~\xed&\xd3\xfc\xd2\x17\xc3\xd7\xd5\x9e\xe6,\xffc\xa9\
\x9fg\xb7\xb0GD\xb5\xd5\xbd\xe4\x91B\x833\xb9\x11\
\x9e\x0d\xe9\x8b\xc5a\xe7.\xdc7\xde\xbe\xbe\xf8q\xdb\
\x92\xe7\x04,\xdc\xaa0\xd3u8\xba?Ak\xa9\xca\
k7\xda\x98C\x05\xee\xb1\xea\xbcx\xae\xce\x1a\x0eG\
\xf7\xe7\xd8\x99\xee\xf0\xfa\x92Mz\xb1\xc4\xca`\x9a\xf5\
\xb3U\x92\xfbb\x9c{\xb9Fv\x07\x5c+\x19\xac_\
*\xd3\x18\xe9\xe3\x91\xc98f`3\xe4\xf8t\x93I\
\x06\x02\x17\xab\x90\xa6\xe0\xba\xc4\xb31,\xdb\xc6k\x05\
\xd1\xee\xed\xad5Y\x88\xa5\xd8\x11\x0f\x88\xe5\xe3\xd02\
\x18\xee\xb7h\xb86;\x0b\x06U\xcff8n\x92\x8a\
\x05\x94f\x969e\xc6Y:\xdfdp\x07\x9c\xbc\x14\
p\xa4\xbf\xc5\xb7\xaf\xc0!\xa7\xc5\xd5 \xe0\x9d\xb3\x15\
.\xdd\x8cP\xf3\xbe\x04k\x97Vy\xbdl0\xb5;\
O\xb1^\xe7\xd4\xe5\x1aK\x894\x0f\x0d\x06\x9c\xb9P\
\xe2j\xcbdjw\x9e\xf1t\x92\xd8\xc2:\x8d\x8c\xc7\
K\xb36\x8f$j|\xb7\x96\xe6@{\x8d\xe7\x9ai\
\x86\xd7\x1a\xb8v\x93\x97\xabI\x1e\xdb\x9d\xa5\x10@_\
\xce\xa4\x1a\xc4\xd9\x99\xf2i\xc4\x93L\xc5=\xda\x09\x87\
\x0c&i\xcf\xc5\x89t\x0fp\x87\x9bM\x9b\xe9\xa2\x89\
\x17w(x\x1e\x89~\x87X\x13\x06F\x1d\xfc\x06\x14\
\xb2\x16\xf1\x14\x94\xab]\xce^\xedP\xa0\xca\x1b^\x8e\
\xb1\xb5\x15\xae\xe5\xf2\x98W\x17\xb9YLQYp\xb1\
\xd7W\xf9\xdb\xab\xeb\x9c\x89Ps~y\x8d\xef\xdf\xea\
\x92\x19)r(\xd6\xe6\xdc\xb52\x17\x1aq\x0e\xedv\
X\xbf\xb6\xc6\xc95\x9f\xecH\x91\x83\xb9\x18cn\x95\
\xb3a\xe3r\xae\xc3\xd8\xfe\x22GCk1!\x16\xe5\
9\x01\x1esk>\x03C\x11\xe6b\xdde\xfez9\
t\xfc\xfe\xe6J\x9ds\xd7\x1aT\xd2Y\x1e\x1f\x86\x9b\
\xb7\xd6y}\xc9cl:O~\xad\xcc\x0ff:\xf8\
\x99,\x8f\x0dv\xf9\xfe\xe9j\xf8\xf7\x86\xe3\xf4\x17z\
\x9c\xda\x8eu\xd5\xf60\x92\xe1\xa7j\xfdz\x97n\xc6\
\x89\xf8Zk\x87\x81\x88\xafo\x1d\xce\x84o\x074\xda\
\x90N\x84\x7f\xaf\xbc\xd6\x86b:t]\xa5\xdc.\xeb\
\xcbe\xde\xdd\xc2\x1e\xd1\x5c\xeb\x11\xe5YE\xad\xd5J\
\xa4u\x15\xb5\x97|w\xc1\xe6\xf8\xfe\x02\xbbB\xfab\
:n`\xa7\xe3\xa1\xa7\xd0\x7f\x1a\xe3W\xa9x\xe4\xf2\
\xf66\xcc\xc5\xed\xeb\x8b\x85z\x9b\xca\xc7x+\xc6\x16\
n\x07\xf8T\x1b\xde\xfb\xb7Jx\x9d\x1e\xb5\xf7\xef\x9b\
\xf0\xa96\x5c|\xc3\xc7\xedy4]\x9fv\xdb\x03?\
\xc0lz\xf4\x08h\xb6|\xba\xbd\x00\xdf7\x18\xcc\xc7\
\xc9\xc5m\xc8X$I0\x1c3\xc9\x16\x12\xd8q\x83\
T\xde\xc1KX$\x80\xf9\xc8\xa1\xcef$c\x92\x0e\
\xe2x\xb6\x8d\xd7g\x90p`\x22o\x12\x8b\x9b\x8ce\
-\xb2\x86I\xbc\xd7\xa4\xde\x0d\xe8\x9a\x1e\xa6\xefSo\
y\xf4<\xa8\xb6}<\xcf\xa3\xd6\xf5\xe9\xc0\x87n\x07\
\x09\xab\xd9\xc3\xdd\xfcS\xbb\xe9b\xdc\x19X\xcfc\xfd\
C\xef\x83n7{\x18\x9eI\xcf\x0dp;>\x9e\xe7\
R\xe9\x06x=\x97\x1a\x01.\x1e\x0d\xd7\xc7\xed\xfa\xd8\
\xb9\x04\x03\x8eI\x22g\xe38&\x939\x0b'\xe60\
\x16\x98\xc4\x8d\x04C\x96\xbd\xf1\xe2\x8c\xa8O@\xc3 \
_\x88\x91J\x98\x0cX&\xc9B\x82\xc0\xb6\x89\x0f\xc4\
I\x19\x16C\xc5\x18\xd9t\x80kuq\xdb.]\xdf\
\xa7\xd1\xf3\xe9\x19.u7\xa0\xdbqiz\x01\xdd\xb6\
\x87\xef\xfa\xff\xc9\x22\x0c\xab\xf9\xce\xbe\x8b\xdb\xe9Q\xe9\
}pL\xebM\xef\xfd{\xcf\xddN\x8f\xaa\x15\xe0\x9a\
\x01]/l\x5c,\x06\x22\xd5\x12\x10u\x9b?\x9eq\
\x22\xcd\xc5\x8a\xeb\xd2\x880~\xef\x1f\x01\xcf\xa5\xd4\xfe\
`\xa5\xb7[.f\xf0\xc1g\xe5;\x9f\x85~\x0f<\
\xd8\x9eu\xf5I\xfa\xdd\x17w\x22\xad+\xd6}j\xbd\
(s\xf1\xa3\xf7\x88\xa8\xb6\xaa\x97\x10\x8b1\x1a\xa5/\
\x06\xee]8#\xb6\xbf/\xfe\x5c\x9d\x098\xf6\xc4\x0e\
\x0e\x94K\x9c^qqSE\xfe\x8b'\x92\x5c\xb9X\
e\xd1K\xf1\xe5\xcf\xf4\x13\x5c\xafr\xb5\xd2e\xc5,\
\xf0k\xbb\x5c\xaa\x93\xa3L\xcdU\x18|\xac\x9f\xf6\x99\
.\x8f|\xb9\x8f\xf5\x8bp\xdf\xb8A\xdf\x91\x01\xf6\x16\
\xe2\xcc\xbe\xd7 o\x95\xf9N\xb3\xc0\xf4\xfc\x1c\xa7\xf3\
}\x18gnra \xc7\xda\xb56\xee\xca\x22\xcf\xbb\
9\x1e\x1f\x8f\xf0\x8b\xa5\xe1bV\xd7x\xdeK\xb0\xf0\
V\x85\xc1}\xf0\x9d7]\x1e\x1en\xf0\xbf\xbf\x1dp\
\x22U\xe3d\xdb\xe7\xb5\x17\x178\xdf?\xca3\xb4\x19\
?\x9eg\xe1\x22|\xfe\xb8\xcd\xab\x8bi~\xe7\x98\xc1\
\xab\xf5\x0c\x0f\xc5L\x1e:\x9a\x22=9\xc4\xee\xb0\x9a\
\xab.\xb9\x03S\xfc\xc3|\x8dWou\xa8\x07\x09>\
\xf3\x8b\xc3d\xaf\x959\xd7\x088tb\x9ac\xcdu\
\xdeY\xe9Ri\xf4\x98xp\x8c\xfe\x8a\xc5\x97\xf6\xfb\
|\xb7Q\xe4k\x03u\xdeJ\x8f\xf1\xd5\x5c\x85\x1b\xc3\
E\xd2\xbd,\xbfro\x16\xef\xfa2\xcb9\x9f\xef\x5c\
0y:U\xe6\xff\x5c\xc9\xf0@}\x9e?\xabf\x99\
Z*S6\xea\xfc\xe9U\x8b\xc7\xf6\xa6\x22$\xde\x1e\
m\xa3\xc5\xf7\xaf\xd9\x14\xe6\x16\xb8>\x92c\xe5\xd5U\
\x9c#q^\xfbv\x89\xdc\x018=\xeb\xb3zf\x8e\
\xef\xcc\x9a|\xeaD\x8aR\xd0\xc7g\x9d2\xd7G'\
\xb8\xbf\x5c\xc2?:\xcd=\xabU\x8a;\x1d\xfc\xfea\
\x9e\x9a\xcc\xf3@\x22\xbc\xe6Vq\x88\xdf\xbd\xcf\xe0\xe4\
\xd5:k]\x83=\xc7w\xf2\xa4W\xe6\xb5E\x97\xe4\
\x9eI~k\xb0\xc5\x1b\xb7\xdb\x94\x9a=:\xe3\xe3<\
\x1b:.9\xc6\xfb{\xbc\x10V\xcb\xbb\x15\xec=y\
\xc6C\x7f\xb1\xf8\x94|\x9f\xf3\xef\x84\xcd\xc5\x05\xfe\xed\
\xb9:}\xf7\x87\x8f\xdf/O\xd9\xec8\x9a\xa3q\xb9\
\xc2\x95\x86Ol\xc78\xbf\xbb\xa3\xcb\x8b\xd7[\xb4r\
\x03\xfc\x93\xe36\xef\x5co\xb0\xd8N\xf1+\x9f)\xd0\
\x0c\xfb^\xd3\xa5\xbc]\xeb\xea\x13t&\xa0\xda4\xa8\
_\x0b_W\xff\xe6\xb52KCc\x11\xe6b\xf4\x1e\
\x11u\xe3\xae\x7f\x8b{\xc9/\xedI2\xe9\x97\xf9a\
H_|\xfd\xa2\xc7\xbd\xbbR\xdb2~\xdbw&`\
\xfb\xfab\xe3c~ \xc3\x16>,\xc8$\x9f1i\
\xd67&\xb5\x15\x8f\x91\x09\xee\xfc\xc23\xc9g,\x02\
\xd7\xa3\xe9\x1a\xc4\x02\x1f?fA\xd7\xc7v\x8c\x8d\x97\
\x9c$\x0c\x5c\x0f\x0c\xcf\xe0\xc0C;\xf9\xda\xa1\x18\xb5\
\xa6\xc50-\x16bi\x8a\x8d:\xcdB\x96\xd4z\x13\
7m\xd1\xc1dq\xde\xe7\xe1(O\xf9\x9a[\xe3\xcd\
X\x8e\xfdA\x17\xb7`S^\xf4\x19\x1d\x0c\xb8Q\xb6\
8\xd0\xe7q\xb9j1d\xf88\xdd5\xfe\xfb\xbf^\
a101\xdc\x80\x98c\xd0\xe9B\xd2\x0eh\xb8\x06\
i+\xa0\x8b\x81\xdb\xbd\xf3K5\xacf\x93F\xdd\xc5\
\xc5 \x99\xb61Z=\x9a>`\xd9\x14c\xfe\xe6\xaf\
\xbd\x8d\xcf,7\xc0w=\x02\xdb\xa0\xbb\xf9\xff\xd5\x08\
LRx4\xb1H\x04>\x81\x19\x90\xde1\xce\xef=\
^$Q\xf7\xe8\xcfz\x5c\xae\xc7\xd8\x17\xefp#H\
\xb2\xcbh1g9\xd8\x1d\xb0\xd6\x1ad#=1\xb0\
\xc2\x0bK\x0e\xf7\x17<V\xcd\x04\xc9J\x13\x06\x1d\x9a\
s=\xfav\xc4)\xcf\xb9d3\x01^\xb2\xc3_\xfe\
_\xb7x\xb3\x13`\x9b\x1b/\xabq|\x0f\xd7\xb20\
]\x0f\xcf\xb60\xbc\x00\x13\x8f\x96\xcb\xfbu\xfd\xa4\x9a\
\xef|f'bd\xbc\x1e\xeb\x9b\xc7-\x976h4\
6\x8e\xb1\x9d\x88\x91\x0e|\xbc\xc0\xa7C\xc8\xb8\xb8\x09\
>\xff\xc5\x1d|\xb1\x18VK@=\x1e\xe5\x89\x81\x1d\
N^\xe8\xb2cg\xf8\x5c\xbc\xfa\xa3K\xfc\xf9l\xf8\
\xf85\xbb\x9b\xcb\xcd\xb6\xe9\x8f\xf9\xac\xb56V|\x22\
\x15\xc3h\xf5h\x05?\xf6Y\xe8\xf7\x02ZA@w\
\x1b\xd6\xd5'\xe9\xc2\xc0\x1b\x17Kt\xc7s\xa1\xeb\xca\
\x9c\xb9\xc1\xff\xf0v\x93&[\xdd#\xa2\xffB\xdd\xaa\
^\xd2\xc9\xf6\xf3\x8dgG9\x18\xd6\x17\xf10\x063\
\x14\xee\xaa\x0b\x03\xb7\xbf/~|W?l\xdd\x955\
<r\xf8\x83\x83\x9b\x19\xed\xe3\xf8\x9d?\x98I\x1e9\
\xdc\xcf\xe7\x1e\xcc399\xc8/\x0c\xc59\xf6\xe00\
\xf7gS|\xfaS\x03\xec\x8e'y\xfa\xe1\x02\x07v\
\xf6s4\x1d\xd0\xac\xf7h\xf6\x5cJ\xad\x80n\xabK\
\xa9\xe3\xd3\xa8w\xa9\xf4\x02\x9a\x8d.\x8d\xaeK\xf5\xa3\
\xdc\xef\xe7{\x94Z>\xadf\x8f\xa6\xe7S\xae\xf5\xe8\
\xf4\x5cV\xea\x1en\xcfe\xb5\xe5\xd3l\xb9t\xed\x14\
\x9f\xd9\x9bd\xef\xc1A\x0ed2|\xfe\x91\x22\xe3}\
E~\xedX\x96|\xb1\xc8/\xdf\x93\xe1\xe0=\x05F\
\x8d\x885\x1f\xcal~f\xb2\xe7@?\xfb\x9c\xcd\x8f\
2Y\x9e\xd8q\xe7\x97\x96\xc9\x9e\x03}\xdc\xbfg\x98\
\xa7\x86\x93\x9c8\x92c`h\x80\x7ft(\xc5\xd0\xce\
\x11~iW\x9c\x81\x9d\xc3<;\x9e\xe1\x17\xeeI\xe1\
\xb7\xbb\xacw}j\x0d\x8f^\xcfe\xb9\xe9\xd3kw\
Ym\x07\xf4\xda=\xd6\xbb\x1e\x95\xd6G\xb9\xc3!\xa0\
^w\xe9tzTz>\x8dZ\x97\xba\xeb\xb3^\xed\
\xd1\x0a<\xd6k.\xad\xb6K\xd33\x9882\xc4\xc1\
\xfe<\x9f\xd9\x93`b\xdf\x18\x9f\x1b\x8fs\xef\xfdc\
<\xd1gs\xef\xd1!\xee\x1f+\xf2\xe4\xd8\x9d4\x1e\
^\xf3\x9e\xcd\x97\x84\xe4\xc7\x078q\xe7\xe7\x83\xe9\xf0\
\xc0\x81\x0cw\x1eq\x9f\x1f\x1f\xe0\xb1\xe9\x22\xff \xd2\
\xb8\xf8\xacG\xaa%\xfa\xd4\xe9\xb5\xa2\xcd\xc5\xc4H\xb4\
\xf1\xbb\xd3\xcc\xcc\x5c\x8egv:\x9b\x7f6\x99\xde[\
dg\xec\x83\xcf>=\x1d\xc7\x8a\xf2\xbd\x9dy>\xfd\
\xc06\xad\xabO\x90\xc0\xedEZW$s|\xe9\xa7\
\xd2#\xa2\xb7\xec\xad\xea%\xa6\xeb\xb2\x16\xa1/\xf6\xee\
\xce\x19\xb1\xed}\xf1\xe7j;`\xcf\xc1!&\xea\xeb\
\xbcz\xa3M\xd3\xc9\xf0\x8b\x87\xe2\xcc\x5c*s\xa9\xe9\
\xf0\xf0\xb1\x1c,T9=[\xe7\xfcZ\x9c\x07\xb2\x0d\
\xae\xa7\xf3\x98WJ\xb8\xbb\x93\xcc\xbc\xd6`\xfcx\x92\
+\xa7;\xf49\x1d\xba\xe3y\x0e\xef\xcaR\xbb\xdaa\
,Q\xe5G^\x1f\xf7\xac-rip\x88\xd4\x85Y\
f\xc6\x8a4ow\x89W\x96\xf8Q7\xcb\xa3c\x11\
N[6=2\x9d\x0ao\xd8)\xd6\xdf\xa91u\xc8\
\xe2\x85w\x03\x9e\x9cl\xf3'\xe7M\x9e\xce7y\xd7\
78\xfd\xca\x1c\xdf\xebd\x99\xae\xd4\xb0\xa7c\xbc{\
\xba\xcb=S.\xdf\xb9n\xf1\xccx\x97\xef.\xd9\x0c\
\xd6{LL;\xa4\x06\x0b\x8c\x84\xd5|\xbb\x8d51\
\xc4\xa7\xd2MN^\xae\xb1\xe8\xc58v\xacHb\xb6\
\xc4\xc9\x15\x9f\xa9{\x86\xd9\xdd\xa9\xf1\xceL\x83[+\
uz\xe3yZs\x1eG\xfa\x9b\xfc\xfb\xc5$\x8f\x99\
%~\xd0+\xf0\x88W\xe2t\xdc\xa1\xbc\x16\xe3\xe9C\
\x83\x0c/\xadQ\x1f\x80\x17\xae\xdb|\xb1X\xe5\xff\xa9\
\xe6y\xbc\xbb\xc87\xdb\x05\xf6\x95\xaa\xf4\x9c&\xff\xee\
\x9a\xc9\xc3{\xa2m\x07\xf8\xc9\x1e\xaf\xde\x8e3\xba\xb2\
\xcc\xe2T\x91\xfa\xa92\xc5\x07\x93\x9c\xf9^\x85\x91\xc3\
&\x17\x97\x0d\xea\xe7\x17\xf8\x7f\xdfm24mr\xa9\
\x9ab\x7fs\x85\xb7\x13E\xfan-\xb186Hv\
\xa6D'\x170o\xe792\x94fO,\xbc\xe6\xe5\
d\x9e/\xef29{\xa5\xcc\xe5:\x8c\xed\x1d\xe6\xb0\
_\xe1\xa5\xebm\x8c\xd1A\x9e)ty\xeff\x95+\
kM\xae\xc5\xf2\xec\x0a\x1b\x97\x9d9\xee\xdfcp*\
\xac\x96\x8bU\xcc\x9d9\xc6\x22l\x07T,\x93[\x97\
\xda!sq\x91\x7f\xf7\xf6\x1a\xa5\x91\xf0\xf1;1h\
1\xbc+E\xfbF\x99\xd7W\x5c\xcc\xa1~\xbe4\xd4\
\xe3\xd5\x8b5V\x139\xbe\xb8\xcf\xe2\xfa\xad*g\xd7\
l\x1e;\x96\x09\xff\xdeJ\x8b+\xa5mZW\x9f\xa4\
\xed\x80\xb6\x0d\xb7\xc3\xd7\xd5\xff\xfd\xda2o\xf8\xb9\xf0\
\xb9\xf8\x11zD3b\xdf\xcdnq/yt:\xc7\
\x89T-\xb4/\x9e\xb9\xec\xb2\x7f\xe7\xdd\xb7\x1d\xb0]\
}q\xe9c\xbe\x04cK\xb6\x03\xd29\x07\xbb\xd1\xa1\
\xe2m\x5c\x847\x9c\x85\xd5\x8a\x8b\x87I_\xc1\xa2\xb5\
\xde\xdbxu\xab\x1dc,\xe9S\xb3\xe2\xc4\x1b\x1d\xc8\
\xc5\xe8\x94\x5c2\x836\x8d\x92O2\x11\xe09\x0e\xf7\
?8\xcdWv\x98\xb8\x1f\xba\x9f\xd9v=\xfc\x98\x85\
\xd5\xdb8\xcd\xe5\x05\x1e\xe7>\xc2;\xc0o\xe52\x0c\
\xe1\xe3\xc7L\xdc\x1f\xbb\x1f\xb6\xe1n\xdc\x0f\xcb\xea\x02\
\xff\xed\x0f\xeaX~\x8f mQ[\x0f\xe8\xcb\xc1r\
\xc3`,\x13\xb0\xd02\xc8\x13\x10O\x18\xd4<\x03#\
B\xcdv\xd2\xa1/\xe8\xb2\xdc\xdexov\xa1`\xd3\
\xabti\x04\x90\xca:\xc4[\x1d\xd67\x07=SH\
`\xb5|rI\x9f\xb9\xb6\xc5\xb8\xddc9p\x182\
:\x94L\x1b\xb3g\xb2\xf7\xf0\x04_\xbf/\x85\xed\x06\
\xc4m\xa8{\x06\x19\xd3\xa7\xf9\xe1\xfb\x99\xbd\x80\xb5[\
\x11\xdf\x15\xde\xae\xf2v;\xc9>'\xa0\xf7\xa1\xfba\
\xddv@<i|p?,5\xfe\xf0\x8fg\xb9\x91\
3iv-\x0aA\x87\xb2\x9d \xddn\xd3M'\x88\
7\xba\xf8\x09\x93.6i\xc3\xc7\xefD\xa8\xd9\x8e1\
\x9a\xf4Y\xacy\x04@\x22\xe3\x90\xeetX\xeb\x81\x95\
p\x180\xba,\xb56\xa6\xa7\x95J0\x106.\xa9\
,\x9f\xfd\xc28'Bk\xe9\xb0\xe4d\x22\xbd@\xe8\
\xed\xd9\x8dw\x85\x87\xcd\xc5\xd7\xbes\x81\xbfj8!\
\xe3gP\xb0<\x9a\xb6A}}\xe3\x8ap\xc3\x893\
b\xb9,4}\xb0b\x8c\xa6}\x16\xab\x1e\x01\x16\xfd\
\x053\xc2\xf7\xb6o]}\x92\xb6\x03f\xae\xd7\xc9\x8c\
&\xb1B\xd6\xd5\xea\xd9\xab\xfc\xf3s\x01}[\xd8#\
\xa2\xda\xda^b\xd0?\xda\xcf?~r\x80\xd1\xb0\xbe\
X\xef\x10\x0c\xdfm\xdb\x01\xdb\xd8\x17?f[r&\
\xa0\xd7\xf1\xe8\x98Y\xbe\xf2L\x9e\xf5\xebu\x16\xda>\
\xc5}\x13|>Q\xe5\xed\x15\x0f\xd7\xca\xf2\x95g\x87\
xx\x87\xcd\xa2W\xe0\x84\xd9$\x7f|\x8c\xa1\xb9\x1e\
\xc7>\xdbO\xf3\xac\xcb\xa3Og\x09\xcc\x0cc\xeb\xeb\
\x5c\xac[L\x8f\x04\x9c_4\xc8W\xd7x\xc3Mb\
\xdc\x5c\xe6F*C\xef\xfa\x1a\xcb\xa6\xc7\xcdV\x8cx\
7\xe2\xeb?\xcbe\xbe\xbd\x12\xa3\xafT\xa5\x94\x85w\
\xdfm\x91\xcfu\xf8\xc1U\x9f=\x99\x16\xdf\xbf\x1d\x10\
\xab\xb41r\x09v\x18M\xd6&\x06\xe8_\x81\xa7\x9e\
\xca0\xbf\x92\xe2\xb7\xee\xb7x\xa3\x94\xe1k\xfbL\xda\
\xc3i\x9a7j,\xb5#\xd4\xfcL\x8e\xd5\xcb5\x96\
\x5c\x9b\x87?5\xce\x8e\xd5\x0aWj\x1e^\xdf \xbf\
\xb9/\xe0\xf4\xad6-\xdf\xe6\xe1O\x8dq\xb8\xaf\xc8\
A\xbf\xcd\xd8\xbd)\xe6Zy~o\xbf\xc7;\xc9\x11\
~\xa3X\xe7|~\x8c\xcf9\x1e\xd3;L\xde\xbc\xd1\
&7\x92\xa2:\xdb\x22\x1bo\xf2\x1fo\x9bLw\xca\
\xfcm5\xc1D\xa3\xc4\x1b]\x93\xd5%\x9f~\xd3\x8b\
\xfc*\xe1\x17\xde\xed2h79\xeb:\xb4\xae\xae\xb1\
V\xb0\xb9z\xaaJl\xca\xe4\xdc\x99&A\xd0f5\
a\xe1\xe4R\x04\x15\x9b\xc7&]\x96\x86&\xf9\xacU\
\xc3?\xb8\x83C\xebeb\xf7\x8d1\xee\xc58\x9cj\
\xf0\xd6b\x8fF\x84\x9a'\x97\xd6\xb9\xd8\x80\x91\x83;\
\xf8R\xaa\xc6\x99\x15\x97\x16i\xfe\xb3'\xb2\xac^\xaf\
\xb3\xdc3\x189\xb8\x83/\x8e$yt\xa8\xc7z\x94\
q1\x13\xec\x8f\x85\xd5\x12#\x1e\x8f\xf6*\xe1\x0bg\
\xcbt\xf2\xe1s1\x15O1\xda\x0e\x1f\xbf\xb7f\xda\
4\xda>\x0c\x0d\xf3O\xee\x81S\xb3m\xaa=\x83\xa3\
\x8f\x8e1\xb1\xb4\xce\xe5f\x8054\xcc7\xf6{\xbc\
r\xa3\x83\x1f\xf6\xbd\x03I\xf6\x1cH\xb0\xb6\x1d\xeb\xea\
\x13t&`uf\x89w\xadD\xe8\xba\x1a\x88[\xec\
Nw)oa\x8f(\xddhR\x8f\xb2\xab\xe9z\x91\
\xd6\xd5G\xe9%n.\xc3`H_43\x16\xce]\
w\x8b\xe06\xf6\xc5\x95*\xb7?\xc6=\x98-9\x13\
0\xb9\xbb\x8f\xc4\x5c\x89+m0\xe2)NL\xc3\xe9\
\xcbMZF\x9c\xc3\x07\x12,^\xac\xb2\x12\x80\x91\xcc\
pb\xb0\xc7\xedx\x86\xf4|\x15c:M\xe5R\x9b\
\xb1#\x09\x16.\xf6\x18,\xfat\x8ai\x0e\xed\x1bb\
b\xbd\xc3h\xb1\xcby\x0a\x1cn\x96\x98\x1d\xec\xa78\
\xbbBi\xa2\x8f\xf8J\x97L\xb0\xce\x0f[\x03\xfc\x97\
\xf7Gy\xfdg\x8d\x15\xbf\xc3e;M|\xb6\xcd\xd4\
\xc1\x18\xef]\x81\xc7\xa6\x5c\xbew\xd3\xe6\xd3\xc3].\
\x066\xab\xa7\xe7\xf8\x0f\xd5\x04{\xbd&\xee\x88\xc3\xfc\
U\x97};\xe0\xed\x05\x9b\xc7\xc7\x5cN\xae\xc5\x98\x0e\
\x5cr\xfd\xb0\xe49\x10\xa1\xe6\xf4p\x91C^\x85\xd7\
W}\xc0\xe6\xc0=ij\x97*\xcc\xf9\x06\xa3;\xfb\
(,\xadq\xa1\xb9q\xc1\xc8\xf8\xee\x02\x895\x97\x1d\
\xfd=^*'x,\xd9\xe0\xb4\x9f\xe3\x01\xb3\xca\x05\
;E\xacar\xfc\xe8\x08\x0f\x1auZCq\xae-\
\xc6xv\xb0\xc5\x0f\x9aY\x1e5\xca\xbc\x12\x149\xda\
\xad\xd3\xca\xfa<\x7f\xd1\xe0\x1f>\xd9\x1f\xe9)_\x17\
\xbb\x01\xb3K1v\xf5\xaaT&\x8a\x18Wj\xf4\xdd\
\x97b\xe6\xf5&SG\xe3\xcc/\x1b8\xcbK\xfc\xe9\
\x9b-\x86\xf7\xc4Y\xa9\xc6\xd9\xe5W\xb8\x92,0Z\
^\xa72\xd2Ga\xa9B\xb7hS\x0f\x92\x8cZ>\
T\xc3k6\xd2Y>5\xd8\xe5\xa5\x99\x0e>08\
\xd5\xcf\xe8\xfa\x1a\xefV\xc1\x19,\xf2\x80Q\xe5\xb5\xe5\
\x8d_\xbb\xc9\xa1\x22\x07\xc3\xc6e0\xc3C\x0fg\xa9\
,\x87\xd4\xb2\xda\xc0>6\xcc\xfdQ~\xb1,\xfb\xb4\
V\xc2\xe7\xe2\xbf}u\x95\xcap\xd8\xf8\x19\xecJt\
\xa9d-n^\xacQ\x0a\xc0*\xe6y\x22\xd9\xe4G\
\xf3=H\xa6yb\xcc\xe3\x95km<\xc3\xe1\xe8\x81\
8\xb7\xc2\xbe\xc7\xf6\xad\xabO\xd2\x99\x80\x9b\xb7\xdax\
\x8d\xf0u\xf5\xdc\x8b\xf3\x9c\x0a\xb2\xdc\xbb\x85=\x22\xaa\
\xad\xed%\x06{&\xf2|aw\xc0\xd5\x90\xbeX\xba\
\xe5\xf1\xe8C\xc5m\x19\xbf\xed;\x13\xb0}}\xf1\xe3\
\xb6%\xcf\x09h\xd4:t\xbd;!\xcfe\xb9\xca\xc6\
\xd5\xae\x81O\xb9\xd2\xa3\x1d|\x90\x14\xe7\xab>5\xab\
E\xc7\xf5a\xadC;pY\x5c\xeePs=\x82z\
\x80\xebw\xe8`\xb3k\xc2\x22\xe58\x1c\xc6\xa2\x90\xcb\
\x11OX\xc4'\x0b\x14S6\x96eb\x07y&o\
G\xff;\xc6\x0b\x19\x0e\x981\xcc\x9d\x16\xe9\xb8\xc1\xe1\
IH\xa4\xe2<8i\x90J\xc6\xd8\x1d\x98\x8cM8\
\xfc\xcd[m\x16}\x8f`\xadK\xd3\xf3\xb8]\x86^\
\xd7c\xa6\xe4\xd3i\xf9\xac\xe0S-C\xd3\x00#B\
\xcdn\xbb\xcb\xaa\x1f\xbc?\xa9+\xef\x7f\x16\xd0\xaaw\
0\xdc\x0f]\x88\xb2\xde\xa6\xdd\xf11\xd6=\xfcv\x87\
Y\xcf\xa7\x13\xb4\xb8e\xf8\xd4\xcd\x0ev\xd7d\xb1\x0b\
\x03\xd3Y\xbc\xa4In\xdc$\x9e\xb08\x9a\xb2\xc9\x90\
\xe3~l\xfa\xfc4n,\xe0H>\xfal2\xe2I\
\x0e\x0e\x9b\xe4\xfc\x1c\xc5\xa4\x0d\xd3\x19\xe2\xa6\x85\xb37\
C\xc61I\x0f\x80\x95J3\xf8V\x9d\x95r\x97z\
\xdbg.\x08h\xf6\xda\xact|Z\xe5\x16\xdd\x8e\x87\
W\x81.mL\x1b\xacN\x84\x9a\xdd\x1eK\xf5\x0f.\
bl7:\x94{w\x92}\x87\xe5\x0f=\x0b\xdcm\
F\x19\x17\x8f\x87\x9c\x08\xb5\xa4]\x96#\x1f\x9chs\
qOj\x95\x1f\x85\x8e\x9f\xc1\xac\xeb\xe1\xfa>w\x0e\
\x8f\xdf\xed\xb1x\xe7%\xad\xae\xcbR\xed\xce\xf1\xf0(\
Uz\x11\xbe\xb7\xbd\xeb\xea\x93\xc3``4|]\x1d\
\x1d\xb0x\xe3\xe6\xd6\xf6\x88\xa8\xb6\xb6\x97\x18\xdcn\x05\
\x91\xfa\xe2\xf8`\x0b\xe3n\x9c\x11\xdb\xd5\x17\x7f\x1e\xb7\
\x03Z\x8d\x1e\x0dc\xf3\xb4\xd7\xb5\x1a7\xeb\x1e\x85}\
\x13|>Q\xe1\xf5\xf9\x1e\xdd\xcd\xed\x80\x13\xd3\x16\xb7\
\xdd\x02'h\x90=>\xce\xd0\xed.\xc7>\xdbG\xed\
L\x8fG?\x9d\xc532\x8c\xad\x95x\xf9F\x8f\xf1\
I\x9f\x1f\xdd\xb0\x18[\x9e\xe5\xdbn\x0e\xf3\x9d\x19\xce\
\x14\x8bt\xdf\x9eg>\xd6\xe5\xddF\x8aa\x22\x9e\xb6\
\x5c[\xe6\x7f\xbd\x1egd~\x99\xc5A\x83\xe7\x9f\xab\
16\xdc\xe4_\xbf\xe1\xf3h\x7f\x8d?\xb8\x08\xceR\
\x9d\xd4D\x96\xbdf\x93\xe5\xf1A\x8a\x8b>O=\x95\
ev1\xc9\xd7\x1e0yu5\xc3\xd7\xf7\x194\x87\
\xd2\xd4\xafV\x99\xabG\xa8\xf9\x99\x1c+\x17*\xdc\xea\
\xdc9\x05\xb4\xce\x85R\x8f\xee\xe6)\xa0\xb7\xae7\xa9\
z\x9b\xa7\xf0\xfa\x8b\x1c\xf2\xda\x8c\xdc\x93\xe2V3\xcf\
\x7f\xb3\xd7\xe5Tb\x84\xaf\x16j\xbc\x9b\x1b\xe7s1\
\x97\xa9i\xf8\xd1\xe95\x9a\xa3Y\x96\xde\xab3\x9a\xaa\
\xf2?_\xb08\xd6\x9c\xe7\xff(e9T\x9e\xe3?\
\xf4lf\xae\xfb\x1c\xc8\x06\x11\xb7\x03\x1a\xfc\xfb\x1f4\
\x19\x8b\x97y\xc1\xcdP{c\x96\xf9\xf18o\xfe\xc7\
5RGm^z\xae\x86\xe5\xd5\xb9]H2PL\
\xe1\x97-\x1e\x9b\xec170\xc9\xe7\xac\x0a\xee\xa1\x1d\
\x1cZ+a\xdd7\xc6X/\xc6\xc1d\x8d\xd7nw\
(u\xc3k\x9eX,q\xa6\x12\xbc\xbf\x1dpj\xa1\
C\xd5\xdf\xd8\x0eX\xb9Z\xe5vgc\xab\xe0\x8b\xa3\
I\x1e\x1b\xecQ\x0a\x1b\x97+%\xdeX\xb59\xea\x84\
\xd4RLQHD\xdb\x0ex\xfb\xc5\x05\xd6\xfb\xbd\xd0\
\xb98\x91M3\xd6\x0e\x1b?\x83\x93\xd7Z\x94k\xee\
\x07\xa7\xf9o6Yio\x9e\xe6_,s\xb6\xeac\
nn\x07\xbcp\xb9\x85\x1b\xf6\xbd\x03)\xf6\xdc\xe3\xb0\
\xbc\x1d\xeb\xea\x13\xb4\x1d\xb0r\xf1&\xdf3S\xe1\xeb\
\xaa\xcfaO\xba\xc3\xda\x16\xf6\x88\xa8\xdb\x01^\xa7G\
\xb9\xbbU\xbd\xc4\xe0\xb5s\xeb\x5c\xb6rL\x84\xf4\xc5\
\xe4\x88C\xfa\xae\xdb\x0e\xd8\xbe\xbe\xf8s\xb9\x1d0!\
O\xc3\x1b\x00\x00\x10\x5cIDAT4\x9e#\xbeR\
\xe5v\x17\xb0\x1d\x0e\x8d\x1a\x5c\x99m\xd31lvM\
9\x94o5(\x07`$R\x1c.\xb8\xac\xc4\x92$\
V\x1b\x18\xa3I\xea7;\x0c\xeeuX\xbd\xe1R\xc8\
\xf9\xf4r)\xee?2\xc1c\x8eO&\xe1\xb1j$\
\x18\xea\xb5\xa8\xa6\x92$\xaaMZ\xd9\x04V\xd3'\x1e\
4xi!\xc1\x97\x0eG\xdb\x0eX\xcfX4\xcd8\
V\xd5%7`\xb2Z\x86\x89\x9c\xcf\xf5\xaa\xc9t\xca\
c50i\x5c\xb9\xcd\xffr>`\xd8k\xe3\x0d\xc4\
X\x9e\xf5\xd81\x0a\x17W,\x8e\x0ez\x9c\xad\xd8\x8c\
\xe1\x91\xce\xc3\xaa\x1b\x83\x085'\xfa\xb2\xec\xf2\xea\x9c\
\xaf\x04\x80\xc5\xd4\x8e$\xad\xd9:+>\xf4\x8f\xe6\xc8\
\x94\xab\xdclo\xfc\x12\x19\x9a\xc8\x12\xaf\xb8\x8c\xe6]\
\xce\xd4\x1c\xeesZ\x5c\x0c\xd2\xdcc4\xb8a%\xb0\
[&\xf7\x1f\x1b\xe7\xcb#\x01^\xda\xa2\x5c7\xd9\x99\
r\x99\xe9\xc5\x990\xda\xcc\x06\x09\x86\xbd.n<\xe0\
\x9dKm\x8e>\xd0\x17\xed\xa5\x1fA\x9cx\xcb\xa2\xe8\
whg\x13P\xea\x92\x1c\xb6\xa9\xcc\xbb\xe4\x86,\xea\
M\xb0\xea\xab\xfc\xebo\xad\xe1\x8f\xc7(5l&\x82\
\x06\xb7\x9c\x0c\x03\xd5\x1a\xf5\x81<\x99\xb5:n\xd6\xa2\
\x85C\xbf\xe9\xe3\xd7\xc3k6\x12)\xee+\xf6xg\
a\xe3\xfd\x00\x85\xe1<\x03\xb5\x0aW\x9b\x10+d\xd9\
o4x\xaf\xbc\xf1\xeb\xd7\xe9\xcb\xb1;l\x5c\x8aY\
\x9e~f\x90\xc1\xb0Z\x1a\x0d\xca#E\x0eF:m\
i\xd0o\x84\xcf\xc5o}\xff&\xa7\x13\x99\x90\xf13\
\x98p\x5c\xaa\x09\x83\xc5\x9bM\xaa\x80\x99\xcdp\xc4i\
\xf1\xce\xaa\x07\xf1$G\x06<\xde\x9b\xef\xe2\x191\xf6\
N\xc5X\x0a\xfb\x1e\xdb\xb7\xae>Y\xdb\x01\x1d\xb2)\
?t]\x9d~\xed:\x7f\xba\x9c`\xd7\x16\xf6\x88\xa8\
\xb6\xb6\x97\x18\xec\x98\xe8\xe3\xab\xc7\x93\xb4B\xfabs\
\xb1\xcd\xe0\x9e\xfc]\xb7\x1d\xb0]}\xf1\xe7r; \
\x16\xb7\x88\xdf9\xa8\x86I*~\xe7\x01\x04\x06\x09\xc7\
\xfcO\x06\xd06\xc147\xff\x99e```Y\x06\
\xa6\x01\x96i\xe0[\x06\x06.\xb3\x0b]\xc6\xfa:\x5c\
2b8\xcd\x1a\xb7\x06\x1d\xfa\x16\xaa\xac\xd91\x9c\x95\
.\x99\xa0\xce|/\x11\xf9\xef\xd8\xab4\xb8f\x1b8\
\xb7[L\x15b\x5cZ0\x18\x8c\xf7xw\xdefx\
\xb8\xc7\xcd\xc0fu\xa1C\xcfp\xb0\x8c\x8d\xbf\x9b\x89\
\x81m\x82a\x18\xc4,\x03\xc30\xb0\x00\xdb4\x88\xc5\
-\x8c\x085\x9b\xb6E\xca0\xd8x\x16\xa4A\xc2\xb1\
6\xef\xbb5\xb0\xe3\x16\xce\x87&\xa3i\x1a\x98\x86\x81\
m\x1a`\x18\x1b\x8f\xffe\xe3\x7fMk\xe33\x0b(\
/7h\x0d\xc5\xb9\xbad39\xd4\xe2|\xc3\xa2\xcf\
\xacs\xde\x8f\xe1t[\xb4\xb2\x1e\x17\xaa&G#\x1e\
\x9b\xa0\xdb\xe1\xf2j\x8c=\xbd\x1a\xeb\xf1\x18\xcc5\xe9\
\x1bL23\xd3d\xba\xe0p\xbbd\x90XjR\x0e\
\xa0h\x81a\x1a\xd8>\x18\xa6\x89el\xfc\xbdm\x03\
|\xcb\xc0\xc4$f\x19Xv\x84\x9aM\x93t\xcc\xe4\
\xce7\xad\x98Eb\xf3\xc0\x99\x96I\xca4\xde\xff\x0c\
\xc3\x884.D\xa9e\xa5Cl$\xea\xc1\xf1\x98]\
\xec\x84\xce\xc5\x9b\xad\x003\x15>~\xb6\xb19?6\
\x0b3,\x8bt\xcc\xf8\xe0x\xc4\x83\xf7OOG\xfb\
\xde\xf6\xae\xabO\x8e \xd2\xba:_\xf2#\xcf\xc5\xa8\
=\x22\xaa\xad\xee%\xb6\x01\xdd\x08}\xb1\xb4\xe63\xb8\
\xe7.\x9c\x11\xdb\xd5\x17\x7f\x1e\xb7\x03j\xebm\xcad\
\xf9\xd5O\xe7\xa8\x5c\xabr\xb1\xe4\x92\xdb7\xc1g\x9d\
\x0a/\xcdthZY~\xf5\xd3C<4\x01W[\
y\xee\xefV\x89\xdf?B\xf6Z\x8b\x83\xcf\x16Xy\
\xbd\xc3\xb1O\xa5h\xb8)\x8a\xf3k\x9c\xad\xc69~\
\xd0\xe6z5\xcd\x91\xde\x1a\xef\xa4\xfa\x19\x9e_fu\
r\x98\xbe\xd92\xf4\x19\xac%\xf2\x8c{Q\xef\x0e(\
\xf1\xedF\x8eC\x8d:\xb1\xdd\x09.\xbf\xd3\xe3\xf0.\
\x8f\xe7fb|nG\x8f\x1f\xac\xc5\x99\xe8x\xec\xdc\
\x95e\xda\xadqs\xa8\x8f\xc4-\x8f\xc7\x9eHqi\
\xd6\xe1\xabG\x02~0\x9f\xe2\xab\xbb|\xca}I\x96\
/T\x98)G\xa8\xf9\xe9\x1c\xcb\xe7J\x5cnZ<\
\xf4\xc4\x18Sk\xeb\xbc\xb3\xd8\xa1Y\x1c\xe0\xab{\x03\
^\xbf\x5cc\xd5\xb5y\xe8\x891\x0e\x15\x0b\xecm5\
(\xees\xb8\xb8\x9e\xe5\x1b;\xbb\xbcl\x0d\xf3\x95L\
\x85\x93\xc9\x11\x9e\x0e\xba\x8cNx\xbcp\xa5\xc5\xc8\x81\
>X\xf48:\xd2\xe1[\xcb)\x9e\x8a\x95\xf9\x91\xdf\
\xc7\x13\x94x/\x9d\xa4Uq8\x9e\xf5#\xdf\x1d\xf0\
\xb7\xe7\xe0X\x7f\x9b\x1b\xd9\x22\xc9\xeb%\x8c\xfdi\xe6\
\xdeh2}\x22\xcd\x8d\xb3=FS.Lg\x18\xc8\
&h,\x19<8\xd2\xe1jq\x9c\xa7\xbd2\xb5\xfd\
\x93\xec]\x5c\xa1{p\x84b\xd3b\xafY\xe1\x85\x99\
&\xf3\xad\xf0\x9a'\xe6Wym\xcdg\xe8\xde)\xbe\
\x98\xac\xf1\xe6l\x93e7\xcd\x97\x1f\xcf\xb2ri\x9d\
+\x0d\x18\xbew\x8a/\x8c$x\xb8\xd0f.t\x5c\
\xd6\x99\xb3\xb3<3\x10R\xcb\x8e4\xa9\x88w\x07\x9c\
?S!\xbf;|.\xee\xce$\xe9\xab\x84\x8d\x9f\xcf\
\xf3\x97\x1b,\xaeu\xe9\x0d\x0d\xf1\x8d\xfdp\xeaF\x8d\
\x9bu8zb\x8c\xf1\x855\xdeXs1\x87\x86\xf8\
\xed}.\xdf;\xd7\xa0\x13\xf6\xbd\xfdIv\xed\xb5\xb9\
\xb9\x1d\xeb\xea\x13\xb4\x1d\xb0vc\x89k\x03\x05\x82\x90\
u\xf5\xd0`\x8c\x1d\xf1&\xb7\xb7\xb0G\x94g\xa2m\
\x07\xf4\x1a\xedH\xeb*Z/\xf1y\xfer\x0bod\
\x90\xfb\xc2\xfa\xe2x\xec\xae\xbc;`\xdb\xfa\xe2J\x95\
\xb9\x8f\xf1\xfa\x80-\xd9\x0e\xc8\xf7\xa7\x88U\x9a\xac\xba\
\x80\x15c\xaa\x08\x0b\xab=zX\x8c\x0c\xd9\xd4\x96;\
4\x00#\x16gG\xda\xa7b\xc5\x89\xd7:P\x8c\xd3\
^\xe9\x91\x1b\x8dQ]\xf6\xc8$\x03\xdcd\x82#\xf7\
M\xf1+;Lz\x9eA\x02\x8f\xb6i\x13w]\xdc\
\x98\x8d\xdd\xf3\xf0m\x03\x1f\x8f\xf3\x1f\xe19\x013\xd9\
\x0c\xc3\xf8\x04q\x83n\x0b\x12\x09ht!\x1b\x87z\
\x0f\x1c\x80\xb5\x05\xfe\xd9\xf3\x0d\x1c\xbfG\x90\xb3\xa9\xac\
z\x0c\x14a\xaej\xb23\xe7s\xb3i\xd1\x87\x8f\x93\
\x82\xbaoC\x84\x9ac\x99$#~\x9b\xd9\xe6\xc6\xbd\
\xa1\x83Cq\xba+m*\x01d\xfbR$kM\x96\
{w\x8ec\x12\xbb\xe9SLy\xdch\xc5\x98\x8eu\
\x99\x0b\x1c&\x8c\x0eKf\x0c\xbbk\xb0\xef\xd0\x18_\
=\x92\xc6v\x03\x1c;\xa0\xea\x9a\xe4L\x8f:\x16\x19\
<Z\xa6\x89\xe1Bi6\xfas\x02N\xb5\x92\xecw\
6\x1eyiu]HXx-\x9fx\xca\xdcx\xf4\
\xac\x1d\x10\x18u\xfe\xe8\x8fg\x99\xed\xb3\xa8\xb7m\xfa\
\x836\xab\xb1$\xb9f\x93V.M\xb2\xd6\xc2KZ\
t\x89\x915|\x82vx\xcdF\xdca:\xed1S\
v\x09\x80t!E\xae\xd5d\xa1\x03v:\xc9\xb8\xd1\
\xe1f}c; \x96I2\x1c6.\x99\x0cO?\
;\xce\xa3\x89\xb0Z\xba,G|N\xc0\xa9[\x1b\xcf\
\x09\x08\x9b\x8b'\xbfs\x81o\xb5\x13\xa1\xe3\xd7g\xbb\
\xb4\x1d\x93\xd2r\x87\x16`$\x13\xec\x8cu\xb9Q\xf5\
\x09bq\xa6\xb3>\xb7J.>6cC\x16\xe5\xd0\
\xefm\xdf\xba\xfaD='\xe0Z\x9d\xd4X2t]\
\xad\xbdw\x95\xff\xee\x02\x0cna\x8f\x88|\xc6u\x8b\
{\xc9\xe0H\x91\xdf\xf8\xd4\x00ca}\xb1\xd1\x81\xbb\
\xf09\x01\xdb\xd5\x17?n[\xf2\xd8\xe0b\x7f\x8a\xc1\
\xcdG\x99\x1aV\x9c]\x83qb\x1b\x7f`t8A\
\xf6\xce\x01\xb7\xe3\x8c\xe5,\xb2\xc5$}\xb6I\x7f\xbf\
C\xc6\xb0\x19\x19r\xc8\xda1\x8626\xfd\x03\x0e\xc5\
t\xc0\x8d\x996\xddZ\x85S5\x0bw\xb1\xc4\xb5\xc0\
f}f\x8d\xab>\xcc.tX\x9f/q9\xea\x9b\
\xf2\x0c\x8bL\xa3\xca\xb9\xb6\xcf\xd5KM\xdcD\x97S\
7\xbadi\xf2\xc2\x8d.\x89V\x83k\xcd\x0eo^\
i\xe2\xa6\x12\x8c$-\x06\xfb\xe3\xa4\xac\x18\x13\xc5\x18\
\xb1\xb8\xc3t_\x0c'\xe90\x98\xd8\xf8g\xfd\x11k\
v\xb2)\xa6\xef$^\xc3bx8I\xde\xd88\x05\
\x94\xefK1\x1c\xff\xe0\xea\xe4L!A\xc1\x893U\
\xb01\x13\x0e\x93\x19\x13'\x9dd*c\x92\xc99d\
\x93\x09&\xb2qZsUV\xdd6\xaf\xccz\x14;\
5^-\x9b8\xe5u^)\x9bt\x16\x1a\xac7k\
\xbc\xbc\x1a\xf5\xe1\xd3\x06i\xbb\xcd\xe9%\x9f\xfal\x89\
Y\xd3\xe4\xf6\xe5\x1a\xad\xac\xcf\xb9wj4c\x1d.\
\x95\x5cf.\xae3\x17X\x0c\x16\xe3d\xd2\x09\xc6S\
\x06\xa9\x5c\x82A\xc7$_L2\xe4X\xf4\xe7m\xb2\
\xb9\x04c\xc5\x885\xc7\x1d\xf6\xf4\xd9\x9b\xe9\xdd S\
L3\xbe\xf9s\xc3\xce$\xd9\x995\xdeO\xf6v\xc4\
q)\xc4\x22\xd4r\xa9\x11\xf9!-\xb1\x04\x91\xe6\xe2\
\xbbU\x22\x8c\x9f\xc3d6\xce\xf8\xb0C\xfa\xce\x99\xfd\
T\x92=\xf9\x8d\x16g\xd8\x0e{\x066\x7f\x81\x1bV\
\xb4\xefm\xe7\xba\xfa\x041bv\xa4u\xf5\xd2|\x0f\
k\x8b{DT[\xdbK\x1c&\xb21r\x11\xfa\xe2\
\xa9\xb9\x1e\xc1\xdd7#\xb6\xaf/\xfe<n\x07\xac\xaf\
5Y\x0d6N{\xad_\xadpv\xa5Gv\xdf\x04\
\x9fu\xd6\xf9\xe1\xb56\xf5\xcd\xed\x80\x13;\xe0B#\
\xcf\xb1V\x05\xfb\x8112\x97\x9b\x1c\xfal\x81\x85W\
\xda<\xf0T\x8aj/E\xe1\xf6\x0a'\x97L\x8e\x1c\
0yo%\xc9\xc1\xe6\x22\xaf8\xfd\x14\xaf\xcf1;\
1D\xe6\xf2\x0a\xad<\xccZy&\x83\x88\xa7-K\
\xab\xfc\xd9Z\x86\x03\xeb\x15\xdc\x9d1N\x9flsp\
g\x8f\xbf8o\xf1\xb9\xa96\x7f5\x1fc\xb8\xd6e\
rw\x8e\xdd^\x95\xebC\xfd\xc4\xaf\xf7x\xfc\xc9\x14\
\xe7f\x1c~\xf3h\xc0\xdf\xcc\xa6\xf8\xad]\x1e\xab}\
I\xe6\xdf[\xe7\xeaj\x84\x9a\x9f\xce\xb1tv\x8ds\
\x8d\xcdS@\xab\xeb\xbc}\xbbMm\xf3\x14\xd0k\x17\
\xaa,\xf66N\x01\x1d\xee/\xb2\xafQ\xa7\xb0\xcf\xe1\
l)\xcb\xef\xedl\xf3\xbc9\xcc\xaf\xa7\xcb\xbc\x94\x18\
\xe3\xd3~\x87\x91\x09\x8f\xef\x9e\xad\x92\xde\xd3Gg\xa6\
\xcb\xa1\xc1\x16\x7f2\x9b\xe0IV\xf9v\xa7\xc8\xe3\xbd\
\x15N\xc6\x13\xac\xaf\xd8\x1c\xcf\x05\x91\xb7\x03\xfe\xfa\x0d\
\x97C\xf9\x06\xef%\x0b\xd8\xe7\x97i\xefKq\xe5\x85\
*\x13\x8f&y\xefd\x9b\x01\xa7C{2\xc3p!\
A}\x1e\x8e\x8f\xb4\xb8\x98\x9f\xe4\x19w\x8d\xca\x81)\
\xf6\xce-\xd1>4J\xa1n\xb1\xd7,\xf3\xdc\xb5\x06\
7#\xd4<1\xb7\xc2\x8b\xcb\xde\xfb\xdb\x01\xaf\xdfl\
0\xdf\xdb\xd8\x0eX\xbeP\xe2|ms;`4\xc1\
\xa3\x85\x16\xb7\x86\xc3\xc6\xa5\xcc\xc5n\x8a'\x0b\xe1\xb5\
\xe4\x9ch\xdb\x01\xef\xbe\xbeJl:|.\xee\xcd\xa5\
\x19X\x0f\x1f\xbf\xef_\xa83\xbb\xdc\xf9\xe04\xff\xf5\
*W\xab\x9b\xa7\xf9\xe7Wye\xd9\xc5\xd8\xdc\x0e\xf8\
\xebw\xea\xb4\xc3\xbe\xb7?\xc5\xde\x036\xd7\xb6c]\
}\x92\x1e\x16te\x8e3\xf9<\xed\x90u\xf5\xd0\x90\
\xc3\xaex\x83\x9b\xc3[\xd7#\xa2n\x07t\xeb-n\
ma/\xf9\xfe\xb9*\xab\x85~\x0e\x85\xf5\xc5\x898\
\x89\xbbp;`\xdb\xfa\xe2\xcf\xe3v\xc0\xfb\x89\xc22\
\xf0\xbd\xe0\x83\x0b\xb9\x08\xf0\x82\xbf\xe3\xb3\x9f\xfc\xdb\x8b\
\xa7\xbep\x0f_\x9f6\xf1|\x838>]\xd3\xc4\xf6\
|<\xcb\xc4\xf2|\x02\xcb\xc0\x0f\x5cN_\xf1x(\
\xca[\x04\x17*,\xf7\xe7\x18\xc2\x07\xdb\xc0\xedA\xcc\
\x86\x8e\x07I\x1bZ\x1e\xc4\x01\x7fi\x8e\x7f\xfa\xcd\x15\
J\x1f\xe1\x88D\xad\xd94\x0d\xf0\x83\xcd;\xbd\x0d,\
3\xc0\xf3?\xb8\x88\xe7\x83\xcf~r:\x9dx`/\
\xff\xfc\x914\xb6\x17`[\x01-\xcf$i\xfa\xb41\
I\xe0\xd35\x0c\x0c\x1f\x96\xafV\xc8Dz\x8b`\x8d\
\xb3~\x9a{\x9d\x80\x1e\x9b\xc7\xd76\xf1\xbb>\xb6c\
\xe2v7\x1f\x8f\x19T\xf8\x97\x7fp\x83\x93\x1f\xe1\xe5\
;Qk6L\x033\xf8\xd0q3\x0d|\x7f\xe3\xb8\
\xfd\xf8g?y0\xf2|\xe3k;y\x22\xb4\x96\x16\
3f:\xd2v\xc0\x99\x05\x93{G\xc2\xe7\xe2\x8b\xdf\
>\xc7\x1f\xdd\xfe\x08\x13\xc70\xb0\x8d\x00\xd7\xbfs\xdd\
\xd8\xc6\xf1\x08~\xfc\xb3\xa8\xdf\xdb\x86u\xf5\x89\xda\x0e\
\x98i18\x99\x0c]WKo_\xe2\xf7_o\xf1\
\x11\x96\xc1\x16\xf5\xc5\x8f\xbe\xaeB\xff^c\xe3\xfc\x8b\
/\x0f1\x12\xd6\x17\xd7\x9b\xb4\x06\xee\xb6\xed\x80\xed\xef\
\x8b?\x97!\xe0c?ac\x99\xc4MB\xd3_\xe0\
\x07t\xbc\xbb\xec\x84\x96a\xe0\xd8F\xf8\xb1!\xa0\xd7\
\xfbx'\xdd\xcf\xc2\xa9\xbeX\xcc\x88tu\xb6\xeb\xfa\
\xb8w\xdb\xd4\x89\xb8\xae0\x0c\x82 \x08\x9fc\x1b\x17\
CG\x98\x8bwF'\x5c\x10\xf0\xc1\x95\xf7?q\xa4\
\x89\xf4\x1fX\xdf\xf3\xe9\xde]\x8b\xe0\xa7\xd0K\xb6~\
\xfc\x22\xff;\xb7|.\xde=}\xd1\xfey\xfe\xcb\x07\
\x9eO\xc7\xd3\x1a\xfd\xfbf{\xa7\x17\xe88\xfc=K\
\xbc\xd7\x0b\xee\xd2W\xa4j]\x89z\x89|\xe8\xcc\x84\
\x0e\x81\x88\x88\x88B@d?\x0b[\x01\x22\x22\x22\xa2\
3\x01\x22\x22\x22\xa2\x10 \x22\x22\x22\x0a\x01\x22\x22\x22\
\xa2\x10 \x22\x22\x22\x0a\x01\x22\x22\x22\xa2\x10 \x22\x22\
\xa2\x10 \x22\x22\x22\x0a\x01\x22\x22\x22\xa2\x10 \x22\x22\
\x22\x0a\x01\x22\x22\x22\xa2\x10 \x22\x22\x22\x0a\x01\x22\x22\
\x22\xa2\x10 \x22\x22\x22\x0a\x01\x22\x22\x22\xa2\x10 \x22\
\x22\x22\x0a\x01\x22\x22\x22\xa2\x10 \x22\x22\x22\x0a\x01\x22\
\x22\x22\xa2\x10 \x22\x22\x22\x0a\x01\x22\x22\x22\xa2\x10 \
\x22\x22\x22\x0a\x01\x22\x22\x22\xa2\x10 \x22\x22\x22\x0a\x01\
\x22\x22\x22\xa2\x10 \x22\x22\x22\x0a\x01\x22\x22\x22\xa2\x10\
 \x22\x22\x22\x0a\x01\x22\x22\x22\xa2\x10 \x22\x22\x22\x0a\
\x01\x22\x22\x22\x0a\x01\x22\x22\x22\xa2\x10 \x22\x22\x22\x0a\
\x01\x22\x22\x22\xa2\x10 \x22\x22\x22\x0a\x01\x22\x22\x22\xa2\
\x10 \x22\x22\x22\x0a\x01\x22\x22\x22\xa2\x10 \x22\x22\x22\
\x0a\x01\x22\x22\x22\xa2\x10 \x22\x22\x22\x0a\x01\x22\x22\x22\
\xa2\x10 \x22\x22\x22\x0a\x01\x22\x22\x22\xa2\x10 \x22\x22\
\x22\x0a\x01\x22\x22\x22\xa2\x10 \x22\x22\x22\x0a\x01\x22\x22\
\x22\xa2\x10 \x22\x22\x22\x0a\x01\x22\x22\x22\xa2\x10 \x22\
\x22\x22\x0a\x01\x22\x22\x22\xa2\x10 \x22\x22\x22\x0a\x01\x22\
\x22\x22\x0a\x01\x22\x22\x22\xa2\x10 \x22\x22\x22\x0a\x01\x22\
\x22\x22\xa2\x10 \x22\x22\x22\x0a\x01\x22\x22\x22\xa2\x10 \
\x22\x22\x22\x0a\x01\x22\x22\x22\xa2\x10 \x22\x22\x22\x0a\x01\
\x22\x22\x22\xa2\x10 \x22\x22\x22\x0a\x01\x22\x22\x22\xa2\x10\
 \x22\x22\x22\x0a\x01\x22\x22\x22\xa2\x10 \x22\x22\x22\x0a\
\x01\x22\x22\x22\xa2\x10 \x22\x22\x22\x0a\x01\x22\x22\x22\xa2\
\x10 \x22\x22\x22\x0a\x01\x22\x22\x22\xa2\x10 \x22\x22\x22\
\x0a\x01\x22\x22\x22\xa2\x10 \x22\x22\x22\x0a\x01\x22\x22\x22\
\xa2\x10 \x22\x22\xa2\x10 \x22\x22\x22\x0a\x01\x22\x22\x22\
\xa2\x10 \x22\x22\x22\x0a\x01\x22\x22\x22\xa2\x10 \x22\x22\
\x22\x0a\x01\x22\x22\x22\xa2\x10 \x22\x22\x22\x0a\x01\x22\x22\
\x22\xa2\x10 \x22\x22\x22\x0a\x01\x22\x22\x22\xa2\x10 \x22\
\x22\x22\x0a\x01\x22\x22\x22\xa2\x10 \x22\x22\x22\x0a\x01\x22\
\x22\x22\xa2\x10 \x22\x22\x22\x0a\x01\x22\x22\x22\xa2\x10 \
\x22\x22\x22\x0a\x01\x22\x22\x22\xa2\x10 \x22\x22\x22\x0a\x01\
\x22\x22\x22\xa2\x10 \x22\x22\x22\x0a\x01\x22\x22\x22\xa2\x10\
 \x22\x22\xa2\x10 \x22\x22\x22\x0a\x01\x22\x22\x22\xa2\x10\
 \x22\x22\x22\x0a\x01\x22\x22\x22\xa2\x10 \x22\x22\x22\x0a\
\x01\x22\x22\x22\xa2\x10 \x22\x22\x22\x0a\x01\x22\x22\x22\xa2\
\x10 \x22\x22\x22\x0a\x01\x22\x22\x22\xa2\x10 \x22\x22\x22\
\x0a\x01\x22\x22\x22\xa2\x10 \x22\x22\x22\x0a\x01\x22\x22\x22\
\xa2\x10 \x22\x22\x22\x0a\x01\x22\x22\x22\xa2\x10 \x22\x22\
\x22\x0a\x01\x22\x22\x22\xa2\x10 \x22\x22\x22\x0a\x01\x22\x22\
\x22\xa2\x10 \x22\x22\x22\x0a\x01\x22\x22\x22\xa2\x10 \x22\
\x22\xa2\x10\xa0C \x22\x22\xa2\x10 \x22\x22\x22\x0a\x01\
\x22\x22\x22\xa2\x10 \x22\x22\x22\x0a\x01\x22\x22\x22\xa2\x10\
 \x22\x22\x22\x0a\x01\x22\x22\x22\xa2\x10 \x22\x22\x22\x0a\
\x01\x22\x22\x22\xa2\x10 \x22\x22\x22\x0a\x01\x22\x22\x22\xa2\
\x10 \x22\x22\x22\x0a\x01\x22\x22\x22\xa2\x10 \x22\x22\x22\
\x0a\x01\x22\x22\x22\xa2\x10 \x22\x22\x22\x0a\x01\x22\x22\x22\
\xa2\x10 \x22\x22\x22\x0a\x01\x22\x22\x22\xa2\x10 \x22\x22\
\x22\x0a\x01\x22\x22\x22\xa2\x10 \x22\x22\x22\x0a\x01\x22\x22\
\x22\xa2\x10 \x22\x22\xa2\x10 \x22\x22\x22\x0a\x01\x22\x22\
\x22\xa2\x10 \x22\x22\x22\x0a\x01\x22\x22\x22\xa2\x10 \x22\
\x22\x22\x0a\x01\x22\x22\x22\xa2\x10 \x22\x22\x22\x0a\x01\x22\
\x22\x22\xa2\x10 \x22\x22\x22\x0a\x01\x22\x22\x22\xa2\x10 \
\x22\x22\x22\x0a\x01\x22\x22\x22\xa2\x10 \x22\x22\x22\x0a\x01\
\x22\x22\x22\xa2\x10 \x22\x22\x22\x0a\x01\x22\x22\x22\xa2\x10\
 \x22\x22\x22\x0a\x01\x22\x22\x22\xa2\x10 \x22\x22\x22\x0a\
\x01\x22\x22\x22\xa2\x10 \x22\x22\x22\x0a\x01\x22\x22\x22\xf2\
\xbe\xff\x0f]\x14\x9f\xab\x0d\xd9\xca\xf7\x00\x00\x00\x00I\
END\xaeB`\x82\
"

qt_resource_name = b"\
\x00\x04\
\x00\x075\xdf\
\x00l\
\x00o\x00g\x00o\
\x00\x05\
\x00l\xfb\x81\
\x00e\
\x00x\x00t\x00r\x00a\
\x00\x0c\
\x00\x11\xfb\xc7\
\x00M\
\x00C\x00G\x00_\x00l\x00o\x00g\x00o\x00.\x00p\x00n\x00g\
"

qt_resource_struct = b"\
\x00\x00\x00\x00\x00\x02\x00\x00\x00\x01\x00\x00\x00\x01\
\x00\x00\x00\x00\x00\x00\x00\x00\
\x00\x00\x00\x00\x00\x02\x00\x00\x00\x01\x00\x00\x00\x02\
\x00\x00\x00\x00\x00\x00\x00\x00\
\x00\x00\x00\x0e\x00\x02\x00\x00\x00\x01\x00\x00\x00\x03\
\x00\x00\x00\x00\x00\x00\x00\x00\
\x00\x00\x00\x1e\x00\x00\x00\x00\x00\x01\x00\x00\x00\x00\
\x00\x00\x01\x96\x8b]\xe8<\
"

def qInitResources():
    QtCore.qRegisterResourceData(0x03, qt_resource_struct, qt_resource_name, qt_resource_data)

def qCleanupResources():
    QtCore.qUnregisterResourceData(0x03, qt_resource_struct, qt_resource_name, qt_resource_data)

qInitResources()
